index,audio,ref_audio,text,duration_sec,status,split,reason
0,./audio/0.wav,./audio/ref_voice/alienkevin.wav,你知唔知今日嘅temperature會落到低至10度，一定要著厚d嘅clothes啊！,8.1067,kept,train,"8.11s in [5.0, 30.0]"
1,./audio/1.wav,./audio/ref_voice/alienkevin.wav,我check咗天氣app，佢話今日會有thunderstorm，最好唔好去戶外行嘅。,8.704,kept,eval,"8.70s in [5.0, 30.0]"
2,./audio/2.wav,./audio/ref_voice/alienkevin.wav,飛機已經被grounded喇，因為typhoon signal已經升到No.8嚟啦。,6.807,kept,train,"6.81s in [5.0, 30.0]"
3,./audio/3.wav,./audio/ref_voice/alienkevin.wav,周圍都有well-developed霧，嚴重limit我哋嘅visibility，開車嘅時候要小心啲！,7.7867,kept,train,"7.79s in [5.0, 30.0]"
4,./audio/4.wav,./audio/ref_voice/alienkevin.wav,Forecast話晚上嘅weather會變得好cold，會降到freezing point，甚至可能會有snow喎。,8.5974,kept,eval,"8.60s in [5.0, 30.0]"
5,./audio/5.wav,./audio/ref_voice/alienkevin.wav,感覺到今晚嘅breeze都好舒服，temperature剛剛好，真係一個perfect night去郊遊。,7.5094,kept,train,"7.51s in [5.0, 30.0]"
6,./audio/6.wav,./audio/ref_voice/alienkevin.wav,"你有冇見過咁震撼嘅sunset? 天氣真係好perfect，可以坐下嚟慢慢欣賞。"" ",7.4667,kept,train,"7.47s in [5.0, 30.0]"
7,./audio/7.wav,./audio/ref_voice/alienkevin.wav,睇嚟weekend嘅weather會比較unstable，可能會有rain shower，最好做好準備。,7.5307,kept,train,"7.53s in [5.0, 30.0]"
8,./audio/8.wav,./audio/ref_voice/alienkevin.wav,地鐵公告話因為暴雨嚟襲，好多routes都被flooded，需要改行其他routes返屋企。,8.576,kept,train,"8.58s in [5.0, 30.0]"
9,./audio/9.wav,./audio/ref_voice/alienkevin.wav,咁嘅Humidity真係令人好難受，幸好有air conditioning可以調節。,7.1894,kept,train,"7.19s in [5.0, 30.0]"
10,./audio/10.wav,./audio/ref_voice/alienkevin.wav,我個人好like去金鐘嘅food court，因為嗰度嘅選擇好wide，應有盡有。,7.851,kept,train,"7.85s in [5.0, 30.0]"
11,./audio/11.wav,./audio/ref_voice/alienkevin.wav,台灣嘅bubble tea真係太addictive，任何時間我都有mood去飲。,6.7414,kept,train,"6.74s in [5.0, 30.0]"
12,./audio/12.wav,./audio/ref_voice/alienkevin.wav,我對港式嘅dim sum好有passion，特別係燒賣和鳳爪，簡直係heavenly good!,7.5947,kept,train,"7.59s in [5.0, 30.0]"
13,./audio/13.wav,./audio/ref_voice/alienkevin.wav,如果你想去食最authentic嘅港式燒臘，我會推薦你去中環嗰間燒鵝店，太best了!,8.896,kept,eval,"8.90s in [5.0, 30.0]"
14,./audio/14.wav,./audio/ref_voice/alienkevin.wav,每次去旺角，我都會去嗰間甜品店，佢地嘅芝麻糊同腐竹滑得like silky smooth一樣，令我忍唔住要多食幾碗。,11.52,kept,train,"11.52s in [5.0, 30.0]"
15,./audio/15.wav,./audio/ref_voice/alienkevin.wav,"喺黃埔嗰間日本餐廳嘅sushi, sashimi都新鮮之餘，presentation都好on point，好worth it!",8.4907,kept,train,"8.49s in [5.0, 30.0]"
16,./audio/16.wav,./audio/ref_voice/alienkevin.wav,"我個人好enjoy嚟自美國嘅fast food culture，對我嚟講，大快朵頤一頓漢堡加薯條係牛冚匸象嘅simple pleasure。"" ",8.704,kept,train,"8.70s in [5.0, 30.0]"
17,./audio/17.wav,./audio/ref_voice/alienkevin.wav,"我個兄弟好鍾意去添馬公園果度嘅餃子店,佢話果度啲餃子juicy滿分，讚唔絕口。"" ",8.064,kept,eval,"8.06s in [5.0, 30.0]"
18,./audio/18.wav,./audio/ref_voice/alienkevin.wav,打邊爐就係我冬天嘅favourite comfort food，我鍾意邊食邊同friend嗑嗑牙，攞嚟驅寒實在冇得頂。,10.24,kept,train,"10.24s in [5.0, 30.0]"
19,./audio/19.wav,./audio/ref_voice/alienkevin.wav,意大利麵係我anytime嘅go-to meal，不論係carbonara定係bolognese我都鍾意，都好easy & quick！,10.6667,kept,train,"10.67s in [5.0, 30.0]"
20,./audio/20.wav,./audio/ref_voice/alienkevin.wav,真想好快可以plan一個trip，去新嘅destination，嘆吓新鮮air，好enjoyable呀！,9.088,kept,train,"9.09s in [5.0, 30.0]"
21,./audio/21.wav,./audio/ref_voice/alienkevin.wav,每次行過airport嘅duty free shop我就会feel excited，一覺去咗另一個world。,7.168,kept,train,"7.17s in [5.0, 30.0]"
22,./audio/22.wav,./audio/ref_voice/alienkevin.wav,如果去Japan，我一定會想去disneyland，淨係想諗都好happy！,7.7867,kept,train,"7.79s in [5.0, 30.0]"
23,./audio/23.wav,./audio/ref_voice/alienkevin.wav,"希望下次可以去Africa做一個safari tour, 去見下wildlife，好adventurous!",7.68,kept,train,"7.68s in [5.0, 30.0]"
24,./audio/24.wav,./audio/ref_voice/alienkevin.wav,我好鐘意去historical city，睇吓嗰啲historic buildings，學下嗰度嘅history.,7.8294,kept,train,"7.83s in [5.0, 30.0]"
25,./audio/25.wav,./audio/ref_voice/alienkevin.wav,下一個dream destination係New York，我想去times square countdown，感覺好fantastic嘅！,8.768,kept,train,"8.77s in [5.0, 30.0]"
26,./audio/26.wav,./audio/ref_voice/alienkevin.wav,夏天既時候去Australia就最好，去beach玩水好cool，又可以BBQ，好爽啊！,9.408,kept,eval,"9.41s in [5.0, 30.0]"
27,./audio/27.wav,./audio/ref_voice/alienkevin.wav,下次travel我想去themed hotel入住，話晒每次出行都想試人哋experience嘅新嘅喇！,10.5814,kept,train,"10.58s in [5.0, 30.0]"
28,./audio/28.wav,./audio/ref_voice/alienkevin.wav,"我想去名菜館嘗試吓佢哋嘅signature dishes，食到我心滿意足，好comforting 啊！"" ",8.256,kept,train,"8.26s in [5.0, 30.0]"
29,./audio/29.wav,./audio/ref_voice/alienkevin.wav,一定要試下去tropical island snorkeling，見下靚嘅coral reef 同 colourful fish，感覺好relaxing！,11.4774,kept,eval,"11.48s in [5.0, 30.0]"
30,./audio/30.wav,./audio/ref_voice/alienkevin.wav,我好享受去shopping mall玩嘅時候，好多品牌我都可以選，仲可以試新出嘅trendy clothes。,8.0214,kept,train,"8.02s in [5.0, 30.0]"
31,./audio/31.wav,./audio/ref_voice/alienkevin.wav,我個weekend去睇咗'The Avengers'嘅movie，電影咁intense，真係我今年睇過最好嘅show。,9.0667,kept,train,"9.07s in [5.0, 30.0]"
32,./audio/32.wav,./audio/ref_voice/alienkevin.wav,我對fitness有好大嘅passion，每次去gym都好happy，感覺自己越來越fit。,7.552,kept,train,"7.55s in [5.0, 30.0]"
33,./audio/33.wav,./audio/ref_voice/alienkevin.wav,我鍾意用我部smartphone玩mobile games，個graphic好sharp，我最鍾意'PUBG'。,7.2107,kept,train,"7.21s in [5.0, 30.0]"
34,./audio/34.wav,./audio/ref_voice/alienkevin.wav,我最近開始追韓劇'Crash Landing On You'，個plot好intriguing，每集都令我excited。,8.1067,kept,train,"8.11s in [5.0, 30.0]"
35,./audio/35.wav,./audio/ref_voice/alienkevin.wav,我love唱K，每次都唱pop songs，我朋友話我嘅vocal skills唔錯。,6.8907,kept,train,"6.89s in [5.0, 30.0]"
36,./audio/36.wav,./audio/ref_voice/alienkevin.wav,我喺Instagram嘅influencer都影響咗我嘅lifestyle，佢地post嘅photos都好inspiring。,8.0214,kept,train,"8.02s in [5.0, 30.0]"
37,./audio/37.wav,./audio/ref_voice/alienkevin.wav,我同我朋友去咗一間新開嘅bar，嗰度cocktails好優質，係一個chill嘅地方。,7.1467,kept,train,"7.15s in [5.0, 30.0]"
38,./audio/38.wav,./audio/ref_voice/alienkevin.wav,每次跑完marathon後，我都feel到全身筋骨舒暢，真係好rewarding！,6.5494,kept,train,"6.55s in [5.0, 30.0]"
39,./audio/39.wav,./audio/ref_voice/alienkevin.wav,我哋每個禮拜都會做一次yoga，對於relieve壓力同提高concentration好有幫助呢。,8.3414,kept,train,"8.34s in [5.0, 30.0]"
40,./audio/40.wav,./audio/ref_voice/alienkevin.wav,我哋嘅basketball team今次比賽表現得好good，大家都play得好努力，我好感動呀！,7.04,kept,train,"7.04s in [5.0, 30.0]"
41,./audio/41.wav,./audio/ref_voice/alienkevin.wav,呢個weekend，我哋有釣魚plan，雖然我唔係好擅長，但都well prepared，期待有一個fun and relaxing day。,8.448,kept,train,"8.45s in [5.0, 30.0]"
42,./audio/42.wav,./audio/ref_voice/alienkevin.wav,我平時prefer做gym好過outdoor activities，可以專注咁train肌肉，又可以avoid曬太陽呢。,8.8747,kept,train,"8.87s in [5.0, 30.0]"
43,./audio/43.wav,./audio/ref_voice/alienkevin.wav,我對於呢個football season好excited，好期待我最鐘意嘅隊伍有出色嘅表現喎。,7.04,kept,train,"7.04s in [5.0, 30.0]"
44,./audio/44.wav,./audio/ref_voice/alienkevin.wav,即使我唔係一個professional swimmer，但每次我游泳都feel到好refreshed，享受到water嘅cool感覺。,8.5547,kept,train,"8.55s in [5.0, 30.0]"
45,./audio/45.wav,./audio/ref_voice/alienkevin.wav,"我鐘意去hike, 喺山上面可以enjoy到nature，同時都可以達到keep fit嘅效果。",7.0614,kept,train,"7.06s in [5.0, 30.0]"
46,./audio/46.wav,./audio/ref_voice/alienkevin.wav,做yoga嘅時候我們會play一啲輕柔嘅音樂，可以幫助我們relax同集中精神。,8.9387,kept,train,"8.94s in [5.0, 30.0]"
47,./audio/47.wav,./audio/ref_voice/alienkevin.wav,跑障礙賽(course)係一種挑戰自己嘅運動，過程雖然tough，但真係好有fun呀。,7.7014,kept,train,"7.70s in [5.0, 30.0]"
48,./audio/48.wav,./audio/ref_voice/alienkevin.wav,我見到報導話佢哋準備implement新嘅rent control policy，我覺得咁樣好保護住住客，但都怕有negative side effects喺房…,13.76,kept,train,"13.76s in [5.0, 30.0]"
49,./audio/49.wav,./audio/ref_voice/alienkevin.wav,一直以嚟，我哋嘅教育system有好多疑問，最近嘅DSE reform plan可以解決部分問題，但又有啲人質疑呢個改變會唔會太rushed?,11.7547,kept,train,"11.75s in [5.0, 30.0]"
50,./audio/50.wav,./audio/ref_voice/alienkevin.wav,嗰日我聽到政府落嘅新減排target，我認為呢個step forward真係好crucial，對抗climate change我哋需要全部人齊心協力。,12.9494,kept,train,"12.95s in [5.0, 30.0]"
51,./audio/51.wav,./audio/ref_voice/alienkevin.wav,我見到新聞嘅headline話廣告牌嘅管理問題，我覺得呢個problem要迅速咁解決，避免任何potential hazards。,9.8987,kept,train,"9.90s in [5.0, 30.0]"
52,./audio/52.wav,./audio/ref_voice/alienkevin.wav,近排有一本新書出咗黎，講緊香港國家安全法嘅legal effects，我準備去買本黎看下，掌握最新嘅knowledge。,10.1334,kept,train,"10.13s in [5.0, 30.0]"
53,./audio/53.wav,./audio/ref_voice/alienkevin.wav,聽落新一輪既公屋allocations有啲problem，我覺得呢個唔係個長期solution，政府要有sustainable嘅住房policy。,10.4534,kept,eval,"10.45s in [5.0, 30.0]"
54,./audio/54.wav,./audio/ref_voice/alienkevin.wav,我記得剛才聽新聞話，佢哋提出新建商業district嘅proposal，我覺得呢個可行，可以boost本地經濟。,9.92,kept,train,"9.92s in [5.0, 30.0]"
55,./audio/55.wav,./audio/ref_voice/alienkevin.wav,見到佢哋議論低工資工人嘅minimum wage，我認為政府需要balance企業嘅需要同保護labour rights嘅重要性。,11.52,kept,train,"11.52s in [5.0, 30.0]"
56,./audio/56.wav,./audio/ref_voice/alienkevin.wav,我鐘意喺weekend去designer boutique睇新款clothes，可以keep up with fashion trends，好有fun。,9.408,kept,train,"9.41s in [5.0, 30.0]"
57,./audio/57.wav,./audio/ref_voice/alienkevin.wav,我喺家中browse online stores，好方便，我可以輕鬆買到我鐘意嘅make-up product。,7.275,kept,train,"7.27s in [5.0, 30.0]"
58,./audio/58.wav,./audio/ref_voice/alienkevin.wav,我喺holiday鐘意去outlet購物，可以買到打折嘅branded goods，價格吓人，甚至可以買到half price，又可以save money。,9.984,kept,eval,"9.98s in [5.0, 30.0]"
59,./audio/59.wav,./audio/ref_voice/alienkevin.wav,我喺free time去bookstore，可以一邊enjoy browsing好多books，一邊可以喺café飲杯coffee，真係relax。,9.003,kept,train,"9.00s in [5.0, 30.0]"
60,./audio/60.wav,./audio/ref_voice/alienkevin.wav,我喺weekend去supermarket shopping，可以prepare whole week嘅meal，好organised同埋good for he…,6.9547,kept,train,"6.95s in [5.0, 30.0]"
61,./audio/61.wav,./audio/ref_voice/alienkevin.wav,我每個月都會去health & beauty store買個skin care product，想keep my skin healthy 同glowing，真…,8.96,kept,train,"8.96s in [5.0, 30.0]"
62,./audio/62.wav,./audio/ref_voice/alienkevin.wav,我鐘意去electronics store，可以keep up with最新嘅gadgets，又可以enhance my lifestyle，好interest…,8.2774,kept,train,"8.28s in [5.0, 30.0]"
63,./audio/63.wav,./audio/ref_voice/alienkevin.wav,我喺online shopping買home decor items，可以自己裝飾屋企，又可以show my personal style，真係creative…,10.839,kept,train,"10.84s in [5.0, 30.0]"
64,./audio/64.wav,./audio/ref_voice/alienkevin.wav,我喺online買sports equipment，因為我可以喺家中練習，又keep fit，真係好方便。,6.656,kept,eval,"6.66s in [5.0, 30.0]"
65,./audio/65.wav,./audio/ref_voice/alienkevin.wav,我經常喺flea market買vintage items，佢哋有special嘅charm同埋可以add到我個collection，真係好exciting。,8.0427,kept,train,"8.04s in [5.0, 30.0]"
66,./audio/66.wav,./audio/ref_voice/alienkevin.wav,我覺得網上course好helpful，可以喺自己嘅時間學習新嘅skills。,5.2907,kept,train,"5.29s in [5.0, 30.0]"
67,./audio/67.wav,./audio/ref_voice/alienkevin.wav,話說返黎，學習唔係只有喺school先得，life本身就係一個大學堂。,6.0587,kept,train,"6.06s in [5.0, 30.0]"
68,./audio/68.wav,./audio/ref_voice/alienkevin.wav,喺呢個digital era，學coding變得好重要，我唔想miss out呢個opportunity。,6.8907,kept,train,"6.89s in [5.0, 30.0]"
69,./audio/69.wav,./audio/ref_voice/alienkevin.wav,我鍾意閱讀，因為books可以帶我去到不同嘅world，學識新嘅思維方式。,6.8907,kept,train,"6.89s in [5.0, 30.0]"
70,./audio/70.wav,./audio/ref_voice/alienkevin.wav,學習一種新嘅language可以open up新嘅opportunities，我現在正在學西班牙文， 真係有趣。,9.1734,kept,train,"9.17s in [5.0, 30.0]"
71,./audio/71.wav,./audio/ref_voice/alienkevin.wav,呢個weekend我要去attend一個workshop，針對音樂製作，真係好期待。,5.6747,kept,train,"5.67s in [5.0, 30.0]"
72,./audio/72.wav,./audio/ref_voice/alienkevin.wav,我最近開始學習瑜伽，呢個practice令我感到好relaxed，同時亦係身心嘅exercise。,7.04,kept,train,"7.04s in [5.0, 30.0]"
73,./audio/73.wav,./audio/ref_voice/alienkevin.wav,我發覺每日take out一啲時間做自我review真係好critical喺學習嘅process。,7.6374,kept,train,"7.64s in [5.0, 30.0]"
74,./audio/74.wav,./audio/ref_voice/alienkevin.wav,學會咗新嘅skill，例如programming，為我嘅career開啓新嘅doors。,5.76,kept,train,"5.76s in [5.0, 30.0]"
75,./audio/75.wav,./audio/ref_voice/alienkevin.wav,學習係一個never-ending journey，我相信學無止境，喺呢個ever-changing世界要保持curiosity以學到新嘅知識。,9.7707,kept,train,"9.77s in [5.0, 30.0]"
76,./audio/76.wav,./audio/ref_voice/alienkevin.wav,我每日都需要check email，跟進咗我嘅工作，確保我嘅performance保持在一個好嘅level。,7.3387,kept,eval,"7.34s in [5.0, 30.0]"
77,./audio/77.wav,./audio/ref_voice/alienkevin.wav,當你喺一個project做緊lead嘅時候，你需要有一個clear vision，冇咗嗰個，就好難drive你嘅team向前發展。,9.0667,kept,train,"9.07s in [5.0, 30.0]"
78,./audio/78.wav,./audio/ref_voice/alienkevin.wav,"雖然sometimes deadline 係好tight, 但係我哋都唔可以cut corners，質量一定要保證。",7.168,kept,train,"7.17s in [5.0, 30.0]"
79,./audio/79.wav,./audio/ref_voice/alienkevin.wav,喺workplace裡面，respect同埋trust傾嘅係最重要，如果大家無呢啲，就好難cooperate effectively。,9.856,kept,eval,"9.86s in [5.0, 30.0]"
80,./audio/80.wav,./audio/ref_voice/alienkevin.wav,如果你喺工作中遇到了一個big challenge，你需要保持calm，然後develop一個有效嘅strategy嚟解決。,8.1707,kept,train,"8.17s in [5.0, 30.0]"
81,./audio/81.wav,./audio/ref_voice/alienkevin.wav,"喺一個新嘅job position，我哋需要有一個open mind，ready咗去學習新嘅skills同face新嘅挑戰。"" ",8.0214,kept,train,"8.02s in [5.0, 30.0]"
82,./audio/82.wav,./audio/ref_voice/alienkevin.wav,如果你覺得你嘅career stagnant咗，就要去找新嘅opportunities或者提升自己嘅技能，唔可以just settle down。,9.6,kept,train,"9.60s in [5.0, 30.0]"
83,./audio/83.wav,./audio/ref_voice/alienkevin.wav,我每天都set咗一個to-do list，咁樣我先可以manage我嘅時間，做到最efficient嘅工作。,7.0614,kept,train,"7.06s in [5.0, 30.0]"
84,./audio/84.wav,./audio/ref_voice/alienkevin.wav,我好贊同flexible working hours，咁樣可以更好嘅balance我嘅工作同生活。,6.208,kept,train,"6.21s in [5.0, 30.0]"
85,./audio/85.wav,./audio/ref_voice/alienkevin.wav,喺我嘅career development中，continuous learning係非常重要，無論係新技術、新知識抑或係新trends，我都要keep up …,9.152,kept,train,"9.15s in [5.0, 30.0]"
86,./audio/86.wav,./audio/ref_voice/alienkevin.wav,喺天氣app度睇到今晚可能會有heavy rain，大家出門記得帶umbrella呀。,6.976,kept,train,"6.98s in [5.0, 30.0]"
87,./audio/87.wav,./audio/ref_voice/alienkevin.wav,我哋下個week有可能會遇到一次強烈嘅cold front，so多著d衫啦。,6.6347,kept,train,"6.63s in [5.0, 30.0]"
88,./audio/88.wav,./audio/ref_voice/alienkevin.wav,今晚可能會有strong wind，記住唔好去海邊嘅。,4.48,too_short,n/a,4.48s < 5.0
89,./audio/89.wav,./audio/ref_voice/alienkevin.wav,我嘅weather forecast話明晚會drop到0度，記住打開heater呀。,7.68,kept,train,"7.68s in [5.0, 30.0]"
90,./audio/90.wav,./audio/ref_voice/alienkevin.wav,今日好hot，大家記住帶sunscreen唔好中曬喎。,4.864,too_short,n/a,4.86s < 5.0
91,./audio/91.wav,./audio/ref_voice/alienkevin.wav,我check咗weather app，佢話下星期有chance下snow，咁步出門時就要带d雪鞋喇。,8.2987,kept,train,"8.30s in [5.0, 30.0]"
92,./audio/92.wav,./audio/ref_voice/alienkevin.wav,頭致天氣報告say嗰個hurricane會影響我哋呢度，大家一定要小心保重。,8.8107,kept,train,"8.81s in [5.0, 30.0]"
93,./audio/93.wav,./audio/ref_voice/alienkevin.wav,我啱啱睇天氣報告話下個月可能會有typhoon，我哋要做好萬全嘅準備。,6.9334,kept,train,"6.93s in [5.0, 30.0]"
94,./audio/94.wav,./audio/ref_voice/alienkevin.wav,畀我check下weather app，原來今日會好foggy，出門時記住開fog light喇。,6.4854,kept,train,"6.49s in [5.0, 30.0]"
95,./audio/95.wav,./audio/ref_voice/alienkevin.wav,今晚氣溫可能會drop落好low，大家出門要記住帶scarf同hat呀。,6.8907,kept,train,"6.89s in [5.0, 30.0]"
96,./audio/96.wav,./audio/ref_voice/alienkevin.wav,我好love上環嘅street food，每次都會食到我well satisfied咁。,6.016,kept,eval,"6.02s in [5.0, 30.0]"
97,./audio/97.wav,./audio/ref_voice/alienkevin.wav,你試過廟街嘅煎鱈魚嗎？佢嘅taste真係超級amazing！,6.3574,kept,train,"6.36s in [5.0, 30.0]"
98,./audio/98.wav,./audio/ref_voice/alienkevin.wav,"週末嘅brunch time，去欣圖書嘅cafe飲一杯coffee,食個eggs benedict，真係好relaxing呀！",9.536,kept,train,"9.54s in [5.0, 30.0]"
99,./audio/99.wav,./audio/ref_voice/alienkevin.wav,啲麵包店嘅croissant好crispy嘅，我totally fall in love住咗！,5.76,kept,train,"5.76s in [5.0, 30.0]"
100,./audio/100.wav,./audio/ref_voice/alienkevin.wav,啲意大利麵嘅sauce個taste好rich，真係惹味到不得了。,6.0374,kept,train,"6.04s in [5.0, 30.0]"
101,./audio/101.wav,./audio/ref_voice/alienkevin.wav,party time食pizza真係好fun，尤其係嗰啲薄底嘅，taste非常authentic！,8.1494,kept,train,"8.15s in [5.0, 30.0]"
102,./audio/102.wav,./audio/ref_voice/alienkevin.wav,小籠包裏面嘅肉汁好juicy，每次一咬就會流出嚟，簡直係mouthwatering！,6.9547,kept,train,"6.95s in [5.0, 30.0]"
103,./audio/103.wav,./audio/ref_voice/alienkevin.wav,日本料理嘅presentation真係好impressive，就算係飯團sushi，都會令你一試難以忘懷。,7.8294,kept,train,"7.83s in [5.0, 30.0]"
104,./audio/104.wav,./audio/ref_voice/alienkevin.wav,我好喜歡番茄海鮮湯嘅flavour，做得好，酸辣恰到好處！fiction,6.8907,kept,train,"6.89s in [5.0, 30.0]"
105,./audio/105.wav,./audio/ref_voice/alienkevin.wav,牛油果shrimp salad好划算，又健康！食完feel自己好healthy同energized！,7.5734,kept,train,"7.57s in [5.0, 30.0]"
106,./audio/106.wav,./audio/ref_voice/alienkevin.wav,我哋下次去Thailand，一定要try佢哋嘅local food，聽講超好食呀！,6.08,kept,train,"6.08s in [5.0, 30.0]"
107,./audio/107.wav,./audio/ref_voice/alienkevin.wav,有冇諗過去Australia睇睇當地嘅wildlife，一定好exciting架！,5.568,kept,train,"5.57s in [5.0, 30.0]"
108,./audio/108.wav,./audio/ref_voice/alienkevin.wav,我好想買個backpack，走一轉Europe，去好多個museums同historical sites就好啦！,6.7627,kept,train,"6.76s in [5.0, 30.0]"
109,./audio/109.wav,./audio/ref_voice/alienkevin.wav,聽講去U.S.A.round trip要花好多時間，不過如果有機會我都想試下，應該好unforgettable架！,7.851,kept,train,"7.85s in [5.0, 30.0]"
110,./audio/110.wav,./audio/ref_voice/alienkevin.wav,我下個goal係想去Africa做volunteering，貢獻少少力量都好，我覺得好meaningful！,7.2107,kept,train,"7.21s in [5.0, 30.0]"
111,./audio/111.wav,./audio/ref_voice/alienkevin.wav,去New Zealand搭個campervan一路drive一路玩，咁樣嘅旅行計劃一定好relaxing！,6.8907,kept,train,"6.89s in [5.0, 30.0]"
112,./audio/112.wav,./audio/ref_voice/alienkevin.wav,我哋下次一齊去Italy嘅wine tour啦，試吓佢地嘅紅酒，一定好enjoyable！,8.1067,kept,train,"8.11s in [5.0, 30.0]"
113,./audio/113.wav,./audio/ref_voice/alienkevin.wav,France嘅cuisine大家都識，但如果當地嘅cooking class就未必咁簡單，但我想嘗試下，肯定好fun架！,8.0,kept,train,"8.00s in [5.0, 30.0]"
114,./audio/114.wav,./audio/ref_voice/alienkevin.wav,"我想我會plan一個solo trip去Canada，享受一下自由同獨處嘅樂趣，一定好special嘅experience!"" ",8.9174,kept,train,"8.92s in [5.0, 30.0]"
115,./audio/115.wav,./audio/ref_voice/alienkevin.wav,日本嘅cherry blossom season我一直都好想見識下，對我嚟講，應該好charming架！,6.4854,kept,train,"6.49s in [5.0, 30.0]"
116,./audio/116.wav,./audio/ref_voice/alienkevin.wav,"我每個weekend都會去movie theatre睇新上映嘅films，我鍾意各種genre嘅movies，例如action, comedy同sci-fi等等…",9.7707,kept,train,"9.77s in [5.0, 30.0]"
117,./audio/117.wav,./audio/ref_voice/alienkevin.wav,我周圍嘅mates都好鍾意聽我講ghost stories，我係個很大嘅horror fan，我鍾意嘅horror fix都唔係單單限制於書同film。,12.1387,kept,train,"12.14s in [5.0, 30.0]"
118,./audio/118.wav,./audio/ref_voice/alienkevin.wav,我好鍾意去karaoke同朋友唱歌，每次去都唔覺得boring，我同我朋友們都有好多fun。,7.9147,kept,train,"7.91s in [5.0, 30.0]"
119,./audio/119.wav,./audio/ref_voice/alienkevin.wav,我鍾意用我部iPad睇Netflix或者Disney+，我覺得我每個月payment都好值得，因為我可以睇到好多我鍾意嘅series同movie。,10.1974,kept,train,"10.20s in [5.0, 30.0]"
120,./audio/120.wav,./audio/ref_voice/alienkevin.wav,我每日都會睇youtube，我其中一個favorite嘅youtuber就係Pewdiepie，我鍾意佢嘅gameplay videos同meme review…,9.1307,kept,train,"9.13s in [5.0, 30.0]"
121,./audio/121.wav,./audio/ref_voice/alienkevin.wav,"我係個音樂lover，我喺spotify上有好多嘅playlist，我嘅music taste包括pop, rock同classical等等。",8.8534,kept,train,"8.85s in [5.0, 30.0]"
122,./audio/122.wav,./audio/ref_voice/alienkevin.wav,我唔單止鍾意喺gaming console上玩video games，我都好鍾意喺arcade玩，我覺得咁樣會有個好嘅social experience。,9.3867,kept,eval,"9.39s in [5.0, 30.0]"
123,./audio/123.wav,./audio/ref_voice/alienkevin.wav,"我鍾意睇Netflix嘅drama series，例如'Stranger Things'同'The Crown'，我覺得喺家睇係一個好relax嘅娛樂方式。"" ",8.535,kept,train,"8.53s in [5.0, 30.0]"
124,./audio/124.wav,./audio/ref_voice/alienkevin.wav,我每個month都好look forward到嗰個新comic book day，我會去我最鍾意嘅comic shop揀選我最期待嘅new releases。,10.176,kept,train,"10.18s in [5.0, 30.0]"
125,./audio/125.wav,./audio/ref_voice/alienkevin.wav,每年嘅summer我都會去參加music festival，我覺得呢種體驗好enjoyable，可以聽到我最鍾意嘅樂團live performance。,9.1307,kept,train,"9.13s in [5.0, 30.0]"
126,./audio/126.wav,./audio/ref_voice/alienkevin.wav,見到Lionel Messi玩足球，簡直係masterpiece，佢嘅技巧真係outstanding！,7.1254,kept,train,"7.13s in [5.0, 30.0]"
127,./audio/127.wav,./audio/ref_voice/alienkevin.wav,我下個月要去參加yoga class，一直都想體驗下，希望我可以fit入去。,5.8027,kept,train,"5.80s in [5.0, 30.0]"
128,./audio/128.wav,./audio/ref_voice/alienkevin.wav,雖然我嘅swimming technique仲有好多需要提升的地方，但係我絕對唔會放棄，practice makes perfect！,7.4667,kept,train,"7.47s in [5.0, 30.0]"
129,./audio/129.wav,./audio/ref_voice/alienkevin.wav,我每個星期都會去gym做workout，健康身體真係well invested。”,5.8454,kept,train,"5.85s in [5.0, 30.0]"
130,./audio/130.wav,./audio/ref_voice/alienkevin.wav,我哋今晚要去睇basketball game，已經買咗飲品同小食ready to enjoy。,5.44,kept,train,"5.44s in [5.0, 30.0]"
131,./audio/131.wav,./audio/ref_voice/alienkevin.wav,我嘅朋友一向鍾意玩badminton，雖然我之前冇試過，但係我已經準備好箍住玩。,6.272,kept,train,"6.27s in [5.0, 30.0]"
132,./audio/132.wav,./audio/ref_voice/alienkevin.wav,"我鍾意跑步嘅原因,之一就係feel到風吹過嚟，完全係nature's gift啊。",6.3574,kept,train,"6.36s in [5.0, 30.0]"
133,./audio/133.wav,./audio/ref_voice/alienkevin.wav,下次我哋可以試下hiking，頂到噉既環境，一定feel到超級relaxing。,6.016,kept,train,"6.02s in [5.0, 30.0]"
134,./audio/134.wav,./audio/ref_voice/alienkevin.wav,"今日好適合做outdoor exercises，天氣好好，我ready好水樽就要去公園啦。"" ",6.464,kept,train,"6.46s in [5.0, 30.0]"
135,./audio/135.wav,./audio/ref_voice/alienkevin.wav,我覺得做運動唔單止keep fit，佢對於精神上都有好大嘅help。,5.547,kept,train,"5.55s in [5.0, 30.0]"
136,./audio/136.wav,./audio/ref_voice/alienkevin.wav,我覺得點解政府未有implement一個有效嘅交通system，以resolve香港嘅交通擠塞問題。,6.9334,kept,train,"6.93s in [5.0, 30.0]"
137,./audio/137.wav,./audio/ref_voice/alienkevin.wav,我睇到佢哋打算開始更改教育嘅curriculum，但我喺咁嘅情況之下，我諗佢哋應該先focus喺學生嘅心理健康上面。,9.7494,kept,train,"9.75s in [5.0, 30.0]"
138,./audio/138.wav,./audio/ref_voice/alienkevin.wav,疫症keep going，廣大市民嘅生活變得越來越困難，而政府嘅support就變得相當critical。,6.976,kept,train,"6.98s in [5.0, 30.0]"
139,./audio/139.wav,./audio/ref_voice/alienkevin.wav,佢哋嘅廢物管理真係improve咗喎，但係都仲未到我哋想象中嘅level，我哋還要重加努力去achieve噉嘅目標。,10.048,kept,train,"10.05s in [5.0, 30.0]"
140,./audio/140.wav,./audio/ref_voice/alienkevin.wav,有關於食物waste，我諗呢個問題唔單止需要大家嘅collective effort，仲要政府要果斷take action。,7.7014,kept,train,"7.70s in [5.0, 30.0]"
141,./audio/141.wav,./audio/ref_voice/alienkevin.wav,地方政府打算開launch咗更嚴厲嘅規定去控制smoking，但係我感到有啲憂慮呢個嘅implementation。,9.5574,kept,train,"9.56s in [5.0, 30.0]"
142,./audio/142.wav,./audio/ref_voice/alienkevin.wav,最近嘅real estate嘅價格上升，可能導致我哋啲年輕人買不起house，因此我哋需要一個更fair嘅市場。,9.7494,kept,train,"9.75s in [5.0, 30.0]"
143,./audio/143.wav,./audio/ref_voice/alienkevin.wav,依家香港嘅經濟狀況真係擔心，因為無咩野可以create jobs，政府必須即刻take action。,8.3414,kept,train,"8.34s in [5.0, 30.0]"
144,./audio/144.wav,./audio/ref_voice/alienkevin.wav,我諗緊本地大學應該更focus培訓啲技術高superior嘅學生，先至可以handle未來社會嘅挑戰。,8.8107,kept,train,"8.81s in [5.0, 30.0]"
145,./audio/145.wav,./audio/ref_voice/alienkevin.wav,政府呢個round嘅市區重建plan有啲問題，大家覺得未必可行，需要進一步行review。,7.5307,kept,train,"7.53s in [5.0, 30.0]"
146,./audio/146.wav,./audio/ref_voice/alienkevin.wav,我鐘意去boutique shopping，買一啲unique嘅clothes，又可以express my fashion sense，真係amazing。,6.8907,kept,train,"6.89s in [5.0, 30.0]"
147,./audio/147.wav,./audio/ref_voice/alienkevin.wav,我仲鐘意喺online stores 買fashion accessories，帶埋我嘅outfits，feel more stylish同埋fashionab…,7.8294,kept,train,"7.83s in [5.0, 30.0]"
148,./audio/148.wav,./audio/ref_voice/alienkevin.wav,我成日去department stores，可以一次過買齊所有需要嘅goods，真係convenient。,6.123,kept,train,"6.12s in [5.0, 30.0]"
149,./audio/149.wav,./audio/ref_voice/alienkevin.wav,我鐘意喺朋友嘅recommendations後，去試新嘅cosmetics products，可以improve my skin care routine，感覺…,8.96,kept,train,"8.96s in [5.0, 30.0]"
150,./audio/150.wav,./audio/ref_voice/alienkevin.wav,我成日去bookstores，透過買新書去enhance my knowledge，同時間又可以enjoy the peaceful atmosphere，好r…,8.896,kept,train,"8.90s in [5.0, 30.0]"
151,./audio/151.wav,./audio/ref_voice/alienkevin.wav,我鐘意喺同朋友一齊去shopping malls，透過買貨散心同埋share our interests，好fun同埋enjoyable。,8.6187,kept,train,"8.62s in [5.0, 30.0]"
152,./audio/152.wav,./audio/ref_voice/alienkevin.wav,"我常去outlet malls，用抵價嘅價錢買到我鐘意嘅brands，感覺好satisfying同埋exciting。"" ",6.3787,kept,train,"6.38s in [5.0, 30.0]"
153,./audio/153.wav,./audio/ref_voice/alienkevin.wav,喺Christmas sales期間，我會買一大堆禮物送比朋友家人，真係joyful同埋fulfilling。,7.744,kept,train,"7.74s in [5.0, 30.0]"
154,./audio/154.wav,./audio/ref_voice/alienkevin.wav,我會喺online platform bid二手物品，可以買到rare items，真係thrilling同埋rewarding。,6.272,kept,train,"6.27s in [5.0, 30.0]"
155,./audio/155.wav,./audio/ref_voice/alienkevin.wav,我鐘意逛市集，可以睇到一啲handmade crafts，可以support local artists，真係meaningful。,6.656,kept,train,"6.66s in [5.0, 30.0]"
156,./audio/156.wav,./audio/ref_voice/alienkevin.wav,我嘅學習style係透過online courses同實際練習相結合，我認為，互聯網提供咗好多學習resources，真係好方便。,8.4054,kept,train,"8.41s in [5.0, 30.0]"
157,./audio/157.wav,./audio/ref_voice/alienkevin.wav,剛開始學習新嘅事物時，我有時會feel overwhelmed，但我相信perseverance係最重要嘅。,8.832,kept,train,"8.83s in [5.0, 30.0]"
158,./audio/158.wav,./audio/ref_voice/alienkevin.wav,"我相信唔論我哋學嘅知識level有幾高，到頭來都要keep learning, 因為學習真係一個lifelong journey。",8.64,kept,train,"8.64s in [5.0, 30.0]"
159,./audio/159.wav,./audio/ref_voice/alienkevin.wav,我真係好enjoy學新嘅語言，係一個操縱words嘅fun process，絕對增加咗我嘅cultural understanding。,8.6827,kept,train,"8.68s in [5.0, 30.0]"
160,./audio/160.wav,./audio/ref_voice/alienkevin.wav,喺呢個digital age，所有嘅information就喺我哋fingertips，我哋只要search，就可以find嘅。,8.832,kept,train,"8.83s in [5.0, 30.0]"
161,./audio/161.wav,./audio/ref_voice/alienkevin.wav,讀book真係學習嘅好方法，但我覺得實際行動同practice亦都係好重要。,5.9734,kept,eval,"5.97s in [5.0, 30.0]"
162,./audio/162.wav,./audio/ref_voice/alienkevin.wav,我相信學習嘅journey並唔會smooth一路順風，但就算挫折困難，我哋都唔可以give up，其實呢啲都係part of the learning proc…,7.9787,kept,train,"7.98s in [5.0, 30.0]"
163,./audio/163.wav,./audio/ref_voice/alienkevin.wav,"要學好coding，就需要大量嘅time同practice，而且永遠都有新嘅programming languages要學。""  ",8.1067,kept,train,"8.11s in [5.0, 30.0]"
164,./audio/164.wav,./audio/ref_voice/alienkevin.wav,我覺得學英文唔單止可以提升我們嘅communication skills，仲可以認識新嘅culture。,8.32,kept,train,"8.32s in [5.0, 30.0]"
165,./audio/165.wav,./audio/ref_voice/alienkevin.wav,當學習變成一個habit，我哋就會更加enjoy學習嘅journey，無論係學習啲咩硬skills或者是soft skills。,10.3467,kept,train,"10.35s in [5.0, 30.0]"
166,./audio/166.wav,./audio/ref_voice/alienkevin.wav,對於work performance，我哋應該要有continuous improvement嘅心態，始終唔可以satisfied with mediocrit…,10.731,kept,train,"10.73s in [5.0, 30.0]"
167,./audio/167.wav,./audio/ref_voice/alienkevin.wav,喺workplace裡面，我哋需要promote open communication，促使每個人都能夠express opinion freely。,7.296,kept,train,"7.30s in [5.0, 30.0]"
168,./audio/168.wav,./audio/ref_voice/alienkevin.wav,如果你做嘅project fail咗，就唔需要過於disappointed，失敗係成功之媽，學識learning from mistakes更加重要。,9.4294,kept,train,"9.43s in [5.0, 30.0]"
169,./audio/169.wav,./audio/ref_voice/alienkevin.wav,喺你嘅career journey之中，唔可以忽視personal development，你嘅professional skills同personal att…,9.4507,kept,train,"9.45s in [5.0, 30.0]"
170,./audio/170.wav,./audio/ref_voice/alienkevin.wav,工作唔係just about earning money，更加係實現自己嘅value，所以我哋需要在work中find passion。,6.72,kept,train,"6.72s in [5.0, 30.0]"
171,./audio/171.wav,./audio/ref_voice/alienkevin.wav,喺困難面前，唔可以放棄，要有perseverance去克服challenges，因為這樣你就會更強大。,6.9334,kept,train,"6.93s in [5.0, 30.0]"
172,./audio/172.wav,./audio/ref_voice/alienkevin.wav,我哋嘅goal唔係為咗贏過第二名，而係去提升自己嘅performance，唔可以把focus放在beat others上面。,7.808,kept,train,"7.81s in [5.0, 30.0]"
173,./audio/173.wav,./audio/ref_voice/alienkevin.wav,有時你可能會覺得當下嘅work唔係你想要做嘅，但你仍然要keep going，因為呢件事情可能會將你帶去未來嘅opportunity。,9.6,kept,train,"9.60s in [5.0, 30.0]"
174,./audio/174.wav,./audio/ref_voice/alienkevin.wav,有時候work會變得tough，但記住唔可以give up easily，有determination係必要嘅。,7.0187,kept,eval,"7.02s in [5.0, 30.0]"
175,./audio/175.wav,./audio/ref_voice/alienkevin.wav,喺teamwork中，我哋需要透過effective communication達到consensus，係喺理解同尊重each other的基礎上進行嘅。,8.32,kept,train,"8.32s in [5.0, 30.0]"
176,./audio/176.wav,./audio/ref_voice/alienkevin.wav,今日好sunny，可以去出去玩下，唔好浪費左咁好天氣噶。,5.2907,kept,train,"5.29s in [5.0, 30.0]"
177,./audio/177.wav,./audio/ref_voice/alienkevin.wav,天氣預報話會有heavy rain，出門前記得carry傘喇。,4.7787,too_short,n/a,4.78s < 5.0
178,./audio/178.wav,./audio/ref_voice/alienkevin.wav,下雨就算喇，有咁個nice weather，去park行下圈啦。,4.5654,too_short,n/a,4.57s < 5.0
179,./audio/179.wav,./audio/ref_voice/alienkevin.wav,今日會好cold，記得穿多件sweater出門啊。,3.904,too_short,n/a,3.90s < 5.0
180,./audio/180.wav,./audio/ref_voice/alienkevin.wav,下午好hot噶，要小心heat stroke，去到outdoor飲多啲水喇。,5.4187,kept,train,"5.42s in [5.0, 30.0]"
181,./audio/181.wav,./audio/ref_voice/alienkevin.wav,我睇吓weather report，話聽日會有big storm，要小心啲喎。,4.928,too_short,n/a,4.93s < 5.0
182,./audio/182.wav,./audio/ref_voice/alienkevin.wav,今日天氣真係perfect，好適合去beach enjoy下曬太陽。,4.8214,too_short,n/a,4.82s < 5.0
183,./audio/183.wav,./audio/ref_voice/alienkevin.wav,呢幾日天氣變得好unstable，要成日keep住睇天氣預報喎。,5.0347,kept,train,"5.03s in [5.0, 30.0]"
184,./audio/184.wav,./audio/ref_voice/alienkevin.wav,天氣預報話投朝會有snowfall，記得戴好beanie出門。,7.36,kept,train,"7.36s in [5.0, 30.0]"
185,./audio/185.wav,./audio/ref_voice/alienkevin.wav,據天氣預報，今天會thunderstorm，記得唔好行出去玩喇。,4.3307,too_short,n/a,4.33s < 5.0
186,./audio/186.wav,./audio/ref_voice/alienkevin.wav,紅燒牛肉麵個noodles真係好al dente，搭配個beef香味好rich，好享受啊！,6.4,kept,train,"6.40s in [5.0, 30.0]"
187,./audio/187.wav,./audio/ref_voice/alienkevin.wav,嗰啲芒果布甸滑滑哋，超juicy嘅，真係one of a kind！,5.312,kept,train,"5.31s in [5.0, 30.0]"
188,./audio/188.wav,./audio/ref_voice/alienkevin.wav,食番堆焗蝦仔蘿蔔糕，嗰啲蝦仔香香crispy，好有texture，每一口都full of surprises！,7.3174,kept,train,"7.32s in [5.0, 30.0]"
189,./audio/189.wav,./audio/ref_voice/alienkevin.wav,食燒賣個yu yee好springy，完全係一個perfect dim sum experience！,6.4427,kept,train,"6.44s in [5.0, 30.0]"
190,./audio/190.wav,./audio/ref_voice/alienkevin.wav,快d食台灣牛肉麵，個noodles亦都有光滑滑嘅mouthfeel，一啖咬落去就wonderful！,7.5947,kept,train,"7.59s in [5.0, 30.0]"
191,./audio/191.wav,./audio/ref_voice/alienkevin.wav,嗰個日本生魚片刺身，好新鮮，滑過口，嗰啲sashimi paradise呀！,7.0614,kept,train,"7.06s in [5.0, 30.0]"
192,./audio/192.wav,./audio/ref_voice/alienkevin.wav,我真係好鍾意川味擔擔麵，個peppery kick係簡直irresistible！,5.376,kept,train,"5.38s in [5.0, 30.0]"
193,./audio/193.wav,./audio/ref_voice/alienkevin.wav,試試啲豬扒飯，個pork chop香煎至crispy golden brown，喺口中感覺just right！,6.6774,kept,train,"6.68s in [5.0, 30.0]"
194,./audio/194.wav,./audio/ref_voice/alienkevin.wav,食咗嗰個煎蠔餅，crusty outside and juicy inside，飽滿嘅fresh蠔味，真係個must try！,7.488,kept,train,"7.49s in [5.0, 30.0]"
195,./audio/195.wav,./audio/ref_voice/alienkevin.wav,"嗰啲烤章魚丸應該有獎架，嗰個skin crispy chewy，咬落去就有及呢flavor burst, simply the best！",13.376,kept,train,"13.38s in [5.0, 30.0]"
196,./audio/196.wav,./audio/ref_voice/alienkevin.wav,我打算去Thailand潛水，大佬你有冇recommendation嫁?,4.7574,too_short,n/a,4.76s < 5.0
197,./audio/197.wav,./audio/ref_voice/alienkevin.wav,我剛剛完成咗去Japan嘅solo trip，感覺真係極之refreshing！,5.2907,kept,train,"5.29s in [5.0, 30.0]"
198,./audio/198.wav,./audio/ref_voice/alienkevin.wav,我計劃喺Australia過迎新年，去佢哋嘅beach party定好架！,5.5894,kept,train,"5.59s in [5.0, 30.0]"
199,./audio/199.wav,./audio/ref_voice/alienkevin.wav,我鍾意去France嘅vineyards，嘆杯好wine超抵玩！,5.8454,kept,train,"5.85s in [5.0, 30.0]"
200,./audio/200.wav,./audio/ref_voice/alienkevin.wav,我好鍾意去Italy road trip，見下佢哋嘅beautiful countryside，係一種treat自己嘅方式！,7.6587,kept,train,"7.66s in [5.0, 30.0]"
201,./audio/201.wav,./audio/ref_voice/alienkevin.wav,冇事做嘅時候我最鍾意去Singapore shopping，買下designer brands好過癮！,6.336,kept,train,"6.34s in [5.0, 30.0]"
202,./audio/202.wav,./audio/ref_voice/alienkevin.wav,我計劃去Canada滑雪，挑戰自己，試下新嘢好投入喎！,5.2054,kept,eval,"5.21s in [5.0, 30.0]"
203,./audio/203.wav,./audio/ref_voice/alienkevin.wav,我十分期待去Brazil欣賞嘅carnival，應該會係一個unforgettable experience！,8.0,kept,train,"8.00s in [5.0, 30.0]"
204,./audio/204.wav,./audio/ref_voice/alienkevin.wav,呢個summer我打算去Spain同Portugal backpacking，感受下佢哋嘅local culture同食物！,7.1254,kept,train,"7.13s in [5.0, 30.0]"
205,./audio/205.wav,./audio/ref_voice/alienkevin.wav,我好想去India做yoga retreat，淨化下自己嘅mind同body，對身心健康都好有幫助呀！,7.232,kept,train,"7.23s in [5.0, 30.0]"
206,./audio/206.wav,./audio/ref_voice/alienkevin.wav,周末我去睇左場concert，當個singer一出場，全場即刻high翻天，真係無比excited！,7.04,kept,train,"7.04s in [5.0, 30.0]"
207,./audio/207.wav,./audio/ref_voice/alienkevin.wav,我同朋友就去玩game，選擇咗最新嘅PlayStation5，揸住控制器我哋都覺得超爽嘅！,7.8934,kept,train,"7.89s in [5.0, 30.0]"
208,./audio/208.wav,./audio/ref_voice/alienkevin.wav,我最喜歡就係去book store買咗本新出版嘅novel，每次睇書都可以放鬆自己，好enjoy呢種feel。,8.9174,kept,train,"8.92s in [5.0, 30.0]"
209,./audio/209.wav,./audio/ref_voice/alienkevin.wav,我每年都會去Comic Con，因為可以買到好多獨立artist嘅cool merchandise，我真係好support佢哋。,7.4454,kept,train,"7.45s in [5.0, 30.0]"
210,./audio/210.wav,./audio/ref_voice/alienkevin.wav,我買咗個新drone去玩，飛哂個天，我真係覺得超有fun！,4.971,too_short,n/a,4.97s < 5.0
211,./audio/211.wav,./audio/ref_voice/alienkevin.wav,我成日都會去dance club跳舞，每次去都dancing all night long，我覺得好relaxing。,6.5067,kept,train,"6.51s in [5.0, 30.0]"
212,./audio/212.wav,./audio/ref_voice/alienkevin.wav,我去睇咗場football比賽，喺stadium熱血沸騰，真係完全get into the game。,6.231,kept,train,"6.23s in [5.0, 30.0]"
213,./audio/213.wav,./audio/ref_voice/alienkevin.wav,我同我朋友們都鍾意去bowling，每次都玩友誼賽，真係好competitive但都好有fun。,7.0827,kept,eval,"7.08s in [5.0, 30.0]"
214,./audio/214.wav,./audio/ref_voice/alienkevin.wav,我小時候最鍾意去theme park，玩過山車，每次都覺得scream out loud，真係超exciting。,6.464,kept,eval,"6.46s in [5.0, 30.0]"
215,./audio/215.wav,./audio/ref_voice/alienkevin.wav,我家裏有份Theater subscription，所以我每個月都會去睇Play，真是一直享受在art的世界裡溜達。,8.4694,kept,train,"8.47s in [5.0, 30.0]"
216,./audio/216.wav,./audio/ref_voice/alienkevin.wav,我哋早上先做咗一個warm up，然後開始我哋嘅marathon training。,5.952,kept,train,"5.95s in [5.0, 30.0]"
217,./audio/217.wav,./audio/ref_voice/alienkevin.wav,你哋知唔知道做yoga可以幫助reduce stress同埋improve flexibility呀？,5.824,kept,train,"5.82s in [5.0, 30.0]"
218,./audio/218.wav,./audio/ref_voice/alienkevin.wav,"我將會去睇下一場MMA比賽，我真係 well-prepared 並且 well-equipped, 所以我 full of confidence。",8.7467,kept,train,"8.75s in [5.0, 30.0]"
219,./audio/219.wav,./audio/ref_voice/alienkevin.wav,我覺得swimming好攰人，但係總比較好過去做gym weights training。,6.699,kept,train,"6.70s in [5.0, 30.0]"
220,./audio/220.wav,./audio/ref_voice/alienkevin.wav,"我返工之後會跑running, 做下運動有助於relieve stress。",4.992,too_short,n/a,4.99s < 5.0
221,./audio/221.wav,./audio/ref_voice/alienkevin.wav,"我嘅朋友推薦我試下kick boxing, 佢話可以幫助保持active lifestyle。",5.824,kept,train,"5.82s in [5.0, 30.0]"
222,./audio/222.wav,./audio/ref_voice/alienkevin.wav,"我個鍾前做完cycling, 好翻啲啦，但仲要recover energy。",6.656,kept,train,"6.66s in [5.0, 30.0]"
223,./audio/223.wav,./audio/ref_voice/alienkevin.wav,"我哋今個weekend預咗去hiking, 我已經做咗充足嘅preparation，包括水飲同食物。",6.784,kept,train,"6.78s in [5.0, 30.0]"
224,./audio/224.wav,./audio/ref_voice/alienkevin.wav,"做下outdoor sports, 可以接觸番大自然，有種freedom感覺。",5.655,kept,train,"5.65s in [5.0, 30.0]"
225,./audio/225.wav,./audio/ref_voice/alienkevin.wav,最近嘅air pollution問題愈來愈嚴重，政府需要實施更多green policy去對抗呢個問題。,6.912,kept,train,"6.91s in [5.0, 30.0]"
226,./audio/226.wav,./audio/ref_voice/alienkevin.wav,我哋嘅教育system仲有好多問題需要解決，政府是否考慮過進行一次comprehensive嘅review?,8.0854,kept,train,"8.09s in [5.0, 30.0]"
227,./audio/227.wav,./audio/ref_voice/alienkevin.wav,Covid-19病毒嘅疫苗計劃下，政府應該確保所有人嘅vaccination process係公平嘅。,8.96,kept,train,"8.96s in [5.0, 30.0]"
228,./audio/228.wav,./audio/ref_voice/alienkevin.wav,我哋嘅食水供應問題，需要一個可以持續久遠嘅solution，唔係一次過解決就算。,7.168,kept,eval,"7.17s in [5.0, 30.0]"
229,./audio/229.wav,./audio/ref_voice/alienkevin.wav,最近central嘅交通距疾日日塞車，需要進一步改進嘅traffic management措施。,7.36,kept,train,"7.36s in [5.0, 30.0]"
230,./audio/230.wav,./audio/ref_voice/alienkevin.wav,政府預留嘅土地用於commercial development，但我哋嘅社區需要更多public space，包括playground，公園至等。,8.1067,kept,train,"8.11s in [5.0, 30.0]"
231,./audio/231.wav,./audio/ref_voice/alienkevin.wav,公立醫院嘅排班system出現問題，令到好多病人等唔到醫生診症，呢個問題需要immediate嘅解決方案。,8.9814,kept,train,"8.98s in [5.0, 30.0]"
232,./audio/232.wav,./audio/ref_voice/alienkevin.wav,政府分配資源嘅fairness受到質疑，好多人認為佢偏愛大企業，我哋需要一個公平的distribution system。,8.4907,kept,train,"8.49s in [5.0, 30.0]"
233,./audio/233.wav,./audio/ref_voice/alienkevin.wav,我哋對於廢物management嘅方案似乎唔夠有效，需要引入更多再生能源technologies去幫助處理廢物。,8.535,kept,train,"8.53s in [5.0, 30.0]"
234,./audio/234.wav,./audio/ref_voice/alienkevin.wav,醫療保健services哋等侯時間愈來愈長，我哋需要一個更有效率嘅系統去確保所有人都可以及時得到照顧。,8.5974,kept,train,"8.60s in [5.0, 30.0]"
235,./audio/235.wav,./audio/ref_voice/alienkevin.wav,我鐘意去online shopping，方便，隨時隨地都可以買嘢，真係好enjoyable同埋convenient。,7.8294,kept,train,"7.83s in [5.0, 30.0]"
236,./audio/236.wav,./audio/ref_voice/alienkevin.wav,我最like嘅一個活動就係每年black Friday sales，可以用最抵價錢買到最高質素嘅goods，真係超爽！,8.1494,kept,train,"8.15s in [5.0, 30.0]"
237,./audio/237.wav,./audio/ref_voice/alienkevin.wav,我想買一部新smartphone，我已經做左好多research，好excited我接下來可以去哪個shop揀選。,7.616,kept,eval,"7.62s in [5.0, 30.0]"
238,./audio/238.wav,./audio/ref_voice/alienkevin.wav,我一向都喜歡去舊街市去hunt for bargains，感覺好rewarding同埋entertaining。,6.656,kept,train,"6.66s in [5.0, 30.0]"
239,./audio/239.wav,./audio/ref_voice/alienkevin.wav,我好喜歡去luxury brands嘅outlets去shopping，有時候可以買到好值嘅items，真係好thrilling。,7.488,kept,train,"7.49s in [5.0, 30.0]"
240,./audio/240.wav,./audio/ref_voice/alienkevin.wav,我常喺online platforms搵discount codes同cashback offers，咁就可以更加save money當我shopping，真係…,10.2187,kept,train,"10.22s in [5.0, 30.0]"
241,./audio/241.wav,./audio/ref_voice/alienkevin.wav,我最近好鐘意去vintage shops 搵unique嘅pieces，好fun和creative。,5.7174,kept,train,"5.72s in [5.0, 30.0]"
242,./audio/242.wav,./audio/ref_voice/alienkevin.wav,我下個weekend要去一個big shopping spree，好期待可以買到我一直想買嘅items，感覺真係好exciting。,7.68,kept,train,"7.68s in [5.0, 30.0]"
243,./audio/243.wav,./audio/ref_voice/alienkevin.wav,每次我收到我喺online買嘅嘢嘅parcel，我都會好excited開佢，總係一種happy surprise。,9.984,kept,train,"9.98s in [5.0, 30.0]"
244,./audio/244.wav,./audio/ref_voice/alienkevin.wav,我此刻正在做preparation去迎接今年嘅summer sales，預計會買好多新衫同鞋，好期待同埋fun。,7.851,kept,train,"7.85s in [5.0, 30.0]"
245,./audio/245.wav,./audio/ref_voice/alienkevin.wav,如果汝想improve自己嘅學習能力，就需要培養讀書嘅interest和習慣咯。,6.208,kept,train,"6.21s in [5.0, 30.0]"
246,./audio/246.wav,./audio/ref_voice/alienkevin.wav,學習嘅journey並唔係一蹴可幾，而係需要持續嘅effort和patience。,7.04,kept,train,"7.04s in [5.0, 30.0]"
247,./audio/247.wav,./audio/ref_voice/alienkevin.wav,"注重學習嘅process,唔好只追求results，呢樣對於長遠嘅self-improvement更加有助。",9.28,kept,train,"9.28s in [5.0, 30.0]"
248,./audio/248.wav,./audio/ref_voice/alienkevin.wav,當你遇到學習嘅difficulty，唔好put off。反而，嘗試多啲different strategies，去overcome佢。,7.275,kept,train,"7.27s in [5.0, 30.0]"
249,./audio/249.wav,./audio/ref_voice/alienkevin.wav,創新思維係學習嘅一部分，係咪我哋需要嘅是一個開放嘅mindset？,6.3147,kept,train,"6.31s in [5.0, 30.0]"
250,./audio/250.wav,./audio/ref_voice/alienkevin.wav,落力嘅學習唔代表要放棄leisure time，適度嘅休息可以增加效率。,5.888,kept,train,"5.89s in [5.0, 30.0]"
251,./audio/251.wav,./audio/ref_voice/alienkevin.wav,每日allocate一定嘅時間去學習，培養regular嘅學習習慣，可以幫助保持focus同improve performance。,8.1067,kept,train,"8.11s in [5.0, 30.0]"
252,./audio/252.wav,./audio/ref_voice/alienkevin.wav,學識appreciate失敗嘅value，對於學習來講好重要。因為失敗係咪喺road to success上面一條重要嘅步驟。,10.816,kept,train,"10.82s in [5.0, 30.0]"
253,./audio/253.wav,./audio/ref_voice/alienkevin.wav,喺學習既過程中，喺面對challenges嘅時候展示resilience，係一種向前嘅態度。,7.0827,kept,train,"7.08s in [5.0, 30.0]"
254,./audio/254.wav,./audio/ref_voice/alienkevin.wav,喺學習既過程中，要開始Develop critical thinking skills，可以幫助think outside the box。,6.3147,kept,train,"6.31s in [5.0, 30.0]"
255,./audio/255.wav,./audio/ref_voice/alienkevin.wav,每日去返工嘅路上，我哋應該要持續進修，keep learning新嘅技能以提升自己嘅productivity。,7.0614,kept,eval,"7.06s in [5.0, 30.0]"
256,./audio/256.wav,./audio/ref_voice/alienkevin.wav,唔論係做緊咩嘅project，communication skills都好重要，要識得express自己嘅ideas同理解人哋嘅needs。,9.3227,kept,train,"9.32s in [5.0, 30.0]"
257,./audio/257.wav,./audio/ref_voice/alienkevin.wav,即使遇到困難，都要keep up the good spirit，始終work是about overcoming challenges。,8.1067,kept,train,"8.11s in [5.0, 30.0]"
258,./audio/258.wav,./audio/ref_voice/alienkevin.wav,我哋唔可以settle for less，我哋要追求career growth，並且為此持續努力。,7.1254,kept,train,"7.13s in [5.0, 30.0]"
259,./audio/259.wav,./audio/ref_voice/alienkevin.wav,除咗工作，work-life balance都好重要，我哋需要時刻保持自己嘅physical and mental health。,7.1894,kept,train,"7.19s in [5.0, 30.0]"
260,./audio/260.wav,./audio/ref_voice/alienkevin.wav,工作唔係只需要hard work，efficient工作方式同樣重要，否則可能會out of energy。,6.3787,kept,train,"6.38s in [5.0, 30.0]"
261,./audio/261.wav,./audio/ref_voice/alienkevin.wav,有時候，優秀嘅teamwork比任何一個individual contribution都重要，同事間嘅harmony唔可以忽視。,7.383,kept,train,"7.38s in [5.0, 30.0]"
262,./audio/262.wav,./audio/ref_voice/alienkevin.wav,工作時我哋需要set clear objectives，只有goals明確，咪可以measure我哋嘅performance。,6.6774,kept,train,"6.68s in [5.0, 30.0]"
263,./audio/263.wav,./audio/ref_voice/alienkevin.wav,唔好怕failure，因為每一次嘅失敗都係experience gained，我哋嘅career path需要嘅，就係呢啲lessons learned。,8.256,kept,train,"8.26s in [5.0, 30.0]"
264,./audio/264.wav,./audio/ref_voice/alienkevin.wav,認識accept criticism同埋feedback會幫助我哋做beta嘅improvements，呢啲都係career development嘅重要步驟。,9.6,kept,train,"9.60s in [5.0, 30.0]"
265,./audio/265.wav,./audio/ref_voice/alienkevin.wav,周末會有heavy rain，記得帶著你的umbrella出門。,4.971,too_short,n/a,4.97s < 5.0
266,./audio/266.wav,./audio/ref_voice/alienkevin.wav,明天會well sunny，就放假去beach enjoy吧。”,4.0107,too_short,n/a,4.01s < 5.0
267,./audio/267.wav,./audio/ref_voice/alienkevin.wav,hike玩要留意wet floor，今日有thunderstorm的預報。,5.376,kept,train,"5.38s in [5.0, 30.0]"
268,./audio/268.wav,./audio/ref_voice/alienkevin.wav,今晚好chilly，開下heater記得不要讓baby catch cold。,4.503,too_short,n/a,4.50s < 5.0
269,./audio/269.wav,./audio/ref_voice/alienkevin.wav,感覺會有hailstorm，車子park喺garage入面會比較保險。,6.5494,kept,train,"6.55s in [5.0, 30.0]"
270,./audio/270.wav,./audio/ref_voice/alienkevin.wav,Forecast話今晚有meteor shower，找個好位位stargazing吧。,6.5707,kept,train,"6.57s in [5.0, 30.0]"
271,./audio/271.wav,./audio/ref_voice/alienkevin.wav,天氣轉快會去tropical，出門前記得擦好sunscreen。,5.1627,kept,eval,"5.16s in [5.0, 30.0]"
272,./audio/272.wav,./audio/ref_voice/alienkevin.wav,近日好low pressure，可能會有typhoon，記得check新聞頻道的weather update。,5.5894,kept,train,"5.59s in [5.0, 30.0]"
273,./audio/273.wav,./audio/ref_voice/alienkevin.wav,明朝早晨會有fog，drive時要注意road visibility。,4.6294,too_short,n/a,4.63s < 5.0
274,./audio/274.wav,./audio/ref_voice/alienkevin.wav,溜狗要留意，話說會有mudslide因為連日rains。,5.056,kept,train,"5.06s in [5.0, 30.0]"
275,./audio/275.wav,./audio/ref_voice/alienkevin.wav,我每次去Yum cha都會點流心奶黃包，該custard filling真係滑咁滑，美味到爆呀！,8.1707,kept,eval,"8.17s in [5.0, 30.0]"
276,./audio/276.wav,./audio/ref_voice/alienkevin.wav,禮拜五晚我食了壽司，嗰個tuna真係好新鮮，不過我覺得拖羅同鰻魚更加outstanding！,7.7014,kept,train,"7.70s in [5.0, 30.0]"
277,./audio/277.wav,./audio/ref_voice/alienkevin.wav,我剛剛嘗試了個新開嘅Vietnamese restaurant，嗰個Pho味道rich同濃郁，真係很impressive！,9.1734,kept,eval,"9.17s in [5.0, 30.0]"
278,./audio/278.wav,./audio/ref_voice/alienkevin.wav,我個媽咪嘅自家煮嘅糖醋排骨，好甜好酸，balance得很perfect！,7.275,kept,train,"7.27s in [5.0, 30.0]"
279,./audio/279.wav,./audio/ref_voice/alienkevin.wav,我去咗個Italy小館，嗰個Spaghetti真係再al dente入面唔得，整個Italian cuisine experience入面，佢絕對係star！,10.24,kept,train,"10.24s in [5.0, 30.0]"
280,./audio/280.wav,./audio/ref_voice/alienkevin.wav,食咗一個bomboloni，嗰個custard爆出嚟嘅moment，我直頭到food heaven呀！,5.76,kept,train,"5.76s in [5.0, 30.0]"
281,./audio/281.wav,./audio/ref_voice/alienkevin.wav,我嘅朋友帶我去食嘅Korean BBQ，烤肉咁juicy，而且side dishes都很yummy，係一個true feast！,7.7654,kept,train,"7.77s in [5.0, 30.0]"
282,./audio/282.wav,./audio/ref_voice/alienkevin.wav,食完嗰個lemon tart，我唯一妄得係refreshing，真係完美sum up我嘅dessert experience!,8.2347,kept,train,"8.23s in [5.0, 30.0]"
283,./audio/283.wav,./audio/ref_voice/alienkevin.wav,昨日晚我試咗個Burger joint，肉扒juicy配上cheese，一啖落去簡直係heavenly！,6.4,kept,train,"6.40s in [5.0, 30.0]"
284,./audio/284.wav,./audio/ref_voice/alienkevin.wav,上星期試食一間新嘅Mexican Restaurant，食完嗰個tacos後，我已經in love咗！,7.168,kept,train,"7.17s in [5.0, 30.0]"
285,./audio/285.wav,./audio/ref_voice/alienkevin.wav,我老公煮嘅fried beehoon超級delicious，好食到我想睇佢埋廚神秘境界同佢學science咁！,8.1707,kept,train,"8.17s in [5.0, 30.0]"
286,./audio/286.wav,./audio/ref_voice/alienkevin.wav,我揾到一个好的deal去Japan ski，冬天来个snow adventure真係好刺激呀！,6.3787,kept,train,"6.38s in [5.0, 30.0]"
287,./audio/287.wav,./audio/ref_voice/alienkevin.wav,我plan去France学cooking，學下點煮好味嘅French cuisine好正呀！,4.8214,too_short,n/a,4.82s < 5.0
288,./audio/288.wav,./audio/ref_voice/alienkevin.wav,下个月我想去Bali滑浪，享受下tropical paradise嘅feel呀!,7.383,kept,train,"7.38s in [5.0, 30.0]"
289,./audio/289.wav,./audio/ref_voice/alienkevin.wav,我即刻book左去Italy落Rome同Venice旅行，去欣赏下嘅historic sites及culture呀！,5.3974,kept,train,"5.40s in [5.0, 30.0]"
290,./audio/290.wav,./audio/ref_voice/alienkevin.wav,我馬上去South Africa做safari trip，期待見到wild animals呀！,6.656,kept,train,"6.66s in [5.0, 30.0]"
291,./audio/291.wav,./audio/ref_voice/alienkevin.wav,我諗緊喺Canada欣賞fall foliage，紅葉好靚，等我攝个足夠嘅Instagram photos呀！,6.3147,kept,train,"6.31s in [5.0, 30.0]"
292,./audio/292.wav,./audio/ref_voice/alienkevin.wav,我夏天有計劃去Greece喺beach上太陽浴，享受下嘅blue water和white sand呀!,4.7574,too_short,n/a,4.76s < 5.0
293,./audio/293.wav,./audio/ref_voice/alienkevin.wav,我想去New Zealand做hiking trip，觀賞佢哋嘅amazing landscapes呀！,4.503,too_short,n/a,4.50s < 5.0
294,./audio/294.wav,./audio/ref_voice/alienkevin.wav,我喺Spain做road trip，要去嘅cities同beaches都太many呀!,4.7787,too_short,n/a,4.78s < 5.0
295,./audio/295.wav,./audio/ref_voice/alienkevin.wav,我決定去Brazil落Rio Carnival，感受下嘅vibrant culture同festival atmosphere呀!,6.3574,kept,train,"6.36s in [5.0, 30.0]"
296,./audio/296.wav,./audio/ref_voice/alienkevin.wav,禮拜五晚上我哋鍾意去karaoke，麥克風揸住手裏，我就覺得我自己做咗個superstar。,6.2934,kept,train,"6.29s in [5.0, 30.0]"
297,./audio/297.wav,./audio/ref_voice/alienkevin.wav,我打機時間都用嚟玩online game，連接實世界嘅朋友，可以一齊玩得開心過吓添。,7.7227,kept,train,"7.72s in [5.0, 30.0]"
298,./audio/298.wav,./audio/ref_voice/alienkevin.wav,去過一次動漫展，好厲害嘅cosplay，個個都似乎具備超human嘅能力咁。,6.123,kept,train,"6.12s in [5.0, 30.0]"
299,./audio/299.wav,./audio/ref_voice/alienkevin.wav,我訓覺前都會睇下Netflix，看看美國最新嘅series，至於香港drama就同老豆老母一齊睇啦。,7.168,kept,train,"7.17s in [5.0, 30.0]"
300,./audio/300.wav,./audio/ref_voice/alienkevin.wav,我成日都會聽下音樂，無論係Canto-pop還係英國band，都係我嘅favourites。,5.3974,kept,train,"5.40s in [5.0, 30.0]"
301,./audio/301.wav,./audio/ref_voice/alienkevin.wav,上網都鍾意surf嚟surf去，check下最新嘅gadgets或者睇d tech news。,5.3974,kept,train,"5.40s in [5.0, 30.0]"
302,./audio/302.wav,./audio/ref_voice/alienkevin.wav,我哋聚會嘅時候，有時都會一齊玩board game，感覺好似背嚟小時候咁無憂無慮。,7.7227,kept,train,"7.72s in [5.0, 30.0]"
303,./audio/303.wav,./audio/ref_voice/alienkevin.wav,我recently開始去gym做健身，鍛鍊身體之餘，都係一種好relax嘅娛樂方式。,5.9734,kept,train,"5.97s in [5.0, 30.0]"
304,./audio/304.wav,./audio/ref_voice/alienkevin.wav,我喺office返到好焗，返到屋企就係玩吓video game，最緊要自己愉快就得嘞。,6.72,kept,train,"6.72s in [5.0, 30.0]"
305,./audio/305.wav,./audio/ref_voice/alienkevin.wav,我學廣東武術，每次practise都好享受，真係好好嘅娛樂活動同埋運動方式。,6.1014,kept,train,"6.10s in [5.0, 30.0]"
306,./audio/306.wav,./audio/ref_voice/alienkevin.wav,我鍾意跑步，啲runner's high感覺真係唔錯。,4.096,too_short,n/a,4.10s < 5.0
307,./audio/307.wav,./audio/ref_voice/alienkevin.wav,我最近加入咗一個gym，每日都會去做strength training。,4.608,too_short,n/a,4.61s < 5.0
308,./audio/308.wav,./audio/ref_voice/alienkevin.wav,我個朋友教咗我啲basketball技巧，我最鍾意嘅就係3 point shot。,5.1627,kept,train,"5.16s in [5.0, 30.0]"
309,./audio/309.wav,./audio/ref_voice/alienkevin.wav,周末我會同朋友去hiking，嗰種與nature間的bonding真係好relaxing。,5.9947,kept,train,"5.99s in [5.0, 30.0]"
310,./audio/310.wav,./audio/ref_voice/alienkevin.wav,我鍾意做yoga，佢唔單止幫助身體flexibility，仲可以幫助meditate。,5.547,kept,train,"5.55s in [5.0, 30.0]"
311,./audio/311.wav,./audio/ref_voice/alienkevin.wav,冬季我會去skiing，滑雪可以提升我嘅coordination同埋balance能力。,5.0134,kept,train,"5.01s in [5.0, 30.0]"
312,./audio/312.wav,./audio/ref_voice/alienkevin.wav,我training嘅時候會輪流用elliptical machine同埋treadmill，咁就可以全身workout。,6.807,kept,train,"6.81s in [5.0, 30.0]"
313,./audio/313.wav,./audio/ref_voice/alienkevin.wav,我嘅swimming coach教咗我啲breathing techniques，依家我嘅swim speed已經提升咗。,5.632,kept,train,"5.63s in [5.0, 30.0]"
314,./audio/314.wav,./audio/ref_voice/alienkevin.wav,我鍾意每週去做兩次pilates，係一個好方法去strengthen我嘅core muscles。,5.824,kept,train,"5.82s in [5.0, 30.0]"
315,./audio/315.wav,./audio/ref_voice/alienkevin.wav,我嘅朋友話他鍾意去做武術課（martial arts class），佢話呢啲可以提升discipline同埋self-confidence。,7.04,kept,train,"7.04s in [5.0, 30.0]"
316,./audio/316.wav,./audio/ref_voice/alienkevin.wav,新型肺炎疫情令全球經濟受壓，我哋需要政府提供更多financial support去挽救疲弱的經濟。,7.2107,kept,eval,"7.21s in [5.0, 30.0]"
317,./audio/317.wav,./audio/ref_voice/alienkevin.wav,本地藝術和文化發展得好慢，希望政府可以allocate more resources涌入creative industry，令香港嘅藝術文化更有競爭力。,8.4907,kept,train,"8.49s in [5.0, 30.0]"
318,./audio/318.wav,./audio/ref_voice/alienkevin.wav,近年嘅property prices好高，住屋問題愈來愈嚴重。我哋需要政府建多啲affordable housing給市民。,7.232,kept,train,"7.23s in [5.0, 30.0]"
319,./audio/319.wav,./audio/ref_voice/alienkevin.wav,疫情下，好多餐廳企業經營艱難，政府需要提供種specific financial scheme去支援他們。,7.1467,kept,train,"7.15s in [5.0, 30.0]"
320,./audio/320.wav,./audio/ref_voice/alienkevin.wav,很多學生因為school closure受到影響，政府需要建立a better online learning system，以保障學生嘅學習權益。,7.4454,kept,train,"7.45s in [5.0, 30.0]"
321,./audio/321.wav,./audio/ref_voice/alienkevin.wav,"空氣污染問題越來越嚴重，希望政府可以implement stricter environmental regulations for control。"" ",6.4,kept,train,"6.40s in [5.0, 30.0]"
322,./audio/322.wav,./audio/ref_voice/alienkevin.wav,嚴重嘅交通堵塞問題令市民生活嚴重受影響，我哋嘅城市需要更有效嘅public transport system。,7.296,kept,train,"7.30s in [5.0, 30.0]"
323,./audio/323.wav,./audio/ref_voice/alienkevin.wav,食物浪費係一個嚴重問題，我哋政府需要建立一個comprehensive food recycling program去處理冇用嘅食物。,6.592,kept,train,"6.59s in [5.0, 30.0]"
324,./audio/324.wav,./audio/ref_voice/alienkevin.wav,政府應當invest more in healthcare，尤其是疫情之下，醫療資源十分短缺。,5.952,kept,train,"5.95s in [5.0, 30.0]"
325,./audio/325.wav,./audio/ref_voice/alienkevin.wav,政府在youth development嘅投資不足，需要提供更多opportunities for young people，包括再教育、就業等等。,6.464,kept,train,"6.46s in [5.0, 30.0]"
326,./audio/326.wav,./audio/ref_voice/alienkevin.wav,我今日就去一個大sale，想買個brand new嘅handbag，好期待呢！,5.2694,kept,train,"5.27s in [5.0, 30.0]"
327,./audio/327.wav,./audio/ref_voice/alienkevin.wav,我喺department store見到一件好靚嘅dress，但我覺得價錢有啲expensive，邊款比較值得買呢？,6.2934,kept,train,"6.29s in [5.0, 30.0]"
328,./audio/328.wav,./audio/ref_voice/alienkevin.wav,我鐘意個feel嘅vintage cloths，所以我經常去二手店逛逛，好多有趣嘅findings喎。,6.2507,kept,train,"6.25s in [5.0, 30.0]"
329,./audio/329.wav,./audio/ref_voice/alienkevin.wav,我睇到個discount code，可以馬上去網上買啲我之前想買但覺得太貴嘅品牌服裝，真係太lucky啦！,7.552,kept,train,"7.55s in [5.0, 30.0]"
330,./audio/330.wav,./audio/ref_voice/alienkevin.wav,我見到好個好deal，買一送一嘅shoes，質素又好look又comfortable，我覺得好值嘅。,5.655,kept,train,"5.65s in [5.0, 30.0]"
331,./audio/331.wav,./audio/ref_voice/alienkevin.wav,我媽媽話，我今次去outlet購物，可以幫我買個新嘅laptop，我真係太high啦！,4.928,too_short,n/a,4.93s < 5.0
332,./audio/332.wav,./audio/ref_voice/alienkevin.wav,我去市場買緊groceries，發現新鮮嘅fruits同vegetables好平，我就買多咗啲回屋企。,6.8267,kept,train,"6.83s in [5.0, 30.0]"
333,./audio/333.wav,./audio/ref_voice/alienkevin.wav,我想買個最新款嘅smartphone，但我先check下review同比價，之後先決定應唔應該買。,5.6107,kept,train,"5.61s in [5.0, 30.0]"
334,./audio/334.wav,./audio/ref_voice/alienkevin.wav,一齊set goals同monitor progress，學習嘅效果就會大大提升啦。,4.6507,too_short,n/a,4.65s < 5.0
335,./audio/335.wav,./audio/ref_voice/alienkevin.wav,要利用online resources助你解答難題，便於你自主學習嘅。,5.3334,kept,train,"5.33s in [5.0, 30.0]"
336,./audio/336.wav,./audio/ref_voice/alienkevin.wav,每日都需要reserve出一啲時間用上study，堅持係一種好重要嘅success factor喎。,6.528,kept,eval,"6.53s in [5.0, 30.0]"
337,./audio/337.wav,./audio/ref_voice/alienkevin.wav,唔要覺得自己學不到，唔好easy give up，其實我哋每個都有自己嘅potential去學會新嘢嘅。,6.2507,kept,train,"6.25s in [5.0, 30.0]"
338,./audio/338.wav,./audio/ref_voice/alienkevin.wav,develop一個好嘅study habit，一日無做都會覺得唔舒服架。,4.7574,too_short,n/a,4.76s < 5.0
339,./audio/339.wav,./audio/ref_voice/alienkevin.wav,學習就好似workout一樣，需要去遍practice and revise，先會進步喎。,4.9067,too_short,n/a,4.91s < 5.0
340,./audio/340.wav,./audio/ref_voice/alienkevin.wav,engage喺學習嘅過程中好重要，咁先能full understand學到嘅東西。,5.7387,kept,train,"5.74s in [5.0, 30.0]"
341,./audio/341.wav,./audio/ref_voice/alienkevin.wav,學識學嘢唔只係讀書，還要learn from experience啦，這種事好common架。,5.248,kept,train,"5.25s in [5.0, 30.0]"
342,./audio/342.wav,./audio/ref_voice/alienkevin.wav,用heart去學嘢，你就會感受到學習的joy和satisfaction架。,4.4374,too_short,n/a,4.44s < 5.0
343,./audio/343.wav,./audio/ref_voice/alienkevin.wav,揀咗自己喜歡同interested嘅野去學，學習嘅過程就會smooth多咗。,4.7574,too_short,n/a,4.76s < 5.0
344,./audio/344.wav,./audio/ref_voice/alienkevin.wav,即使平時duty好忙，都需要抽空去做啲self-reflection，睇下自己喺工作嘅performance點樣。,6.336,kept,eval,"6.34s in [5.0, 30.0]"
345,./audio/345.wav,./audio/ref_voice/alienkevin.wav,有時，要去adapt新嘅work environment同workflow，尤其喺疫情下，我哋都要学习去accept new normal。,5.7387,kept,train,"5.74s in [5.0, 30.0]"
346,./audio/346.wav,./audio/ref_voice/alienkevin.wav,喺工作嘅同時，都好重要去保持工作生活嘅balance，咁先可以sustain long term嘅performance。,6.4854,kept,train,"6.49s in [5.0, 30.0]"
347,./audio/347.wav,./audio/ref_voice/alienkevin.wav,喺追求career success嘅路上，critical thinking同problem solving skills都好重要，咁可以face 嚟自各方面嘅…,7.5307,kept,train,"7.53s in [5.0, 30.0]"
348,./audio/348.wav,./audio/ref_voice/alienkevin.wav,我哋喺工作嘅同時，都要maintain好嘅professionalism同ethics，咁先可以assume更大嘅responsibilities。,6.8267,kept,train,"6.83s in [5.0, 30.0]"
349,./audio/349.wav,./audio/ref_voice/alienkevin.wav,喺團隊工作中，cooperation同teamwork勁重要，大家都要識得互相support同respect。,5.1414,kept,train,"5.14s in [5.0, 30.0]"
350,./audio/350.wav,./audio/ref_voice/alienkevin.wav,將來，我哋都應該要追求更大嘅career opportunities，透過continuous learning同upgrading嘅skill sets。,7.232,kept,train,"7.23s in [5.0, 30.0]"
351,./audio/351.wav,./audio/ref_voice/alienkevin.wav,咁樣喺高壓嘅situations下都識得保持cool同calm，對工作有好大嘅help。,5.632,kept,train,"5.63s in [5.0, 30.0]"
352,./audio/352.wav,./audio/ref_voice/alienkevin.wav,"千祈唔好玩失去嘅curiosity，困難嘅時候唔好怕問question，咁先可以不断嘅improve自己。"" ",6.848,kept,eval,"6.85s in [5.0, 30.0]"
353,./audio/353.wav,./audio/ref_voice/alienkevin.wav,每日都要set新嘅goals，並keep track嘅progress，咁先可以開展自己嘅potential。,6.123,kept,eval,"6.12s in [5.0, 30.0]"
354,./audio/354.wav,./audio/ref_voice/alienkevin.wav,超calm的一个morning，最好gaai個時tanning啦。,4.48,too_short,n/a,4.48s < 5.0
355,./audio/355.wav,./audio/ref_voice/alienkevin.wav,瞓覺前記得check下天气，话说可能会有overnight frost喔。,4.544,too_short,n/a,4.54s < 5.0
356,./audio/356.wav,./audio/ref_voice/alienkevin.wav,晚餐後一家人去喺rooftop enjoy下個breeze，天气好好呀。,4.864,too_short,n/a,4.86s < 5.0
357,./audio/357.wav,./audio/ref_voice/alienkevin.wav,大人少儿要小心，白天話會extremely hot嘅。,4.0107,too_short,n/a,4.01s < 5.0
358,./audio/358.wav,./audio/ref_voice/alienkevin.wav,Dinner後可以去海边，預計會有一個perfect sunset呢。,3.9894,too_short,n/a,3.99s < 5.0
359,./audio/359.wav,./audio/ref_voice/alienkevin.wav,走前前要remember帶把umbrella，预报話可能會下雨。,4.5867,too_short,n/a,4.59s < 5.0
360,./audio/360.wav,./audio/ref_voice/alienkevin.wav,去迎接快要arrive嘅spring吧，花应该准备再bloom喇。,4.9067,too_short,n/a,4.91s < 5.0
361,./audio/361.wav,./audio/ref_voice/alienkevin.wav,唔好忘咗帶sunscreen出街啊，話說uv index會好高呀。,4.503,too_short,n/a,4.50s < 5.0
362,./audio/362.wav,./audio/ref_voice/alienkevin.wav,记得带多piece sweater，晚上話会变得quite chilly。,4.7147,too_short,n/a,4.71s < 5.0
363,./audio/363.wav,./audio/ref_voice/alienkevin.wav,如果你计划出去hiking，记得check下weather forecast，话畀你听可能会有thunderstorms。,5.7387,kept,train,"5.74s in [5.0, 30.0]"
364,./audio/364.wav,./audio/ref_voice/alienkevin.wav,"我最鍾意嘅大排檔有一道black pepper beef，醬汁rich同juicy，好real authentic!""  ",6.9974,kept,train,"7.00s in [5.0, 30.0]"
365,./audio/365.wav,./audio/ref_voice/alienkevin.wav,"Dinner我一定煮番杯雞蛋炒飯，simplicity之餘又富有飽足感，得心應手到唔得了!""  ",7.616,kept,train,"7.62s in [5.0, 30.0]"
366,./audio/366.wav,./audio/ref_voice/alienkevin.wav,"我真係無法resist落個cafe飲個freshly brewed的咖啡，啱啱好嘅bitterness實在太captivating!""  ",7.275,kept,train,"7.27s in [5.0, 30.0]"
367,./audio/367.wav,./audio/ref_voice/alienkevin.wav,"海鮮豐富嘅西班牙paella真係worth every penny，每一粒滿是flavour嘅飯粒都令我欲罷不能!"" ",6.72,kept,train,"6.72s in [5.0, 30.0]"
368,./audio/368.wav,./audio/ref_voice/alienkevin.wav,驚喜下，我今日lunch time決定食個fusion sushi roll，你唔會相信原來raw fish可以咁delicious!,6.656,kept,train,"6.66s in [5.0, 30.0]"
369,./audio/369.wav,./audio/ref_voice/alienkevin.wav,"我總會joyful咁飲杯bubble tea，嗰pearls chewy得嚟smooth，喺口入面就像跳舞一樣,simply irresistible!",8.128,kept,train,"8.13s in [5.0, 30.0]"
370,./audio/370.wav,./audio/ref_voice/alienkevin.wav,"早餐我鐘意食個smashed avocado toast，捧住嗰刻fruity taste, 真係heavenly!",5.6107,kept,train,"5.61s in [5.0, 30.0]"
371,./audio/371.wav,./audio/ref_voice/alienkevin.wav,"食完嗰個belgian waffle，我唯一想話係, 'Having this is truly a bless!'"" ",6.016,kept,train,"6.02s in [5.0, 30.0]"
372,./audio/372.wav,./audio/ref_voice/alienkevin.wav,嚟個fall in love with chocolate lava cake，每次看到嗰melted chocolate流出嚟時，我感到極度satisfyin…,7.4027,kept,train,"7.40s in [5.0, 30.0]"
373,./audio/373.wav,./audio/ref_voice/alienkevin.wav,今日lunch我去咗食個salad，雖然我怕肥緊節食，但fruit and nut combination真係surprisingly tasty!,7.3174,kept,train,"7.32s in [5.0, 30.0]"
374,./audio/374.wav,./audio/ref_voice/alienkevin.wav,我准备喺Summer去日本嘅Kyoto，欣赏下花火festival嘅魅力啦!,5.376,kept,train,"5.38s in [5.0, 30.0]"
375,./audio/375.wav,./audio/ref_voice/alienkevin.wav,橫琴岛嘅温泉真系super relaxing，我一定要再去一次咋!,4.16,too_short,n/a,4.16s < 5.0
376,./audio/376.wav,./audio/ref_voice/alienkevin.wav,返工太累啦，我想去Maldives躺沙滩，感受一下beach life嘅乐趣。,4.9067,too_short,n/a,4.91s < 5.0
377,./audio/377.wav,./audio/ref_voice/alienkevin.wav,New Year假期我洗准备去London shopping，唔好再讲我shopaholic啦!,5.696,kept,train,"5.70s in [5.0, 30.0]"
378,./audio/378.wav,./audio/ref_voice/alienkevin.wav,我打算十一黄金周去Australia嘅Sydney海边BBQ，好似好有fun哦!,5.2054,kept,train,"5.21s in [5.0, 30.0]"
379,./audio/379.wav,./audio/ref_voice/alienkevin.wav,来喇Christmas假期，我决定去New York嘅Times Square，體驗下countdown嘅狂热气氛!,7.0827,kept,train,"7.08s in [5.0, 30.0]"
380,./audio/380.wav,./audio/ref_voice/alienkevin.wav,下个星期我要去深圳Bay Park玩，欣赏下嘅modern city view。,5.3974,kept,eval,"5.40s in [5.0, 30.0]"
381,./audio/381.wav,./audio/ref_voice/alienkevin.wav,今年我又想去Thailand潜水，尽情享受下underwater world嘅美丽。,4.9494,too_short,n/a,4.95s < 5.0
382,./audio/382.wav,./audio/ref_voice/alienkevin.wav,我想去法国嘅Paris，去Eiffel Tower度度新年，似乎好romantic呀!,4.8214,too_short,n/a,4.82s < 5.0
383,./audio/383.wav,./audio/ref_voice/alienkevin.wav,我打算去台湾租一个露营车，体验下road trip嘅乐趣啦!,4.1814,too_short,n/a,4.18s < 5.0
384,./audio/384.wav,./audio/ref_voice/alienkevin.wav,我好鍾意玩video game，最近剛買咗一部新嘅PS5，真係非常exciting！,5.4614,kept,train,"5.46s in [5.0, 30.0]"
385,./audio/385.wav,./audio/ref_voice/alienkevin.wav,週末我同朋友去咗邊度唱K，叫咗幾個pizza配埋幾罐beer，真係非常happy呀！,5.7387,kept,train,"5.74s in [5.0, 30.0]"
386,./audio/386.wav,./audio/ref_voice/alienkevin.wav,我鍾意去追星，尤其係Kpop團體，每次看到佢地演出，心都會beat得好快！,5.6747,kept,train,"5.67s in [5.0, 30.0]"
387,./audio/387.wav,./audio/ref_voice/alienkevin.wav,我最喜歡嘅movie係‘阿凡達’，佢嘅特效同story line都係完全top-notch，每次看都唔會膩！,8.4694,kept,train,"8.47s in [5.0, 30.0]"
388,./audio/388.wav,./audio/ref_voice/alienkevin.wav,我平時鍾意聽R&B同Hip-hop music，尤其係當我感到down嘅時候，聽下music真係可以幫到好多。,6.7627,kept,eval,"6.76s in [5.0, 30.0]"
389,./audio/389.wav,./audio/ref_voice/alienkevin.wav,"我鍾意去concert享受live嘅音樂，無論係本土band定係international stars, 都可以令我感到非常high！"" ",7.7867,kept,train,"7.79s in [5.0, 30.0]"
390,./audio/390.wav,./audio/ref_voice/alienkevin.wav,我最鍾意嘅TV show係‘Friends’，因為裡面嘅jokes都好搞笑，每次睇都會laugh out loud！,5.9094,kept,train,"5.91s in [5.0, 30.0]"
391,./audio/391.wav,./audio/ref_voice/alienkevin.wav,"我每逢假期就會去迪士尼度玩，喺度ride各種各樣嘅rides，玩得好高興同過癮！"" ",5.547,kept,train,"5.55s in [5.0, 30.0]"
392,./audio/392.wav,./audio/ref_voice/alienkevin.wav,"我鍾意去夜店跳舞，特別係當DJ播我最愛的EDM時，真係令我感到非常pumped up！"" ",6.336,kept,train,"6.34s in [5.0, 30.0]"
393,./audio/393.wav,./audio/ref_voice/alienkevin.wav,我每逢新一季嘅'Game of Thrones'出嚟，就會同friend開個watching party，感覺真係非常cool!,6.807,kept,train,"6.81s in [5.0, 30.0]"
394,./audio/394.wav,./audio/ref_voice/alienkevin.wav,我每日都會去gym做運動，維持healthy lifestyle真係好important。,4.7147,too_short,n/a,4.71s < 5.0
395,./audio/395.wav,./audio/ref_voice/alienkevin.wav,我喺basketball court度打波，感覺自己好似NBA嘅star一樣。,4.16,too_short,n/a,4.16s < 5.0
396,./audio/396.wav,./audio/ref_voice/alienkevin.wav,Playing soccer唔單止係比賽，同時都係一種teamwork嘅練習。,4.3307,too_short,n/a,4.33s < 5.0
397,./audio/397.wav,./audio/ref_voice/alienkevin.wav,當我de-stress嘅時候就會去打羽毛球，由心出發就好enjoyable。,4.3307,too_short,n/a,4.33s < 5.0
398,./audio/398.wav,./audio/ref_voice/alienkevin.wav,我每周都會去swim，喺水中感覺好係freedom。,3.84,too_short,n/a,3.84s < 5.0
399,./audio/399.wav,./audio/ref_voice/alienkevin.wav,我之前參加咗一次marathon，成個過程都好challenging但係結果真係好satisfying。,5.44,kept,train,"5.44s in [5.0, 30.0]"
400,./audio/400.wav,./audio/ref_voice/alienkevin.wav,被隊友pass嘅rugby球，我會揸得好tight並且全力以赴嘅跑。,5.079,kept,train,"5.08s in [5.0, 30.0]"
401,./audio/401.wav,./audio/ref_voice/alienkevin.wav,喺tennis court上，每次打返嚟球都需要full concentration。,3.9467,too_short,n/a,3.95s < 5.0
402,./audio/402.wav,./audio/ref_voice/alienkevin.wav,雖然單車行山有時quite tough，但係其實好足本 enjoy 其中的nature。,6.2507,kept,eval,"6.25s in [5.0, 30.0]"
403,./audio/403.wav,./audio/ref_voice/alienkevin.wav,瑜伽唔單可以提升我們嘅flexibility，仲可以幫助peace of mind。,4.16,too_short,n/a,4.16s < 5.0
404,./audio/404.wav,./audio/ref_voice/alienkevin.wav,交通問題嚴重，我地需要government推行public transportation improvements去改善現況。,5.547,kept,train,"5.55s in [5.0, 30.0]"
405,./audio/405.wav,./audio/ref_voice/alienkevin.wav,空氣污染對我哋健康嘅影響好大，政府需要implement強制性嘅emission standards。,5.4187,kept,train,"5.42s in [5.0, 30.0]"
406,./audio/406.wav,./audio/ref_voice/alienkevin.wav,經濟發展唔係犧牲環保嘅代價，我哋需要進行sustainable development。,5.44,kept,train,"5.44s in [5.0, 30.0]"
407,./audio/407.wav,./audio/ref_voice/alienkevin.wav,新冠病毒打亂我哋嘅生活，政府需要確保有充足嘅COVID-19 vaccines供應市民接種。,6.72,kept,train,"6.72s in [5.0, 30.0]"
408,./audio/408.wav,./audio/ref_voice/alienkevin.wav,我哋嘅長者搵唔到工作，政府需要提供更多支援，包括job training programs。,5.4614,kept,train,"5.46s in [5.0, 30.0]"
409,./audio/409.wav,./audio/ref_voice/alienkevin.wav,青少年情緒困擾問題變嚴重，我哋需要提供足夠mental health resources。,4.992,too_short,n/a,4.99s < 5.0
410,./audio/410.wav,./audio/ref_voice/alienkevin.wav,越來越多人无屋可住，我地需要建立一個comprehensive homelessness prevention program。,6.08,kept,eval,"6.08s in [5.0, 30.0]"
411,./audio/411.wav,./audio/ref_voice/alienkevin.wav,美食地圖令香港成為美食之都，但係同時都導致咗food waste問題嚴重，政府需要加大力度處理。,7.7227,kept,train,"7.72s in [5.0, 30.0]"
412,./audio/412.wav,./audio/ref_voice/alienkevin.wav,"近年嚟嘅性骚扰問題令人擔憂，我哋應該跟嚟新嘅laws派對去處理呢啲錯行為。"" ",6.9974,kept,eval,"7.00s in [5.0, 30.0]"
413,./audio/413.wav,./audio/ref_voice/alienkevin.wav,教育改革必須支持我哋嘅年青一代，政府需要投資於innovative learning strategies。,6.231,kept,train,"6.23s in [5.0, 30.0]"
414,./audio/414.wav,./audio/ref_voice/alienkevin.wav,我昨日去咗個shopping mall，好多brands都係做緊sales，我果然係right time去購物嘅！,5.5894,kept,train,"5.59s in [5.0, 30.0]"
415,./audio/415.wav,./audio/ref_voice/alienkevin.wav,我一直都鐘意呢對sneakers，但都覺得佢啲價錢太高，所以我就等佢打折先買，果然有patience真係會有reward喎。,9.6,kept,train,"9.60s in [5.0, 30.0]"
416,./audio/416.wav,./audio/ref_voice/alienkevin.wav,Shopping online真係好方便，隨時隨地都可以睇到新款，仲可以直接比價，真係too good to be true咁嘅experience。,7.0614,kept,train,"7.06s in [5.0, 30.0]"
417,./audio/417.wav,./audio/ref_voice/alienkevin.wav,我見到呢件blouse，真喺好喜歡佢嘅design，但好unluckily佢哋已經賣晒我嘅size，只能等佢哋再stock up啦。,7.488,kept,train,"7.49s in [5.0, 30.0]"
418,./audio/418.wav,./audio/ref_voice/alienkevin.wav,我諗我已經形成咗個holiday shopping嘅tradition，每年聖誕節都會去買一大堆嘅禮物送比朋友，其實都是一種happiness喎。,9.216,kept,train,"9.22s in [5.0, 30.0]"
419,./audio/419.wav,./audio/ref_voice/alienkevin.wav,去outlet shopping好似打寶一樣，有時會突然搵到好平嘅designer items，精神上真係好fulfilling。,7.4027,kept,train,"7.40s in [5.0, 30.0]"
420,./audio/420.wav,./audio/ref_voice/alienkevin.wav,我見到呢個brand新出嘅collection，袋同鞋都好match，我決定要invest喺佢哋嘅產品上，我覺得我make a good decision啦。,7.5307,kept,train,"7.53s in [5.0, 30.0]"
421,./audio/421.wav,./audio/ref_voice/alienkevin.wav,我都好想要呢對earrings，但實在太over budget，可能要等到優惠先至可以afford。,6.5494,kept,train,"6.55s in [5.0, 30.0]"
422,./audio/422.wav,./audio/ref_voice/alienkevin.wav,我係網上見到個fashion blogger著緊我睇中嘅裙，所以我即刻去網店搵，lucky咁，呢個裙仲有得買，真係超happy！,8.427,kept,train,"8.43s in [5.0, 30.0]"
423,./audio/423.wav,./audio/ref_voice/alienkevin.wav,我買咗一對vintage jeans，好岩我嘅style，就算佢cost我一筆錢，我都覺得值得，因為我真係好like呢條jeans呀！,7.552,kept,train,"7.55s in [5.0, 30.0]"
424,./audio/424.wav,./audio/ref_voice/alienkevin.wav,"學習冇咩shortcut，我哋要耐心keep going，一步步走向成功。"" ",5.44,kept,eval,"5.44s in [5.0, 30.0]"
425,./audio/425.wav,./audio/ref_voice/alienkevin.wav,唔好just focus喺你嘅weakness，你都要appreciate自己的strength。,4.1174,too_short,n/a,4.12s < 5.0
426,./audio/426.wav,./audio/ref_voice/alienkevin.wav,"Failure唔係the end，它只係教我哋學習如何做得更好嘅一個part。"" ",5.2694,kept,train,"5.27s in [5.0, 30.0]"
427,./audio/427.wav,./audio/ref_voice/alienkevin.wav,"學嘅時候不妨去treat問題like a challenge，咁就可以找到更多嘅motivation去學嘅。"" ",5.655,kept,train,"5.65s in [5.0, 30.0]"
428,./audio/428.wav,./audio/ref_voice/alienkevin.wav,"Remember，唔要怕出錯，因為mistakes係學習嘅一部分。"" ",3.84,too_short,n/a,3.84s < 5.0
429,./audio/429.wav,./audio/ref_voice/alienkevin.wav,就算你feel lost，都唔好放棄，keep learning就一定可以find your way出來。,4.544,too_short,n/a,4.54s < 5.0
430,./audio/430.wav,./audio/ref_voice/alienkevin.wav,"唔好太hard on yourself，學習唔係一個race，而係一場marathon。"" ",4.2027,too_short,n/a,4.20s < 5.0
431,./audio/431.wav,./audio/ref_voice/alienkevin.wav,"用你嘅curiosity去學習新嘅知識，咁就可以學到更多嘅things啦。"" ",4.6934,too_short,n/a,4.69s < 5.0
432,./audio/432.wav,./audio/ref_voice/alienkevin.wav,學習就係about acquisition of knowledge，慢慢build up你嘅wisdom。,4.416,too_short,n/a,4.42s < 5.0
433,./audio/433.wav,./audio/ref_voice/alienkevin.wav,冇論學嘅是乜嘢，都要有confidence同belief in yourself，咁先可以學嘅更有效率。,6.016,kept,train,"6.02s in [5.0, 30.0]"
434,./audio/434.wav,./audio/ref_voice/alienkevin.wav,做你想做嘅事，唔需要理別人嘅expectations，聽你自己嘅heart就好。,5.1414,kept,train,"5.14s in [5.0, 30.0]"
435,./audio/435.wav,./audio/ref_voice/alienkevin.wav,每次failure都係學習嘅機會，只要你有persistence，總會達到success嘅。,5.547,kept,train,"5.55s in [5.0, 30.0]"
436,./audio/436.wav,./audio/ref_voice/alienkevin.wav,朝朝暮暮嘅hard work都一定會帶嚟rewards，無謂怕辛苦，我哋要cherish每一次嘅opportunity。,7.936,kept,train,"7.94s in [5.0, 30.0]"
437,./audio/437.wav,./audio/ref_voice/alienkevin.wav,乜嘢叫真正嘅success？就係你起得開你自己love嘅job，full of passion去追求dreams。“,7.0187,kept,eval,"7.02s in [5.0, 30.0]"
438,./audio/438.wav,./audio/ref_voice/alienkevin.wav,做決定時唔好怕 make mistakes，因為dares to take risks係成功嘅一部份。”,5.655,kept,train,"5.65s in [5.0, 30.0]"
439,./audio/439.wav,./audio/ref_voice/alienkevin.wav,呢度加班好hazardous，唔正常嘅work-life balance沒法sustain長久嘅career。,5.8454,kept,train,"5.85s in [5.0, 30.0]"
440,./audio/440.wav,./audio/ref_voice/alienkevin.wav,工作唔識得communicate又點合作呢？teamwork就係要良好嘅communication skills。”,5.9307,kept,eval,"5.93s in [5.0, 30.0]"
441,./audio/441.wav,./audio/ref_voice/alienkevin.wav,"工作唔止係諗錢，更重要嘅係你可以gain到乜嘢experience,學識乜嘢新嘅knowledge。”",7.2107,kept,train,"7.21s in [5.0, 30.0]"
442,./audio/442.wav,./audio/ref_voice/alienkevin.wav,面對困難唔好放棄，只要keep going，想成功就一定會有way out。”,4.8,too_short,n/a,4.80s < 5.0
443,./audio/443.wav,./audio/ref_voice/alienkevin.wav,喺工作嘅時候，唔好忽視自己嘅health，good health係highest wealth嘅。”,5.2694,kept,train,"5.27s in [5.0, 30.0]"
444,./audio/444.wav,./audio/ref_voice/alienkevin.wav,今日嘅天气真係amazing，全日都係明朗嘅太阳。,4.096,too_short,n/a,4.10s < 5.0
445,./audio/445.wav,./audio/ref_voice/alienkevin.wav,繼續keep住呢种好天气就最好唔过喇。,3.4987,too_short,n/a,3.50s < 5.0
446,./audio/446.wav,./audio/ref_voice/alienkevin.wav,近排嘅气温畀人感覺有啲unstable，大家千祈记得带好衣服。,4.736,too_short,n/a,4.74s < 5.0
447,./audio/447.wav,./audio/ref_voice/alienkevin.wav,天氣話预报tornado，大家要stay safe喔！,4.7787,too_short,n/a,4.78s < 5.0
448,./audio/448.wav,./audio/ref_voice/alienkevin.wav,又话今朝可能有會heavy rain，唔好忘记帶伞出門。,4.3734,too_short,n/a,4.37s < 5.0
449,./audio/449.wav,./audio/ref_voice/alienkevin.wav,暑假嘅时候通常都会变得非常hot，晒太阳咁都要注意put sunscreen防晒。,6.123,kept,train,"6.12s in [5.0, 30.0]"
450,./audio/450.wav,./audio/ref_voice/alienkevin.wav,瞓果陣窗户记得关好，因为晚晚都会有一阵子大风blow。,5.0987,kept,train,"5.10s in [5.0, 30.0]"
451,./audio/451.wav,./audio/ref_voice/alienkevin.wav,今天可能有會thunderstorm，出门最好配备得完整一啲。,4.352,too_short,n/a,4.35s < 5.0
452,./audio/452.wav,./audio/ref_voice/alienkevin.wav,冬天嚟咗，寒冷天氣带来嘅snow好麻煩喔。,3.776,too_short,n/a,3.78s < 5.0
453,./audio/453.wav,./audio/ref_voice/alienkevin.wav,今天嘅humidity有啲high，可能会使人感觉有啲sticky咁。,4.7574,too_short,n/a,4.76s < 5.0
454,./audio/454.wav,./audio/ref_voice/alienkevin.wav,"我鍾意煮個spaghetti carbonara，夠 creamy 又唔會太肥，簡直太perfect!"" ",5.547,kept,train,"5.55s in [5.0, 30.0]"
455,./audio/455.wav,./audio/ref_voice/alienkevin.wav,"我最鍾意嘅chocolate fudge cake, 甜膩當中帶有一絲bitter，味道unique到呆!"" ",6.976,kept,train,"6.98s in [5.0, 30.0]"
456,./audio/456.wav,./audio/ref_voice/alienkevin.wav,"我就喜歡煮個home-made burger，堆疊嘅滋味配合到無得輸，滋味正到爆!""  ",5.5254,kept,train,"5.53s in [5.0, 30.0]"
457,./audio/457.wav,./audio/ref_voice/alienkevin.wav,"我最愛嘅steak tartare，喺raw嘅感覺同新鮮嘅taste之間做到一個完美嘅balance!""  ",6.72,kept,train,"6.72s in [5.0, 30.0]"
458,./audio/458.wav,./audio/ref_voice/alienkevin.wav,"我一定會bake一個蘋果撻，crisp pastry同甜甜的apple filling，實在係太delicious!""  ",7.8294,kept,train,"7.83s in [5.0, 30.0]"
459,./audio/459.wav,./audio/ref_voice/alienkevin.wav,"午餐時間我都鍾意一個fresh salad，healthy又清新，真係highlight of my day!""  ",5.056,kept,train,"5.06s in [5.0, 30.0]"
460,./audio/460.wav,./audio/ref_voice/alienkevin.wav,我嘅ultimate comfort food就係chicken pot pie，creamy filling同flaky crust，就係一個word－sat…,7.4027,kept,train,"7.40s in [5.0, 30.0]"
461,./audio/461.wav,./audio/ref_voice/alienkevin.wav,"我總會烤一個sourdough loaf，香噴噴的bread smell，fresh出烤箱嘅時候最吸引人!""  ",6.272,kept,train,"6.27s in [5.0, 30.0]"
462,./audio/462.wav,./audio/ref_voice/alienkevin.wav,"當然唔少得disco fries，cheesy同crispy，夜晚食嘅時候最正!"" ",5.056,kept,train,"5.06s in [5.0, 30.0]"
463,./audio/463.wav,./audio/ref_voice/alienkevin.wav,最鍾意嘅零食就係popcorn，salty sweet嘅taste，追劇嘅時候最開胃!,5.0347,kept,train,"5.03s in [5.0, 30.0]"
464,./audio/464.wav,./audio/ref_voice/alienkevin.wav,我上次去咗New Zealand嘅Auckland，那边嘅自然景色真系真系好stunning，超级worth it！,6.272,kept,train,"6.27s in [5.0, 30.0]"
465,./audio/465.wav,./audio/ref_voice/alienkevin.wav,我打算下个month就去咗France嘅Paris，去欣赏下Eiffel Tower咯！,5.1414,kept,train,"5.14s in [5.0, 30.0]"
466,./audio/466.wav,./audio/ref_voice/alienkevin.wav,我好想去Australia嘅Sydney，dive under the Great Barrier Reef，应该会系一个unforgettable exper…,6.528,kept,train,"6.53s in [5.0, 30.0]"
467,./audio/467.wav,./audio/ref_voice/alienkevin.wav,Australia嘅Perth真系好relaxing，感觉好似走入laid-back的paradise一样。,5.888,kept,train,"5.89s in [5.0, 30.0]"
468,./audio/468.wav,./audio/ref_voice/alienkevin.wav,去年喺Japan嘅Tokyo shopping真系玩得好过癮，今年我想再去一次咋！,5.7814,kept,train,"5.78s in [5.0, 30.0]"
469,./audio/469.wav,./audio/ref_voice/alienkevin.wav,我几想喺Winter去Finland 看看Northern Lights，应该会系个magical experience嘅！,5.632,kept,train,"5.63s in [5.0, 30.0]"
470,./audio/470.wav,./audio/ref_voice/alienkevin.wav,我准备喺Canada嘅Vancouver做一个road trip，沿途嘅风景应该会好美嘅！,6.1654,kept,train,"6.17s in [5.0, 30.0]"
471,./audio/471.wav,./audio/ref_voice/alienkevin.wav,"我已经计划好喺Spring 去Korea嘅Busan赏花啦，期待极啦！"" ",5.4187,kept,train,"5.42s in [5.0, 30.0]"
472,./audio/472.wav,./audio/ref_voice/alienkevin.wav,去年喺Italy嘅Rome 玩得真系好开心，吃咗好多delicious嘅pizza和pasta，今年再去一次哈哈！,7.3174,kept,train,"7.32s in [5.0, 30.0]"
473,./audio/473.wav,./audio/ref_voice/alienkevin.wav,"我特别喜欢Thai嘅Bangkok, shopping paradise啊，又便宜，又多款，最重要嘅系好好玩！",6.4214,kept,train,"6.42s in [5.0, 30.0]"
474,./audio/474.wav,./audio/ref_voice/alienkevin.wav,"我真係好鍾意嘅遊戲就係‘The Legend of Zelda’,每次解puzzle都覺得自己好smart！",6.6774,kept,eval,"6.68s in [5.0, 30.0]"
475,./audio/475.wav,./audio/ref_voice/alienkevin.wav,周末嘅時候，我鐘意去影院睇電影，特別係Marvel嘅superhero電影，係我嘅favourite！,5.6107,kept,train,"5.61s in [5.0, 30.0]"
476,./audio/476.wav,./audio/ref_voice/alienkevin.wav,我最鍾意嘅band就係Coldplay，而家嘅歌都好屬意，聽佢地嘅音樂會make my day！,5.6107,kept,train,"5.61s in [5.0, 30.0]"
477,./audio/477.wav,./audio/ref_voice/alienkevin.wav,我鍾意嘅舞台劇就係‘Phantom of the Opera’，當主角一唱出‘The Music of the Night’我整個人都全身chill！,7.5307,kept,train,"7.53s in [5.0, 30.0]"
478,./audio/478.wav,./audio/ref_voice/alienkevin.wav,我超鍾意追劇，尤其係Netflix出嘅韓劇，充滿suspense，令我睇得眼都冇合過！,6.592,kept,eval,"6.59s in [5.0, 30.0]"
479,./audio/479.wav,./audio/ref_voice/alienkevin.wav,我好鍾意音樂節，尤其係Coachella，那種feel真係無法比擬，每次去都好exciting！,6.4214,kept,train,"6.42s in [5.0, 30.0]"
480,./audio/480.wav,./audio/ref_voice/alienkevin.wav,我喺Instagram上面follow左好多artists，每次佢地post新嘅artworks，我都會超級exciting！,5.568,kept,eval,"5.57s in [5.0, 30.0]"
481,./audio/481.wav,./audio/ref_voice/alienkevin.wav,我超鍾意打電動，尤其係‘Overwatch’，每次都會跟隨著game的rhythm，極度投入！,6.0374,kept,train,"6.04s in [5.0, 30.0]"
482,./audio/482.wav,./audio/ref_voice/alienkevin.wav,我覺得畫畫能夠relax亦令人happy，噉我每次有空閒時都會揸起畫筆，揮灑自己嘅creativity！,8.0854,kept,train,"8.09s in [5.0, 30.0]"
483,./audio/483.wav,./audio/ref_voice/alienkevin.wav,我好鐘意睇網絡劇，尤其係YouTuber出嘅原創短片，點解呢？因為佢地嘅ideas都好unique，每次睇都會覺得好inspired！,7.808,kept,train,"7.81s in [5.0, 30.0]"
484,./audio/484.wav,./audio/ref_voice/alienkevin.wav,即使天氣唔係咁好，我都會堅持去gym做workout，可唔可以有個fit body就睇依個persistence。,7.104,kept,train,"7.10s in [5.0, 30.0]"
485,./audio/485.wav,./audio/ref_voice/alienkevin.wav,"我每晚都会跑步keep fit，對我嚟講,有active lifestyle真係well-being嘅一部分。",5.248,kept,train,"5.25s in [5.0, 30.0]"
486,./audio/486.wav,./audio/ref_voice/alienkevin.wav,我覺得玩badminton好有趣，唔止可以improve coordination，亦都可以boost up energy level.,5.2054,kept,train,"5.21s in [5.0, 30.0]"
487,./audio/487.wav,./audio/ref_voice/alienkevin.wav,周末去咗攀岩嘅experience真係好exciting，我之前未試過喺這種altitude and difficulty上push自己嘅limits。,7.0614,kept,train,"7.06s in [5.0, 30.0]"
488,./audio/488.wav,./audio/ref_voice/alienkevin.wav,嚟緊想去參加一個yoga class，相信會係一個好relaxing嘅body and mind嘅exercise。,5.4827,kept,train,"5.48s in [5.0, 30.0]"
489,./audio/489.wav,./audio/ref_voice/alienkevin.wav,太陽曬個時候去游水，果種感覺真係great，同時亦都好有benefit to cardiovascular health.,7.5094,kept,train,"7.51s in [5.0, 30.0]"
490,./audio/490.wav,./audio/ref_voice/alienkevin.wav,去踩單車唔單止可以scenery俾眼光，而且亦都可以increase stamina.,5.632,kept,train,"5.63s in [5.0, 30.0]"
491,./audio/491.wav,./audio/ref_voice/alienkevin.wav,我好欣賞足球嘅teamwork，每個人嘅contribution都好essential去決定比賽嘅outcome。,5.248,kept,train,"5.25s in [5.0, 30.0]"
492,./audio/492.wav,./audio/ref_voice/alienkevin.wav,晨早跑馬拉松，果種freshness同得來嘅achievement感，人生中都難以忘記。,7.68,kept,train,"7.68s in [5.0, 30.0]"
493,./audio/493.wav,./audio/ref_voice/alienkevin.wav,學游泳唔止可以enhance muscular strength，亦都可以學到rescue skills，真係一項好有價值嘅sport。,7.808,kept,train,"7.81s in [5.0, 30.0]"
494,./audio/494.wav,./audio/ref_voice/alienkevin.wav,塑膠污染問題日益严重，我哋需要推行更有效嘅plastic waste management strategies。,5.568,kept,train,"5.57s in [5.0, 30.0]"
495,./audio/495.wav,./audio/ref_voice/alienkevin.wav,公共交通費用不停上升，可以考慮introducing more fare concessions吾洗大家咁辛苦。,5.0347,kept,train,"5.03s in [5.0, 30.0]"
496,./audio/496.wav,./audio/ref_voice/alienkevin.wav,本地消費物價一直上揚，我哋需要更有效嘅price control measures。,5.568,kept,train,"5.57s in [5.0, 30.0]"
497,./audio/497.wav,./audio/ref_voice/alienkevin.wav,巿區人口密度過高，政府應考虑implement sustainable urban planning。,6.2934,kept,train,"6.29s in [5.0, 30.0]"
498,./audio/498.wav,./audio/ref_voice/alienkevin.wav,民族歧視問題仍未被完全解決，我們需要更強烈的anti-discrimination campaigns。,5.056,kept,train,"5.06s in [5.0, 30.0]"
499,./audio/499.wav,./audio/ref_voice/alienkevin.wav,食品安全问题越来越严重，我哋需要一个更透明的food quality monitoring system。,4.5227,too_short,n/a,4.52s < 5.0
500,./audio/500.wav,./audio/ref_voice/alienkevin.wav,本地短缺創新科技人才，学校應該more focus on STEM education。,7.04,kept,train,"7.04s in [5.0, 30.0]"
501,./audio/501.wav,./audio/ref_voice/alienkevin.wav,數碼鴻溝問題令部分市民无法享用公共信息，有需要推動一個digital inclusion initiative。,7.0187,kept,train,"7.02s in [5.0, 30.0]"
502,./audio/502.wav,./audio/ref_voice/alienkevin.wav,病毒大流行導致嘅復工困難，政府需要提供足夠嘅employment support services。,5.4827,kept,train,"5.48s in [5.0, 30.0]"
503,./audio/503.wav,./audio/ref_voice/alienkevin.wav,規模不大但都存在嘅貧困問題，我哋需要更多effective social welfare policies。,4.8,too_short,n/a,4.80s < 5.0
504,./audio/504.wav,./audio/ref_voice/alienkevin.wav,城市绿化覆蓋率偏低，我們需要更多green space policies。,6.9334,kept,train,"6.93s in [5.0, 30.0]"
505,./audio/505.wav,./audio/ref_voice/alienkevin.wav,本地周末遊樂設施不足，有需要建設更多community recreational facilities。,6.0374,kept,train,"6.04s in [5.0, 30.0]"
506,./audio/506.wav,./audio/ref_voice/alienkevin.wav,香港養老費用愈來愈高，我哋应该实行更好的pension fund management。,5.4827,kept,train,"5.48s in [5.0, 30.0]"
507,./audio/507.wav,./audio/ref_voice/alienkevin.wav,我買嘅每一件clothing我都好appreciate，每件都有嘅story，買嘅時候都好excited喎。,5.9947,kept,train,"5.99s in [5.0, 30.0]"
508,./audio/508.wav,./audio/ref_voice/alienkevin.wav,雖然有時候shopping真係好tiring，但係見到自己滿意嘅goods時，心情馬上就uplift咗喎。,5.8454,kept,train,"5.85s in [5.0, 30.0]"
509,./audio/509.wav,./audio/ref_voice/alienkevin.wav,我有個friend每次去超市都會超過budget，但係佢say，享受食物就係享受life嘅一部分喎。,5.2694,kept,eval,"5.27s in [5.0, 30.0]"
510,./audio/510.wav,./audio/ref_voice/alienkevin.wav,我愛去support本地small business，買佢哋嘅product，亦都可以boost佢哋嘅confidence喎。,5.184,kept,train,"5.18s in [5.0, 30.0]"
511,./audio/511.wav,./audio/ref_voice/alienkevin.wav,其實我諗呢個shopping culture係好重要，我哋可以通過買產品show我哋嘅lifestyle同values。,6.4854,kept,train,"6.49s in [5.0, 30.0]"
512,./audio/512.wav,./audio/ref_voice/alienkevin.wav,見到搵到bargain嘅時候，我會感到好satisfied，就好似去尋寶咁exciting。,5.568,kept,train,"5.57s in [5.0, 30.0]"
513,./audio/513.wav,./audio/ref_voice/alienkevin.wav,我喺online平台上面買嘅時候，我會check佢哋嘅reviews先，我覺得這是一個smart move。,5.12,kept,train,"5.12s in [5.0, 30.0]"
514,./audio/514.wav,./audio/ref_voice/alienkevin.wav,雖然我唔會追求luxury life，但係我會投資一兩個high quality嘅items，為我嘅wardrobe加分。,6.231,kept,train,"6.23s in [5.0, 30.0]"
515,./audio/515.wav,./audio/ref_voice/alienkevin.wav,自從我開始用節省app後，我發現我喺grocery上嘅spend就少咗幾多喎，感覺自己成咗一個money-saving expert。,7.7227,kept,train,"7.72s in [5.0, 30.0]"
516,./audio/516.wav,./audio/ref_voice/alienkevin.wav,我覺得thrift shopping係一種挺好嘅trend，唔單止可以節省錢，還可以contribute到環保。,6.5494,kept,train,"6.55s in [5.0, 30.0]"
517,./audio/517.wav,./audio/ref_voice/alienkevin.wav,學習唔應該only focus喺書本上面，實戰經驗都好重要。,4.3094,too_short,n/a,4.31s < 5.0
518,./audio/518.wav,./audio/ref_voice/alienkevin.wav,唔好畏懼make mistake，每一個錯誤都係學習嘅opportunity。,4.3734,too_short,n/a,4.37s < 5.0
519,./audio/519.wav,./audio/ref_voice/alienkevin.wav,每一步progress都要celebrate，因為你已經比之前好啲啦。,3.927,too_short,n/a,3.93s < 5.0
520,./audio/520.wav,./audio/ref_voice/alienkevin.wav,唔好覺得學習係一種burden，實際上佢可以open你嘅mind，擴闊你嘅horizon。,4.7787,too_short,n/a,4.78s < 5.0
521,./audio/521.wav,./audio/ref_voice/alienkevin.wav,Pay attention去你學習嘅process，你會discover到好多新嘅東西。,4.2454,too_short,n/a,4.25s < 5.0
522,./audio/522.wav,./audio/ref_voice/alienkevin.wav,Remember，學習唔只係about score，理解同meow material嘅process都好重要。,5.9734,kept,train,"5.97s in [5.0, 30.0]"
523,./audio/523.wav,./audio/ref_voice/alienkevin.wav,Continuous learning係我哋lifetime嘅commitment，唔好停止尋求knowledge。,4.4587,too_short,n/a,4.46s < 5.0
524,./audio/524.wav,./audio/ref_voice/alienkevin.wav,學習new skills唔係waste時間，反而可以enrich你嘅life。,4.096,too_short,n/a,4.10s < 5.0
525,./audio/525.wav,./audio/ref_voice/alienkevin.wav,隨時keep學習，你會感覺到自己嘅growth同欣賞自己嘅efforts。,4.3307,too_short,n/a,4.33s < 5.0
526,./audio/526.wav,./audio/ref_voice/alienkevin.wav,唔好怕challenge，佢係學習成長嘅重要一部分。,3.4774,too_short,n/a,3.48s < 5.0
527,./audio/527.wav,./audio/ref_voice/alienkevin.wav,無論嘅job咩都需要commitment，唔好因為難度放棄。,4.3307,too_short,n/a,4.33s < 5.0
528,./audio/528.wav,./audio/ref_voice/alienkevin.wav,做嘅好唔好，唔單止睇嘅skills，細心咁focus同埋耐心都好重要。,5.1414,kept,train,"5.14s in [5.0, 30.0]"
529,./audio/529.wav,./audio/ref_voice/alienkevin.wav,喺工作中搵到你嘅passion，每日嘅routine會變得好有意義。,4.4374,too_short,n/a,4.44s < 5.0
530,./audio/530.wav,./audio/ref_voice/alienkevin.wav,主動去搵新嘅challenges，keep咗learning，就唔駛怕變得過時。,4.971,too_short,n/a,4.97s < 5.0
531,./audio/531.wav,./audio/ref_voice/alienkevin.wav,喺工作中都要保持grounded，appreciate圍繞你嘅每個人，每件事。,4.416,too_short,n/a,4.42s < 5.0
532,./audio/532.wav,./audio/ref_voice/alienkevin.wav,做嘅每一件事都謹記儅你own嘅responsibility，唔好比別人去控制你嘅成果。,5.4187,kept,train,"5.42s in [5.0, 30.0]"
533,./audio/533.wav,./audio/ref_voice/alienkevin.wav,Aim高d嘅goals，就算fail咗都唔駛怕，最少你有嘗試過。,5.7387,kept,train,"5.74s in [5.0, 30.0]"
534,./audio/534.wav,./audio/ref_voice/alienkevin.wav,管理你嘅time同精力，咁至可以balance你嘅work同life.,5.2054,kept,train,"5.21s in [5.0, 30.0]"
535,./audio/535.wav,./audio/ref_voice/alienkevin.wav,唔好單單追求金錢，但要value你嘅工作帶嚟嘅satisfaction同成長。,5.3974,kept,train,"5.40s in [5.0, 30.0]"
536,./audio/536.wav,./audio/ref_voice/alienkevin.wav,唔要怕問題，而要embrace佢。解決問題就係學習嘅一部份。,4.7147,too_short,n/a,4.71s < 5.0
537,./audio/537.wav,./audio/ref_voice/alienkevin.wav,別人嘅feedback係一個knowledge嘅寶庫，要學識accept同digest佢。,4.224,too_short,n/a,4.22s < 5.0
538,./audio/538.wav,./audio/ref_voice/alienkevin.wav,持續進步，嘗試新嘅things，噉至會keep你嘅work interesting.,5.44,kept,train,"5.44s in [5.0, 30.0]"
539,./audio/539.wav,./audio/ref_voice/alienkevin.wav,天气forecast说会转凉，出门记得带件外套。,3.819,too_short,n/a,3.82s < 5.0
540,./audio/540.wav,./audio/ref_voice/alienkevin.wav,往外头一看天空已经overcast，好像要落雨。,4.928,too_short,n/a,4.93s < 5.0
541,./audio/541.wav,./audio/ref_voice/alienkevin.wav,Forecast说今晚会嘅meteor shower，大家都去roof top看下啦。,5.0987,kept,eval,"5.10s in [5.0, 30.0]"
542,./audio/542.wav,./audio/ref_voice/alienkevin.wav,okay了啦，你的太阳镜没戴，今日sun很大。,4.0534,too_short,n/a,4.05s < 5.0
543,./audio/543.wav,./audio/ref_voice/alienkevin.wav,呢几日好hot，记得常饮水不好cause热伤。,3.7547,too_short,n/a,3.75s < 5.0
544,./audio/544.wav,./audio/ref_voice/alienkevin.wav,今晚街上好quiet，会唔会系下雪啊。,3.712,too_short,n/a,3.71s < 5.0
545,./audio/545.wav,./audio/ref_voice/alienkevin.wav,"雾霾好serious，回到家淨身换衫就okay了。"" ",4.2454,too_short,n/a,4.25s < 5.0
546,./audio/546.wav,./audio/ref_voice/alienkevin.wav,重暴雨警告已经issue，大家唔好出门啦。,3.4987,too_short,n/a,3.50s < 5.0
547,./audio/547.wav,./audio/ref_voice/alienkevin.wav,月亮很明亮，今夜好clear哇。,2.944,too_short,n/a,2.94s < 5.0
548,./audio/548.wav,./audio/ref_voice/alienkevin.wav,唔好再出去，haze好厚，会伤到身体。,3.328,too_short,n/a,3.33s < 5.0
549,./audio/549.wav,./audio/ref_voice/alienkevin.wav,今朝唔系晴天哇，sunny day比較好去hiking。,3.968,too_short,n/a,3.97s < 5.0
550,./audio/550.wav,./audio/ref_voice/alienkevin.wav,热浪喺度推波助澜，夏天已经ready啦。,3.968,too_short,n/a,3.97s < 5.0
551,./audio/551.wav,./audio/ref_voice/alienkevin.wav,初春一下sunshine一下喺冷冻，天气变幻莫测。,4.3307,too_short,n/a,4.33s < 5.0
552,./audio/552.wav,./audio/ref_voice/alienkevin.wav,下个weekend天气预告会好d，可以去海边BBQ啦。,4.096,too_short,n/a,4.10s < 5.0
553,./audio/553.wav,./audio/ref_voice/alienkevin.wav,天空好beautiful，有red和orange嘅sunset。,3.6267,too_short,n/a,3.63s < 5.0
554,./audio/554.wav,./audio/ref_voice/alienkevin.wav,今晚我準備去超市買D ingredients 來整邊o義大利麵，我諗一定要加埋朱古力dessert，唔會太甜，我覺得挺perfect!,11.2427,kept,train,"11.24s in [5.0, 30.0]"
555,./audio/555.wav,./audio/ref_voice/alienkevin.wav,我諗我需要一個break，飲杯熱嘅cappuccino，配左塊抹茶cheesecake，繼續做我D work！,5.952,kept,train,"5.95s in [5.0, 30.0]"
556,./audio/556.wav,./audio/ref_voice/alienkevin.wav,小店嘅招牌dish係咖喱牛腩，配合香滑嘅rice，味道full marks，二話不說，即刻打包！,6.1014,kept,train,"6.10s in [5.0, 30.0]"
557,./audio/557.wav,./audio/ref_voice/alienkevin.wav,昨晚上我落廚，整咗煎鴨胸，搭配fresh嘅蔬菜同薯蓉，持平講，冇得嘢比自家煮嘅飯更好味！,9.3014,kept,train,"9.30s in [5.0, 30.0]"
558,./audio/558.wav,./audio/ref_voice/alienkevin.wav,"我同朋友一齊去嗰間日本料理店食sushi, 魚生新鮮得來texture又好，每一次咁食，都覺得唔夠！",7.8934,kept,train,"7.89s in [5.0, 30.0]"
559,./audio/559.wav,./audio/ref_voice/alienkevin.wav,最新嘅health trend係低碳飲食，所以我都開始食多D salad，但係總講唔掉我對炸雞wings嘅熱愛！,7.3174,kept,train,"7.32s in [5.0, 30.0]"
560,./audio/560.wav,./audio/ref_voice/alienkevin.wav,我鍾意嗰間cafe嘅brunch嘅時候，最愛點嗮荷包蛋、煙三文魚同粟米餅，味道就嚟好fantastic!,6.9547,kept,eval,"6.95s in [5.0, 30.0]"
561,./audio/561.wav,./audio/ref_voice/alienkevin.wav,"我覺得我個人對於各種different types of dimsum 都有一種passion, 尤其係酥皮焗叉燒包味道百食唔厭！",6.807,kept,train,"6.81s in [5.0, 30.0]"
562,./audio/562.wav,./audio/ref_voice/alienkevin.wav,我喺Japan嘅Tokyo见到好多fascinating嘅地方，條街上嘅food stalls就令我难忘！,5.952,kept,train,"5.95s in [5.0, 30.0]"
563,./audio/563.wav,./audio/ref_voice/alienkevin.wav,背咗个backpack喺Thailand嘅Bangkok逗留咗几日，呢度嘅culture同shopping experience真系好特别！,6.5067,kept,eval,"6.51s in [5.0, 30.0]"
564,./audio/564.wav,./audio/ref_voice/alienkevin.wav,我刚返咗来自Germany嘅Berlin，度嘅architecture同history真系令到我好惊奇！,5.6107,kept,train,"5.61s in [5.0, 30.0]"
565,./audio/565.wav,./audio/ref_voice/alienkevin.wav,喺France嘅Paris睇咗好多iconic嘅landmarks，特别系Eiffel Tower，夜晚嘅lights真系好漂亮！,6.699,kept,train,"6.70s in [5.0, 30.0]"
566,./audio/566.wav,./audio/ref_voice/alienkevin.wav,我去咗UK嘅London过年，個fireworks show真系好震撼，我一定会再去嘅！,5.44,kept,train,"5.44s in [5.0, 30.0]"
567,./audio/567.wav,./audio/ref_voice/alienkevin.wav,喺Switzerland滑雪好刺激，嗰度嘅mountains好gorgeous，我等唔及要再去一次！,5.4187,kept,train,"5.42s in [5.0, 30.0]"
568,./audio/568.wav,./audio/ref_voice/alienkevin.wav,我年底计划去Australia嘅Sydney度假，期待下嘅beach time同barbecue！,4.6507,too_short,n/a,4.65s < 5.0
569,./audio/569.wav,./audio/ref_voice/alienkevin.wav,喺US嘅New York shopping真系好enjoy，我喺Soho买咗好多designer clothes！,5.2694,kept,train,"5.27s in [5.0, 30.0]"
570,./audio/570.wav,./audio/ref_voice/alienkevin.wav,我喺Spain嘅Barcelona试咗好多local嘅tapas，真系好delicious，我下次想去系Seville！,7.232,kept,eval,"7.23s in [5.0, 30.0]"
571,./audio/571.wav,./audio/ref_voice/alienkevin.wav,去喇Turkey嘅Istanbul玩，嗰度嘅bazaars 真系好cool，我都買咗好多spices回 cri！,8.4907,kept,train,"8.49s in [5.0, 30.0]"
572,./audio/572.wav,./audio/ref_voice/alienkevin.wav,我最近去過一次野餐，坐低望住落日，聽住Taylor Swift嘅'Folklore'，真係relax到不得了！,7.7014,kept,train,"7.70s in [5.0, 30.0]"
573,./audio/573.wav,./audio/ref_voice/alienkevin.wav,我最鐘意嘅港劇就要數‘Triumph in the Skies’，每一個character我都記得清清楚楚，好有depth！,6.528,kept,train,"6.53s in [5.0, 30.0]"
574,./audio/574.wav,./audio/ref_voice/alienkevin.wav,我同朋友點左一杯奶茶，坐住傾Game of Thrones嘅劇情，簡直係perfect嘅一個evening！,5.2907,kept,train,"5.29s in [5.0, 30.0]"
575,./audio/575.wav,./audio/ref_voice/alienkevin.wav,我琴日去左個gallery，有好多modern art展品，雖然有啲我都唔知佢想表達咩，但係我都鐘意去思考同欣賞佢哋！,7.1467,kept,eval,"7.15s in [5.0, 30.0]"
576,./audio/576.wav,./audio/ref_voice/alienkevin.wav,我真係無法抗拒Netflix出碟嘅'recommendations'，近排真係太enjoy睇‘Stranger Things'了。,5.76,kept,eval,"5.76s in [5.0, 30.0]"
577,./audio/577.wav,./audio/ref_voice/alienkevin.wav,我去演唱會嘅時候最激動就係一齊同歌手唱歌，特別係伍佰嘅‘浪人情歌’，我都會整個人都throw into熱情！,8.6827,kept,train,"8.68s in [5.0, 30.0]"
578,./audio/578.wav,./audio/ref_voice/alienkevin.wav,我鐘意去小型live house聽音樂，感受比大型concert更加intimate，有時我都會帶啲friend一齊去chill。,6.3147,kept,eval,"6.31s in [5.0, 30.0]"
579,./audio/579.wav,./audio/ref_voice/alienkevin.wav,我最鐘意嘅podcast就係‘The Daily’，因為我可以喺返工途中catch up世界各地嘅news。,5.952,kept,train,"5.95s in [5.0, 30.0]"
580,./audio/580.wav,./audio/ref_voice/alienkevin.wav,我愛看舞蹈表演，尤其係現代舞，當我睇下Ballet嗰d神奇movement，有時感覺自己都可以fly起嚟！,8.128,kept,train,"8.13s in [5.0, 30.0]"
581,./audio/581.wav,./audio/ref_voice/alienkevin.wav,我喺Eminem嘅rap音樂中見到好多social issue，佢喺歌詞中嘅insight真係令我have a thought。,6.464,kept,train,"6.46s in [5.0, 30.0]"
582,./audio/582.wav,./audio/ref_voice/alienkevin.wav,"我對足球game有一種passion, 每次ball進咗goal我都會好exciting。",4.2454,too_short,n/a,4.25s < 5.0
583,./audio/583.wav,./audio/ref_voice/alienkevin.wav,我覺得跳舞係一種良好嘅body和mind coordination，佢亦提升咗我嘅flexibility和rhythm感。,7.2534,kept,train,"7.25s in [5.0, 30.0]"
584,./audio/584.wav,./audio/ref_voice/alienkevin.wav,我喺competition中獲得咗最佳player，咁就證明咗我嘅hard work真係有return。,5.2907,kept,train,"5.29s in [5.0, 30.0]"
585,./audio/585.wav,./audio/ref_voice/alienkevin.wav,乒乓球需要一種precise timing同埋good hand-eye coordination，我正試圖改善我嘅skills。,6.7627,kept,train,"6.76s in [5.0, 30.0]"
586,./audio/586.wav,./audio/ref_voice/alienkevin.wav,當我去跑馬拉松，我好appreciate當我cross da finish line嘅那一刻，我覺得我真係accomplish咗一件大事。,7.7654,kept,train,"7.77s in [5.0, 30.0]"
587,./audio/587.wav,./audio/ref_voice/alienkevin.wav,游水對我嚟講，冇乜比一個refreshing dip更好，佢可以令我relax同埋同時保持fit。,7.424,kept,train,"7.42s in [5.0, 30.0]"
588,./audio/588.wav,./audio/ref_voice/alienkevin.wav,Badminton 係我最鐘意嘅運動，因為佢需要一種rapid reflexes 同埋sharp movements。,5.7387,kept,train,"5.74s in [5.0, 30.0]"
589,./audio/589.wav,./audio/ref_voice/alienkevin.wav,睇緊世界盃，都令我觸動起good sportsmanship和team spirit 嘅重要性。,5.4614,kept,train,"5.46s in [5.0, 30.0]"
590,./audio/590.wav,./audio/ref_voice/alienkevin.wav,我開始玩basketball，學習點樣teamwork同埋如何make good strategics play。,5.9307,kept,train,"5.93s in [5.0, 30.0]"
591,./audio/591.wav,./audio/ref_voice/alienkevin.wav,學習慢跑係一種test patience嘅健身方式，佢可以training我嘅stamina和endurance。,6.336,kept,train,"6.34s in [5.0, 30.0]"
592,./audio/592.wav,./audio/ref_voice/alienkevin.wav,我喺tennis court嘅表現，体现出我嘅strength和agility等等我嘅personal traits。,6.699,kept,train,"6.70s in [5.0, 30.0]"
593,./audio/593.wav,./audio/ref_voice/alienkevin.wav,做瑜伽，係boost我嘅confidence、improve我嘅posture同埋improve我個overall well-being。,5.655,kept,eval,"5.65s in [5.0, 30.0]"
594,./audio/594.wav,./audio/ref_voice/alienkevin.wav,除咗針對疫情嘅focus，我哋都唔可以忽視climate change嘅嚴重性。,4.395,too_short,n/a,4.39s < 5.0
595,./audio/595.wav,./audio/ref_voice/alienkevin.wav,教育制度需要進行改革，確保公平同equal opportunities for all students。,5.4187,kept,train,"5.42s in [5.0, 30.0]"
596,./audio/596.wav,./audio/ref_voice/alienkevin.wav,本地嘅食水問題已經相當嚴重，必須實行sustainable water management policies。,4.9494,too_short,n/a,4.95s < 5.0
597,./audio/597.wav,./audio/ref_voice/alienkevin.wav,政府應對住房問題积極尋求解决方案，包括興建更多public housing estates。,5.5254,kept,train,"5.53s in [5.0, 30.0]"
598,./audio/598.wav,./audio/ref_voice/alienkevin.wav,本地嘅空氣污染問題非常嚴重，呼籲喺市區設置更多air quality monitoring stations。,5.44,kept,eval,"5.44s in [5.0, 30.0]"
599,./audio/599.wav,./audio/ref_voice/alienkevin.wav,本地食街文化受保護，呼籲增加cultural heritage preservation efforts。,4.4374,too_short,n/a,4.44s < 5.0
600,./audio/600.wav,./audio/ref_voice/alienkevin.wav,香港嘅醫療資源分配問題需要以efficient healthcare system去解決。,4.416,too_short,n/a,4.42s < 5.0
601,./audio/601.wav,./audio/ref_voice/alienkevin.wav,保障工人權益係大家揣凸嘅責任，我哋需要更多labor protection laws。,5.44,kept,train,"5.44s in [5.0, 30.0]"
602,./audio/602.wav,./audio/ref_voice/alienkevin.wav,香港嘅物價日漲，呼籲政府提供更多financial aid到有需要嘅市民手上。,5.44,kept,train,"5.44s in [5.0, 30.0]"
603,./audio/603.wav,./audio/ref_voice/alienkevin.wav,地鐵站附近嘅商舖收租太貴，支持establishment of rent control policies。,6.464,kept,train,"6.46s in [5.0, 30.0]"
604,./audio/604.wav,./audio/ref_voice/alienkevin.wav,城市綠化需要被重視，增添urban green spaces可以改善城市環境。,4.736,too_short,n/a,4.74s < 5.0
605,./audio/605.wav,./audio/ref_voice/alienkevin.wav,提高本地消費水平，提議全力發展local creative industries。,5.2907,kept,train,"5.29s in [5.0, 30.0]"
606,./audio/606.wav,./audio/ref_voice/alienkevin.wav,供應屋企要確保transparency and accountability，避免出現任何糾紛。,3.968,too_short,n/a,3.97s < 5.0
607,./audio/607.wav,./audio/ref_voice/alienkevin.wav,為咗保護環境，應該提倡每位市民參與recycling program。,5.248,kept,train,"5.25s in [5.0, 30.0]"
608,./audio/608.wav,./audio/ref_voice/alienkevin.wav,我鍾意去超市買嘢，因為可以check out各種新產品，感覺就好似one big adventure。,4.9067,too_short,n/a,4.91s < 5.0
609,./audio/609.wav,./audio/ref_voice/alienkevin.wav,"假期期間嘅sale真係not to be missed,通常都會買到好多平價嘅優質goods。",5.952,kept,train,"5.95s in [5.0, 30.0]"
610,./audio/610.wav,./audio/ref_voice/alienkevin.wav,McMall嗰個app真係幫到手，無論想買咩都可以search到，仲有各種deal等你去揀。,5.056,kept,train,"5.06s in [5.0, 30.0]"
611,./audio/611.wav,./audio/ref_voice/alienkevin.wav,見到有discount我通常都會入迷，但我知道要控制自己唔可以overspend。,6.5067,kept,train,"6.51s in [5.0, 30.0]"
612,./audio/612.wav,./audio/ref_voice/alienkevin.wav,我成日都覺得shopping係一種therapeutic activity，good for the soul，好relaxing嘅感覺。,7.552,kept,train,"7.55s in [5.0, 30.0]"
613,./audio/613.wav,./audio/ref_voice/alienkevin.wav,我個friend成日都話，online shopping就好似一個never-ending treasure hunt，每次都會有新鮮feel嘅東西等緊你去發現…,5.44,kept,train,"5.44s in [5.0, 30.0]"
614,./audio/614.wav,./audio/ref_voice/alienkevin.wav,Browsing一下新嘅fashion trend，會令我更了解自己嘅style，少買啲mismatch嘅衫褲。,5.1627,kept,train,"5.16s in [5.0, 30.0]"
615,./audio/615.wav,./audio/ref_voice/alienkevin.wav,我鍾意去outlet shopping，因為你可以用更少嘅錢就get到高品質嘅產品。,7.68,kept,train,"7.68s in [5.0, 30.0]"
616,./audio/616.wav,./audio/ref_voice/alienkevin.wav,我個friend成日都係shopping mall度买美食，佢話嗰個環境好relax，仲可以邊shopping邊享受美食。”,6.0374,kept,train,"6.04s in [5.0, 30.0]"
617,./audio/617.wav,./audio/ref_voice/alienkevin.wav,我個sister最鍾意buy嘅就係accessories，佢話那些小小嘅精緻東西可以帶出佢嘅personality。”,3.4347,too_short,n/a,3.43s < 5.0
618,./audio/618.wav,./audio/ref_voice/alienkevin.wav,嘗試各種method，即使冇成果，都算係gain經驗。,5.0347,kept,train,"5.03s in [5.0, 30.0]"
619,./audio/619.wav,./audio/ref_voice/alienkevin.wav,絕對唔可以miss out自己嘅熱誠，終一日你會realize呢樣嘢係學習嘅驅動力。,2.752,too_short,n/a,2.75s < 5.0
620,./audio/620.wav,./audio/ref_voice/alienkevin.wav,Focus on你嘅goal，唔好輕易giv up。,4.416,too_short,n/a,4.42s < 5.0
621,./audio/621.wav,./audio/ref_voice/alienkevin.wav,Appreciate每一次嘅錯誤，賞識佢哋實係教你learn更多嘅師傅。,4.6294,too_short,n/a,4.63s < 5.0
622,./audio/622.wav,./audio/ref_voice/alienkevin.wav,Widening嘅knowledge唔係一個overnight嘅事，需要堅持同耐性。,5.4827,kept,train,"5.48s in [5.0, 30.0]"
623,./audio/623.wav,./audio/ref_voice/alienkevin.wav,Different perspectives有助於你understand事情嘅全貌，所以keep open mind係好重要嘅。,4.1814,too_short,n/a,4.18s < 5.0
624,./audio/624.wav,./audio/ref_voice/alienkevin.wav,Stay curious係學習嘅起點，有咗好奇心，你就更會投入學習中。,4.5227,too_short,n/a,4.52s < 5.0
625,./audio/625.wav,./audio/ref_voice/alienkevin.wav,每一個challenge都係potential嘅學習機會，咁就唔會怕fail囉。,4.416,too_short,n/a,4.42s < 5.0
626,./audio/626.wav,./audio/ref_voice/alienkevin.wav,時刻提醒自己，learn唔係比賽，而係自我增值嘅過程。,4.0107,too_short,n/a,4.01s < 5.0
627,./audio/627.wav,./audio/ref_voice/alienkevin.wav,透過share你嘅學習經驗，你可以帶領其他人join你嘅學習journey。,4.288,too_short,n/a,4.29s < 5.0
628,./audio/628.wav,./audio/ref_voice/alienkevin.wav,要記得保持passion，咁先可以享受你嘅work。,3.904,too_short,n/a,3.90s < 5.0
629,./audio/629.wav,./audio/ref_voice/alienkevin.wav,健康係樣商數，無論你點鐘work ，都要計返自己嘅health。,6.208,kept,train,"6.21s in [5.0, 30.0]"
630,./audio/630.wav,./audio/ref_voice/alienkevin.wav,靠埋碌，咁樣至可以achieve你嘅目標。,3.7547,too_short,n/a,3.75s < 5.0
631,./audio/631.wav,./audio/ref_voice/alienkevin.wav,碌嘅時候，唔好forget去appreciate你工作嘅value。,3.4987,too_short,n/a,3.50s < 5.0
632,./audio/632.wav,./audio/ref_voice/alienkevin.wav,有志者，事事竟成功，信心好重要，believe自己，一定可以overcome所有嘅challenges。,5.7814,kept,train,"5.78s in [5.0, 30.0]"
633,./audio/633.wav,./audio/ref_voice/alienkevin.wav,"找囉個興趣同工作balance，係工作上無論有幾frustrating，都唔會feel煩悶。"" ",5.888,kept,train,"5.89s in [5.0, 30.0]"
634,./audio/634.wav,./audio/ref_voice/alienkevin.wav,執好個positive attitude，即使面對難題，都會變得輕鬆d。,5.1414,kept,train,"5.14s in [5.0, 30.0]"
635,./audio/635.wav,./audio/ref_voice/alienkevin.wav,別人嘅成功，可以學習佢哋嘅skills同經驗，比自己更上一層樓。,4.503,too_short,n/a,4.50s < 5.0
636,./audio/636.wav,./audio/ref_voice/alienkevin.wav,"不斷learn新嘅knowledges，創新嘅ideas，噉先可以適應changing的世界。"" ",4.8,too_short,n/a,4.80s < 5.0
637,./audio/637.wav,./audio/ref_voice/alienkevin.wav,專注你孭負嘅verantwortung，做好你份內嘅本職，會比較有job satisfaction。,7.808,kept,train,"7.81s in [5.0, 30.0]"
638,./audio/638.wav,./audio/ref_voice/alienkevin.wav,天气app说嘅是明天会有雷暴雨，大家记得bring umbrella啊。,5.2907,kept,eval,"5.29s in [5.0, 30.0]"
639,./audio/639.wav,./audio/ref_voice/alienkevin.wav,"外面已经开始落雨，地上wet得很老实，大家提防滑倒了。"" ",5.2054,kept,train,"5.21s in [5.0, 30.0]"
640,./audio/640.wav,./audio/ref_voice/alienkevin.wav,"昨天嘅风太strong了，连路牌也被吹倒了。"" ",3.7334,too_short,n/a,3.73s < 5.0
641,./audio/641.wav,./audio/ref_voice/alienkevin.wav,"热到我都嗌'my god'，唔要点air-con都唔可能。"" ",3.819,too_short,n/a,3.82s < 5.0
642,./audio/642.wav,./audio/ref_voice/alienkevin.wav,"寒冷的winter快要来临了，赶紧买thermal clothes保暖吧。"" ",5.6747,kept,train,"5.67s in [5.0, 30.0]"
643,./audio/643.wav,./audio/ref_voice/alienkevin.wav,今天嘅weather forecast predict会有大雪，希望唔需要去返工就nice!,4.928,too_short,n/a,4.93s < 5.0
644,./audio/644.wav,./audio/ref_voice/alienkevin.wav,"太阳出来咗，天空好clear，出去走走吧。""  ",3.3067,too_short,n/a,3.31s < 5.0
645,./audio/645.wav,./audio/ref_voice/alienkevin.wav,"热浪即将来临，要做好cool down嘅准备。"" ",3.2214,too_short,n/a,3.22s < 5.0
646,./audio/646.wav,./audio/ref_voice/alienkevin.wav,"Humidity好高，我感觉到沁汗如雨，真需要一部dehumidifier。"" ",7.9147,kept,train,"7.91s in [5.0, 30.0]"
647,./audio/647.wav,./audio/ref_voice/alienkevin.wav,"今天绝对是个做sunbath嘅好日子啊!"" ",3.5627,too_short,n/a,3.56s < 5.0
648,./audio/648.wav,./audio/ref_voice/alienkevin.wav,"夜晚嘅temperature 太低，我需要多放一床blanket。"" ",3.7547,too_short,n/a,3.75s < 5.0
649,./audio/649.wav,./audio/ref_voice/alienkevin.wav,"冷风blowing，感觉有点chilly，大家多穿衣了。"" ",4.0534,too_short,n/a,4.05s < 5.0
650,./audio/650.wav,./audio/ref_voice/alienkevin.wav,"即使下雨天，也唔可以忘记carry a smile吖。"" ",3.6907,too_short,n/a,3.69s < 5.0
651,./audio/651.wav,./audio/ref_voice/alienkevin.wav,Sunny day啊，出去hiking都好开心！,2.8587,too_short,n/a,2.86s < 5.0
652,./audio/652.wav,./audio/ref_voice/alienkevin.wav,今日lunch我揀左一家有sell出名嘅wonton noodles，湯底清甜，蝦子實在，超級tasty，next time一定會再黎！,8.2347,kept,eval,"8.23s in [5.0, 30.0]"
653,./audio/653.wav,./audio/ref_voice/alienkevin.wav,"我今晚去左個Italian Restaurant,食嘅係signature dish - 海鮮意大利粉，超正！Sauce好rich，seafood好新鮮,好值得…",7.552,kept,train,"7.55s in [5.0, 30.0]"
654,./audio/654.wav,./audio/ref_voice/alienkevin.wav,全世界冇咩事係比一杯creamy嘅珍珠奶茶更addictive嘅，呢個係我無法resist嘅snack!,5.504,kept,train,"5.50s in [5.0, 30.0]"
655,./audio/655.wav,./audio/ref_voice/alienkevin.wav,唔駛求其買，點解唔試下自己整下desserts呢？我最近學整咗芝士蛋糕，first attempt都算係成功，要迎接我嘅master chef生涯喇！,7.8294,kept,train,"7.83s in [5.0, 30.0]"
656,./audio/656.wav,./audio/ref_voice/alienkevin.wav,"我個friend帶我去食咗個叫做hotpot嘅東西，佢好讚，又可以eat又可以chat，food style我好喜歡！"" ",5.248,kept,train,"5.25s in [5.0, 30.0]"
657,./audio/657.wav,./audio/ref_voice/alienkevin.wav,我無時無刻都想食burger，我覺得個ultimate comfort food就係呢個，特別係撞滿cheese同bacon嘅！,6.912,kept,train,"6.91s in [5.0, 30.0]"
658,./audio/658.wav,./audio/ref_voice/alienkevin.wav,"成日食fast food 唔係個好計劃，我而家都會可能選擇食d salad, 健康啲!",7.9147,kept,train,"7.91s in [5.0, 30.0]"
659,./audio/659.wav,./audio/ref_voice/alienkevin.wav,"我上個weekend去左個盛名嘅brunch place，試左個Avocado toast,口感 creamy但係又有new鮮嘅感覺，呢個weekend我再去！",9.408,kept,train,"9.41s in [5.0, 30.0]"
660,./audio/660.wav,./audio/ref_voice/alienkevin.wav,我試過好多種sushi，但係我覺得無一過得金槍魚sashimi，每食一口都有海洋嘅味道，令人unforgettable！,9.1307,kept,train,"9.13s in [5.0, 30.0]"
661,./audio/661.wav,./audio/ref_voice/alienkevin.wav,"試過嗰間新開嘅Mexican restaurant未？佢地嘅tacos真係一流，再配埋margarita,完全係夏日嘅最佳選擇！",9.6,kept,train,"9.60s in [5.0, 30.0]"
662,./audio/662.wav,./audio/ref_voice/alienkevin.wav,"'""美国Florida嘅Miami Beach真系好relaxing，沙滩同海水都好clean，真系好enjoy！""'",6.656,kept,train,"6.66s in [5.0, 30.0]"
663,./audio/663.wav,./audio/ref_voice/alienkevin.wav,"'""去左Italy嘅Rome有机会见到咗Colosseum，個感觉就系唔同凡响！""'",6.4,kept,train,"6.40s in [5.0, 30.0]"
664,./audio/664.wav,./audio/ref_voice/alienkevin.wav,"'""UK嘅London既historic sites好吸引，特别系Buckingham Palace同London Bridge，好喜歡！""'",6.699,kept,train,"6.70s in [5.0, 30.0]"
665,./audio/665.wav,./audio/ref_voice/alienkevin.wav,"'""Japan嘅Tokyo真系好犀利，特别系shopping malls同unique嘅anime culture，好好玩！""'",5.7387,kept,train,"5.74s in [5.0, 30.0]"
666,./audio/666.wav,./audio/ref_voice/alienkevin.wav,"'""喺Australia嘅Sydney睇咗Opera House，夜晚嘅view真系好stunning！""'",4.4374,too_short,n/a,4.44s < 5.0
667,./audio/667.wav,./audio/ref_voice/alienkevin.wav,"'""Canada嘅Toronto夜晚嘅skyline真系好美，特别系CN Tower，真系好impressive！""'",5.7387,kept,train,"5.74s in [5.0, 30.0]"
668,./audio/668.wav,./audio/ref_voice/alienkevin.wav,"'""喺Malaysia嘅Kuala Lumpur，我攞咗好多photos，Petronas Twin Towers真系好dope！""'",6.656,kept,train,"6.66s in [5.0, 30.0]"
669,./audio/669.wav,./audio/ref_voice/alienkevin.wav,"'""新加坡嘅Merlion Park真系好cool，我喺度嘅experience我会记住一世！""'",5.056,kept,train,"5.06s in [5.0, 30.0]"
670,./audio/670.wav,./audio/ref_voice/alienkevin.wav,"'""我去过India嘅Taj Mahal，个structure同其背后嘅story真系令我好感动！""'",6.1654,kept,train,"6.17s in [5.0, 30.0]"
671,./audio/671.wav,./audio/ref_voice/alienkevin.wav,"'""Visiting Egypt嘅Pyramids系我旅游嘅highlight，我真系好enjoy我個trip！""'",5.2267,kept,eval,"5.23s in [5.0, 30.0]"
672,./audio/672.wav,./audio/ref_voice/alienkevin.wav,呢幾日我成日喺Netflix上面binge-watch‘Stranger Things’，簡直睇得我停唔到手！,6.272,kept,train,"6.27s in [5.0, 30.0]"
673,./audio/673.wav,./audio/ref_voice/alienkevin.wav,雖然我無咁鐘意去夜店，但我都好enjoy同friend痛痛快快嘅karaoke night。,5.2907,kept,train,"5.29s in [5.0, 30.0]"
674,./audio/674.wav,./audio/ref_voice/alienkevin.wav,我勁鐘意睇嗰部‘Marvel’嘅電影，我每次睇到Iron Man fly嗰d鏡頭，就覺得超cool嘅！,6.272,kept,train,"6.27s in [5.0, 30.0]"
675,./audio/675.wav,./audio/ref_voice/alienkevin.wav,我最愛嘅band譜上咗新嘅gig，我實在等得好excited！,5.568,kept,train,"5.57s in [5.0, 30.0]"
676,./audio/676.wav,./audio/ref_voice/alienkevin.wav,上次我去Disneyland，我最enjoy嗰個Mickey Mouse嘅parade，好有fun呀！,6.592,kept,train,"6.59s in [5.0, 30.0]"
677,./audio/677.wav,./audio/ref_voice/alienkevin.wav,我鐘意去concert feel到現場嘅energy，尤其喺EDM嗰dshow，真係好震撼！,5.547,kept,train,"5.55s in [5.0, 30.0]"
678,./audio/678.wav,./audio/ref_voice/alienkevin.wav,睇嘅最多次嘅movie一定係‘Titanic’，每次睇都好似第一次一樣moved。,4.8854,too_short,n/a,4.89s < 5.0
679,./audio/679.wav,./audio/ref_voice/alienkevin.wav,我好鐘意去art gallery浸泡喺美術嘅世界裏面，但最近因為疫情關係只能online view嘅exhibits。,8.1707,kept,train,"8.17s in [5.0, 30.0]"
680,./audio/680.wav,./audio/ref_voice/alienkevin.wav,我最喜歡嘅TV show喺‘Friends’，我可以睇嗰d劇集睇到笑到翻！,4.7787,too_short,n/a,4.78s < 5.0
681,./audio/681.wav,./audio/ref_voice/alienkevin.wav,我好鐘意聽podcast，特別係緊張嘅crime series，每次都令我完全放鬆同時又好intriguing。,8.128,kept,train,"8.13s in [5.0, 30.0]"
682,./audio/682.wav,./audio/ref_voice/alienkevin.wav,跑步keep fit好重要，但我都好enjoy就嚟嘅風景。,4.0107,too_short,n/a,4.01s < 5.0
683,./audio/683.wav,./audio/ref_voice/alienkevin.wav,NBA個competition level真係太high，你要有個excellent skills先有得compete。,4.6294,too_short,n/a,4.63s < 5.0
684,./audio/684.wav,./audio/ref_voice/alienkevin.wav,"如果你想improve你嘅游水技巧, 就要多做practice同埋keep up你嘅stamina.",4.5227,too_short,n/a,4.52s < 5.0
685,./audio/685.wav,./audio/ref_voice/alienkevin.wav,"跆拳道需要一種powerful kick同埋quick reflexes, 我嘅training就係鍛鍊呢啲elements。",5.2907,kept,train,"5.29s in [5.0, 30.0]"
686,./audio/686.wav,./audio/ref_voice/alienkevin.wav,我鍾意做gym workouts，因為我可以自己set我嘅pace的同埋choose我嘅exercises。,6.8907,kept,eval,"6.89s in [5.0, 30.0]"
687,./audio/687.wav,./audio/ref_voice/alienkevin.wav,"做瑜伽可以improve我嘅balance同埋stability, 我真係好鍾意那種calm的感覺。",4.864,too_short,n/a,4.86s < 5.0
688,./audio/688.wav,./audio/ref_voice/alienkevin.wav,棒球不只需要strong arm，而且要有exact timing去catch嗰個ball。,5.2907,kept,train,"5.29s in [5.0, 30.0]"
689,./audio/689.wav,./audio/ref_voice/alienkevin.wav,"Hiking唔仲fit你，但又可以讓你appreciate大自然嘅beauty, 真係一種perfect的活動。",5.8667,kept,train,"5.87s in [5.0, 30.0]"
690,./audio/690.wav,./audio/ref_voice/alienkevin.wav,"跳舞其實都係一種運動，你需要有flexibility, rhythm同coordination才能dance好。",5.3334,kept,train,"5.33s in [5.0, 30.0]"
691,./audio/691.wav,./audio/ref_voice/alienkevin.wav,我每次打網球，我都會concentrate好難，因為要時刻observe對手嘅movement。,4.544,too_short,n/a,4.54s < 5.0
692,./audio/692.wav,./audio/ref_voice/alienkevin.wav,Hong Kong government 個response to the pandemic證實咗我哋嘅public health infrastructure…,6.912,kept,eval,"6.91s in [5.0, 30.0]"
693,./audio/693.wav,./audio/ref_voice/alienkevin.wav,中小企對政府提供嘅financial assistance measures 表示好欢迎，希望能夠繼續獲得援助。,6.272,kept,train,"6.27s in [5.0, 30.0]"
694,./audio/694.wav,./audio/ref_voice/alienkevin.wav,香港教育制度需要讓學生擁有more comprehensive skill sets，以應對未來社會嘅挑戰。,5.9734,kept,train,"5.97s in [5.0, 30.0]"
695,./audio/695.wav,./audio/ref_voice/alienkevin.wav,聯合國對香港嘅human rights situation 表示關注，希望政府尊重民眾嘅基本權利。,6.6774,kept,train,"6.68s in [5.0, 30.0]"
696,./audio/696.wav,./audio/ref_voice/alienkevin.wav,香港嘅property market 繼續攀升，使得公眾承受嘅housing burden 更為沉重。,5.655,kept,train,"5.65s in [5.0, 30.0]"
697,./audio/697.wav,./audio/ref_voice/alienkevin.wav,"對於Climate change, 香港需要有更具前瞻性嘅climate change adaptation 措施。",5.6107,kept,eval,"5.61s in [5.0, 30.0]"
698,./audio/698.wav,./audio/ref_voice/alienkevin.wav,城市規劃專家提出review existing town planning strategies，以促進香港社區嘅可持續發展。,6.699,kept,train,"6.70s in [5.0, 30.0]"
699,./audio/699.wav,./audio/ref_voice/alienkevin.wav,為了確保公平負擔，住房問題需要以progressive housing policy 來解決。,5.1414,kept,eval,"5.14s in [5.0, 30.0]"
700,./audio/700.wav,./audio/ref_voice/alienkevin.wav,政府應積極甄別技能短缺，透過Education reform 提高工人嘅技能，促進經濟發展。,5.9094,kept,train,"5.91s in [5.0, 30.0]"
701,./audio/701.wav,./audio/ref_voice/alienkevin.wav,為了改善空氣質素，我哋需要積極推動green transportation。,4.3734,too_short,n/a,4.37s < 5.0
702,./audio/702.wav,./audio/ref_voice/alienkevin.wav,我最鍾意去themall shopping，可以試到最新嘅fashion trends。,5.0347,kept,train,"5.03s in [5.0, 30.0]"
703,./audio/703.wav,./audio/ref_voice/alienkevin.wav,個prices tag見到唔係你想嘅range，就try bargaining啦，學一學how to negotiate，有時仲真係可以knap到discoun…,8.4907,kept,eval,"8.49s in [5.0, 30.0]"
704,./audio/704.wav,./audio/ref_voice/alienkevin.wav,我鍾意去outlet買嘢，因為通常都會have some really nice deals，如果you're lucky 的話。,5.568,kept,train,"5.57s in [5.0, 30.0]"
705,./audio/705.wav,./audio/ref_voice/alienkevin.wav,我成日都話我嘅朋友，唔好忽視咗online shopping，有時候you can find some hidden gems。,6.208,kept,eval,"6.21s in [5.0, 30.0]"
706,./audio/706.wav,./audio/ref_voice/alienkevin.wav,Duty free shops係airport，我覺得係shopping的天堂，好多好嘢又不charge VAT。,4.7574,too_short,n/a,4.76s < 5.0
707,./audio/707.wav,./audio/ref_voice/alienkevin.wav,Sale時候抢貨，你要be very quick，否則好嘅嘢都會被人預訂晒。,4.2667,too_short,n/a,4.27s < 5.0
708,./audio/708.wav,./audio/ref_voice/alienkevin.wav,我平時都會用credit card去購物，因為可以賺取cash back或者air miles。,4.16,too_short,n/a,4.16s < 5.0
709,./audio/709.wav,./audio/ref_voice/alienkevin.wav,我真係好鍾意用apps去shopping，例如ASOS，Zara等等，好方便又直接送到屋企。,6.7627,kept,eval,"6.76s in [5.0, 30.0]"
710,./audio/710.wav,./audio/ref_voice/alienkevin.wav,我最in love嘅一雙运动鞋就係我喺sneaker store買嘅，worth every penny 而且唔使費事去搶。,6.0374,kept,train,"6.04s in [5.0, 30.0]"
711,./audio/711.wav,./audio/ref_voice/alienkevin.wav,私家車買物真係方便好多，唔使擔心買嘅嘢會太重或者太容易磨損。,4.9067,too_short,n/a,4.91s < 5.0
712,./audio/712.wav,./audio/ref_voice/alienkevin.wav,你嘅passion可以引領你到知識嘅海洋去exploration，無窮無盡。,4.032,too_short,n/a,4.03s < 5.0
713,./audio/713.wav,./audio/ref_voice/alienkevin.wav,學習嘅過程可能需要perseverance，但係結果永遠都會相當rewarding。,4.9067,too_short,n/a,4.91s < 5.0
714,./audio/714.wav,./audio/ref_voice/alienkevin.wav,要always keep an open mind，唔好怕面對新知識嘅challenge。,3.9894,too_short,n/a,3.99s < 5.0
715,./audio/715.wav,./audio/ref_voice/alienkevin.wav,相信自己，你嘅potential係無窮無盡嘅，學習就係發掘呢份potential嘅過程。,5.0347,kept,train,"5.03s in [5.0, 30.0]"
716,./audio/716.wav,./audio/ref_voice/alienkevin.wav,唔好怕failure，係failure中我哋可以學習到最多嘅經驗和教訓。,5.1627,kept,train,"5.16s in [5.0, 30.0]"
717,./audio/717.wav,./audio/ref_voice/alienkevin.wav,Life 總係full of opportunities，學習係打開哩啲機會大門嘅鑰匙。,4.1174,too_short,n/a,4.12s < 5.0
718,./audio/718.wav,./audio/ref_voice/alienkevin.wav,順利迎接challenges，並唔係點樣避開佢哋，學習就係一種策略。,4.5867,too_short,n/a,4.59s < 5.0
719,./audio/719.wav,./audio/ref_voice/alienkevin.wav,Take responsibility for你自己嘅學習，唔好等待知識自己common sense你嘅大腦。,5.0987,kept,eval,"5.10s in [5.0, 30.0]"
720,./audio/720.wav,./audio/ref_voice/alienkevin.wav,"只要你determined去學，無一樣嘢係學唔到嘅。"" ",3.072,too_short,n/a,3.07s < 5.0
721,./audio/721.wav,./audio/ref_voice/alienkevin.wav,學習唔單止係為咗考試或者work，而係可以enrich我哋嘅生活，讓人生更加colourful。,5.4827,kept,train,"5.48s in [5.0, 30.0]"
722,./audio/722.wav,./audio/ref_voice/alienkevin.wav,我哋嘅target係提升productivity，改善workflow，並且maximize嘅profits.,5.184,kept,train,"5.18s in [5.0, 30.0]"
723,./audio/723.wav,./audio/ref_voice/alienkevin.wav,有時候，driven嘅passion比professional skills更重要。,3.136,too_short,n/a,3.14s < 5.0
724,./audio/724.wav,./audio/ref_voice/alienkevin.wav,全部嘅colleague都遵守咗我哋嘅company policy，噉嘅workplace既和諧且productive.,7.744,kept,train,"7.74s in [5.0, 30.0]"
725,./audio/725.wav,./audio/ref_voice/alienkevin.wav,唔係全部嘅project都會成功，但係我哋可以喺failure中學習，再者improve我哋嘅strategy。,5.888,kept,train,"5.89s in [5.0, 30.0]"
726,./audio/726.wav,./audio/ref_voice/alienkevin.wav,你努力work，唔係單止為咗promotion同money，更為咗你對自己所做chose career嘅commitment.,5.8027,kept,train,"5.80s in [5.0, 30.0]"
727,./audio/727.wav,./audio/ref_voice/alienkevin.wav,為咗保持competitive，我哋每一個月都會hold一個brainstorm session，激發新idea同創新solution。,5.568,kept,train,"5.57s in [5.0, 30.0]"
728,./audio/728.wav,./audio/ref_voice/alienkevin.wav,我哋嘅mission就係去提供最優質嘅customer service，噉嘅success就會follow住嚟。,6.08,kept,eval,"6.08s in [5.0, 30.0]"
729,./audio/729.wav,./audio/ref_voice/alienkevin.wav,喺呢個high pressure environment，良好嘅time management skills可以幫助你達成targets而無需犧牲你嘅work-…,6.272,kept,eval,"6.27s in [5.0, 30.0]"
730,./audio/730.wav,./audio/ref_voice/alienkevin.wav,喺workplace，effective communication跟teamwork係獲得success嘅key。,4.8854,too_short,n/a,4.89s < 5.0
731,./audio/731.wav,./audio/ref_voice/alienkevin.wav,每日學識去adapt新嘅challenges，執住positive mindset繼續向前，就會有job fulfillment。,6.656,kept,train,"6.66s in [5.0, 30.0]"
732,./audio/732.wav,./audio/ref_voice/alienkevin.wav,真系好hot嘅天气，立刻需要汗流如rain啊。,4.8,too_short,n/a,4.80s < 5.0
733,./audio/733.wav,./audio/ref_voice/alienkevin.wav,明天可能会有storm，记得要带把umbrella啊!,4.503,too_short,n/a,4.50s < 5.0
734,./audio/734.wav,./audio/ref_voice/alienkevin.wav,早上起身，天空咁blue，心情真系好好啊!,4.1814,too_short,n/a,4.18s < 5.0
735,./audio/735.wav,./audio/ref_voice/alienkevin.wav,这几日好cloudy，感觉随时都会下雨。,3.6267,too_short,n/a,3.63s < 5.0
736,./audio/736.wav,./audio/ref_voice/alienkevin.wav,唔喜欢咁humid嘅天气，令我感觉好涓涓。,3.904,too_short,n/a,3.90s < 5.0
737,./audio/737.wav,./audio/ref_voice/alienkevin.wav,最近嘅climate变化好大，一会儿hot，一会儿cold。,4.224,too_short,n/a,4.22s < 5.0
738,./audio/738.wav,./audio/ref_voice/alienkevin.wav,"今日系fall season,天气真的好cool。",3.84,too_short,n/a,3.84s < 5.0
739,./audio/739.wav,./audio/ref_voice/alienkevin.wav,"整日下雨, feel like系英国似的。",2.9654,too_short,n/a,2.97s < 5.0
740,./audio/740.wav,./audio/ref_voice/alienkevin.wav,流星雨今晚appear，大家不如一齐head to the rooftop睇啦!,4.288,too_short,n/a,4.29s < 5.0
741,./audio/741.wav,./audio/ref_voice/alienkevin.wav,冷冬月份，真系需要一个warm hug啊!,3.8614,too_short,n/a,3.86s < 5.0
742,./audio/742.wav,./audio/ref_voice/alienkevin.wav,你試過煎quinoa嗎？煮得啱時好似食緊咖哩飯咁，真係非常delicious！,6.3574,kept,train,"6.36s in [5.0, 30.0]"
743,./audio/743.wav,./audio/ref_voice/alienkevin.wav,我最愛嘅甜品無非就係紅豆pancake，sweet又唔會太膩，食完啲燒烤正啱！,5.184,kept,eval,"5.18s in [5.0, 30.0]"
744,./audio/744.wav,./audio/ref_voice/alienkevin.wav,我推介你試下我媽媽煮嘅home-made congee，好smooth，每一勺都充滿了love。,5.3334,kept,train,"5.33s in [5.0, 30.0]"
745,./audio/745.wav,./audio/ref_voice/alienkevin.wav,我平時唔係咁鍾意飲coffee，但係如果係星巴克嘅Caramel Macchiato，我就一定會買枝！,7.383,kept,train,"7.38s in [5.0, 30.0]"
746,./audio/746.wav,./audio/ref_voice/alienkevin.wav,假如你喜歡spicy food，點都要試下四川辣子雞，辣得恰到好處，食完之後舌尖上完全係火辣辣feel！,6.6774,kept,train,"6.68s in [5.0, 30.0]"
747,./audio/747.wav,./audio/ref_voice/alienkevin.wav,頭痛喺邊度食晚餐？去西太平洋酒店嘅Italian restaurant就冇錯，佢地嘅pasta係我試過最好食嘅！,6.8694,kept,train,"6.87s in [5.0, 30.0]"
748,./audio/748.wav,./audio/ref_voice/alienkevin.wav,飲茶嘅時候我最鍾意食嘅係custard bun，大有人哋話係咁滑，但係我覺得佢最好嘅地方喺於那個sweet又rich嘅香滑custard！,9.8134,kept,train,"9.81s in [5.0, 30.0]"
749,./audio/749.wav,./audio/ref_voice/alienkevin.wav,我知道你唔鍾意飲傳統嘅soda，但係你試過無糖嘅iced tea未？refreshing噤，你應該鍾意嘅！,6.9974,kept,train,"7.00s in [5.0, 30.0]"
750,./audio/750.wav,./audio/ref_voice/alienkevin.wav,我係一個大chocolate愛好者，所以當我試過初試Belgian hot chocolate之後，我已經愛上咗呢款飲品，rich又creamy，總係令人忍不住…,9.687,kept,train,"9.69s in [5.0, 30.0]"
751,./audio/751.wav,./audio/ref_voice/alienkevin.wav,我媽媽嘅beef stew就算再食都唔会膩，佢嘅secret recipe就係用了一种叫做rosemary嘅herb，真係incredible！,8.4694,kept,train,"8.47s in [5.0, 30.0]"
752,./audio/752.wav,./audio/ref_voice/alienkevin.wav,我喺Thailand 嘅Bangkok 行左一圈，失咗好多sweat，但係Wat Arun 嘅architecture 真系好cool！,6.807,kept,train,"6.81s in [5.0, 30.0]"
753,./audio/753.wav,./audio/ref_voice/alienkevin.wav,去过Paris嘅Eiffel Tower，个place 加上夜晚嘅lights，真系好romantic！,5.8454,kept,eval,"5.85s in [5.0, 30.0]"
754,./audio/754.wav,./audio/ref_voice/alienkevin.wav,Japan嘅Tokyo，我行晒Akihabara，買咗好多tech gadgets，really enjoyed myself!,6.9547,kept,train,"6.95s in [5.0, 30.0]"
755,./audio/755.wav,./audio/ref_voice/alienkevin.wav,去過 US嘅New York，喺Times Square看到嗰massive billboards，真系好stunning！,5.3974,kept,train,"5.40s in [5.0, 30.0]"
756,./audio/756.wav,./audio/ref_voice/alienkevin.wav,去Australia嘅Sydney，喺Harbour Bridge 同 Opera House 拎到好多beautiful 照片，真的很enjoy.,6.3787,kept,train,"6.38s in [5.0, 30.0]"
757,./audio/757.wav,./audio/ref_voice/alienkevin.wav,去過Italy嘅Venice，沿着canals 做个gondola ride，个feeling好特别，大開眼界!,8.128,kept,train,"8.13s in [5.0, 30.0]"
758,./audio/758.wav,./audio/ref_voice/alienkevin.wav,我上年去Spain嘅Barcelona，sagrada familia嗰個design令我深入思考Gaudi嘅vision.,9.1947,kept,train,"9.19s in [5.0, 30.0]"
759,./audio/759.wav,./audio/ref_voice/alienkevin.wav,沿着China嘅Great Wall，我感受到历史最profound的impact.,4.5654,too_short,n/a,4.57s < 5.0
760,./audio/760.wav,./audio/ref_voice/alienkevin.wav,喺Greek嘅Athens，我上咗Acropolis，嗰個view真系好impressive！,5.4827,kept,eval,"5.48s in [5.0, 30.0]"
761,./audio/761.wav,./audio/ref_voice/alienkevin.wav,去過UK嘅London，喺London Eye 落望，個Britain 嘅view真系好fantastic！,4.971,too_short,n/a,4.97s < 5.0
762,./audio/762.wav,./audio/ref_voice/alienkevin.wav,我最近開始follow緊一個叫‘Netflix’嘅streaming platform，裡面嘅TV shows真係好出色，‘Stranger Things’同‘…,8.064,kept,train,"8.06s in [5.0, 30.0]"
763,./audio/763.wav,./audio/ref_voice/alienkevin.wav,上個weekend我同我friend去咗一間叫‘Ocean Park’嘅地方玩，我地玩咗好多新嘅roller coaster，真係好thrilling嘅expe…,7.296,kept,train,"7.30s in [5.0, 30.0]"
764,./audio/764.wav,./audio/ref_voice/alienkevin.wav,我好鐘意嗰部‘Harry Potter’系列嘅電影，特別係嗰個魔法學院，太magical嘅感覺了！,5.1414,kept,train,"5.14s in [5.0, 30.0]"
765,./audio/765.wav,./audio/ref_voice/alienkevin.wav,我個Favourite嘅band係‘BTS’，我每次聽佢地嘅歌曲都感覺好fresh，而且佢地嘅concert太精彩了！,6.4214,kept,train,"6.42s in [5.0, 30.0]"
766,./audio/766.wav,./audio/ref_voice/alienkevin.wav,我最近睇緊一個drama叫‘Friends’，每個character都好funny，仲有就係我學到好多嘅slang同生活嘅小skills！,7.8934,kept,train,"7.89s in [5.0, 30.0]"
767,./audio/767.wav,./audio/ref_voice/alienkevin.wav,我雖然唔識畫畫，但係去過‘Art Basel’嘅artist展覽後都係感到好inspired，especially嗰d abstract art piece！,9.1307,kept,train,"9.13s in [5.0, 30.0]"
768,./audio/768.wav,./audio/ref_voice/alienkevin.wav,"我鍾意聽‘Jay Chow’嘅歌，佢嘅歌曲好catchy，做得出好creative嘅MV，我一定會去佢嘅live concert!"" ",6.72,kept,train,"6.72s in [5.0, 30.0]"
769,./audio/769.wav,./audio/ref_voice/alienkevin.wav,雖然我唔係一個咁大嘅sport fan，但每次看見‘Liverpool’嘅football match都會好excited，I just love the te…,7.7227,kept,train,"7.72s in [5.0, 30.0]"
770,./audio/770.wav,./audio/ref_voice/alienkevin.wav,"我好期待下個summer可以去‘Disneyland’玩，我已經好耐冇感受過嗰種happy and magical嘅feelings了！"" ",6.272,kept,train,"6.27s in [5.0, 30.0]"
771,./audio/771.wav,./audio/ref_voice/alienkevin.wav,我成日都有follow嗰個TV show叫‘Running Man’，所有嘅games都超funny，watching it just makes my day…,5.6747,kept,train,"5.67s in [5.0, 30.0]"
772,./audio/772.wav,./audio/ref_voice/alienkevin.wav,Cycling唔只係一种sport，佢更係一個way of life，我哋可以享受清新嘅air 和美丽嘅scenery。,7.36,kept,train,"7.36s in [5.0, 30.0]"
773,./audio/773.wav,./audio/ref_voice/alienkevin.wav,撑Dragon boat唔easy，但果個team spirit真係unbeatable，我哋共同fight for嗰個same goal。,7.0827,kept,train,"7.08s in [5.0, 30.0]"
774,./audio/774.wav,./audio/ref_voice/alienkevin.wav,Football game嘅excitement同激情，係其他活動難以match得爾。,4.224,too_short,n/a,4.22s < 5.0
775,./audio/775.wav,./audio/ref_voice/alienkevin.wav,Basketball嘅game strategy真係deep，每個team player都要有嗰份commitment同concentration。,6.3787,kept,train,"6.38s in [5.0, 30.0]"
776,./audio/776.wav,./audio/ref_voice/alienkevin.wav,"做Gym workout可以提升健康同埋增加body strength, 亦係一種self-discipline嘅exercise。",5.8027,kept,train,"5.80s in [5.0, 30.0]"
777,./audio/777.wav,./audio/ref_voice/alienkevin.wav,Table tennis除咗需要係reaction speed快，hand-eye coordination亦相當critical，係個好competitive…,7.744,kept,train,"7.74s in [5.0, 30.0]"
778,./audio/778.wav,./audio/ref_voice/alienkevin.wav,做Yoga唔仲係有助身心靈relax，仲可以improve身体嘅flexibility，真係一個all round嘅活動。,7.959,kept,eval,"7.96s in [5.0, 30.0]"
779,./audio/779.wav,./audio/ref_voice/alienkevin.wav,Marathon running真係一種test of endurance，你需要嗰份perseverance去combat每個challenges。,7.1894,kept,eval,"7.19s in [5.0, 30.0]"
780,./audio/780.wav,./audio/ref_voice/alienkevin.wav,Swimming唔单止fit健康，仲可以提升自己嘅stamina，improve咗我哋嘅breathing capacity。,5.6107,kept,train,"5.61s in [5.0, 30.0]"
781,./audio/781.wav,./audio/ref_voice/alienkevin.wav,"Boxing 唔只需要powerful punches, 而且要有quick reflexes同埋strategic思維，係一種full body workou…",8.6614,kept,train,"8.66s in [5.0, 30.0]"
782,./audio/782.wav,./audio/ref_voice/alienkevin.wav,為了解決擠塞問題，我們需要push for intelligent traffic management system。,6.336,kept,train,"6.34s in [5.0, 30.0]"
783,./audio/783.wav,./audio/ref_voice/alienkevin.wav,骨灰公屋有必要改革，應該seek for a sustainable public housing policy。,5.9094,kept,train,"5.91s in [5.0, 30.0]"
784,./audio/784.wav,./audio/ref_voice/alienkevin.wav,香港唔應該只係追求GDP增長，而要focus on well-being of the citizen。,5.5254,kept,train,"5.53s in [5.0, 30.0]"
785,./audio/785.wav,./audio/ref_voice/alienkevin.wav,萬勿忽視老年人的needs，社會福利需要有comprehensive elderly care system。,5.504,kept,train,"5.50s in [5.0, 30.0]"
786,./audio/786.wav,./audio/ref_voice/alienkevin.wav,香港necessity一個健全而公平的教育體系，從而提升social mobility。,6.3574,kept,train,"6.36s in [5.0, 30.0]"
787,./audio/787.wav,./audio/ref_voice/alienkevin.wav,COVID-19疫情證明了香港需要加強public health infrastructure。,5.056,kept,train,"5.06s in [5.0, 30.0]"
788,./audio/788.wav,./audio/ref_voice/alienkevin.wav,我哋需要透過promote green agenda來對抗氣候變化問題。,4.48,too_short,n/a,4.48s < 5.0
789,./audio/789.wav,./audio/ref_voice/alienkevin.wav,"新冠肺炎疫苗的分發需要transparent and effective, 確保公眾信任。",4.736,too_short,n/a,4.74s < 5.0
790,./audio/790.wav,./audio/ref_voice/alienkevin.wav,為了香港的未來，我地需要commit to a sustainable city development plan。,3.8614,too_short,n/a,3.86s < 5.0
791,./audio/791.wav,./audio/ref_voice/alienkevin.wav,將大數據及AI技術用於城市管理，可以肯定improve our smart city planning。,4.6294,too_short,n/a,4.63s < 5.0
792,./audio/792.wav,./audio/ref_voice/alienkevin.wav,我喺online shopping時，我最鍾意用Paypal去結帳，好方便又安全。,3.84,too_short,n/a,3.84s < 5.0
793,./audio/793.wav,./audio/ref_voice/alienkevin.wav,Black Friday sales我鐵定唔會miss，隻眼望住佢哋嘅discount都覺得心情好快樂。,5.0987,kept,train,"5.10s in [5.0, 30.0]"
794,./audio/794.wav,./audio/ref_voice/alienkevin.wav,Shopping mall的food court真係好方便，可以喺飽肚之餘，再續續行。,4.352,too_short,n/a,4.35s < 5.0
795,./audio/795.wav,./audio/ref_voice/alienkevin.wav,我覺得入面個Rose gold necklace我最喜歡，觀賞得到handmade的東西都會覺得好有質感。,7.0614,kept,train,"7.06s in [5.0, 30.0]"
796,./audio/796.wav,./audio/ref_voice/alienkevin.wav,Primark有好多affordable的衫褲，同時kawaii到爆，走pop culture風陪住点簡約，真係難啦！,7.1894,kept,train,"7.19s in [5.0, 30.0]"
797,./audio/797.wav,./audio/ref_voice/alienkevin.wav,我平時都會喺eBay度買electronic gadgets，因為佢哋嘅價錢係比商店裏面便宜好多。,5.696,kept,train,"5.70s in [5.0, 30.0]"
798,./audio/798.wav,./audio/ref_voice/alienkevin.wav,我喜歡喺souvenir shops買紀念品，可以留住成個travel的回憶。,4.608,too_short,n/a,4.61s < 5.0
799,./audio/799.wav,./audio/ref_voice/alienkevin.wav,"我覺得Supermarket係生活小百科，去到就知全部嘢: food, drink, household goods都有得揀。",5.44,kept,train,"5.44s in [5.0, 30.0]"
800,./audio/800.wav,./audio/ref_voice/alienkevin.wav,喺Amazon購物有時需要留意返運費，因為冇規定一定包postage。,5.184,kept,train,"5.18s in [5.0, 30.0]"
801,./audio/801.wav,./audio/ref_voice/alienkevin.wav,喺網購時，我通常都會用debit card 或者credit card去結帳，好快又方便。,5.3334,kept,train,"5.33s in [5.0, 30.0]"
802,./audio/802.wav,./audio/ref_voice/alienkevin.wav,學習就係我哋life嘅一部分，每日都可以學嘅嘢繁多至極。,5.4614,kept,train,"5.46s in [5.0, 30.0]"
803,./audio/803.wav,./audio/ref_voice/alienkevin.wav,我哋應該擁抱學習嘅process，因為呢個過程會令我哋變得更強、更勇敢。,4.4374,too_short,n/a,4.44s < 5.0
804,./audio/804.wav,./audio/ref_voice/alienkevin.wav,Learning from mistakes係我哋成長嘅重要一步，從中可以見到自己嘅不足。,4.288,too_short,n/a,4.29s < 5.0
805,./audio/805.wav,./audio/ref_voice/alienkevin.wav,學習唔單止要focus over hard skills，但都要improve我哋soft skills同我哋嘅人際關係。,5.1627,kept,train,"5.16s in [5.0, 30.0]"
806,./audio/806.wav,./audio/ref_voice/alienkevin.wav,我哋學嘅嘢唔一定要用黎應考，學習就係去explore世界，開拓我哋嘅眼界,5.9307,kept,train,"5.93s in [5.0, 30.0]"
807,./audio/807.wav,./audio/ref_voice/alienkevin.wav,學習唔係純粹嘅唸書，而係過程中discovery自己，找到自己真正passionate嘅嘢。,5.248,kept,train,"5.25s in [5.0, 30.0]"
808,./audio/808.wav,./audio/ref_voice/alienkevin.wav,學習可以帶嚟enjoyment，當你understand一個新嘅概念或者學識一種新嘅技能時，果種成就感係真正嘅快樂。,6.807,kept,train,"6.81s in [5.0, 30.0]"
809,./audio/809.wav,./audio/ref_voice/alienkevin.wav,自我學習係我哋嘅一種ability，喺未知與已知之間尋找balance。,4.6294,too_short,n/a,4.63s < 5.0
810,./audio/810.wav,./audio/ref_voice/alienkevin.wav,透過學習我哋可以get ready face將來嘅challenges同嘅opportunities。,5.4614,kept,train,"5.46s in [5.0, 30.0]"
811,./audio/811.wav,./audio/ref_voice/alienkevin.wav,"我哋嘅學習永無止境, swap唔停嘅突破comfort zone, 幫助我哋unleash我哋嘅potential.",6.9547,kept,train,"6.95s in [5.0, 30.0]"
812,./audio/812.wav,./audio/ref_voice/alienkevin.wav,學咗自学，我哋就可以讓自己benefit from lifelong learning。,6.0587,kept,train,"6.06s in [5.0, 30.0]"
813,./audio/813.wav,./audio/ref_voice/alienkevin.wav,透過參加各種workshop同培訓，我哋可以繼續學習新skill同增強個人競爭力。,6.8267,kept,train,"6.83s in [5.0, 30.0]"
814,./audio/814.wav,./audio/ref_voice/alienkevin.wav,想要成為一個effective團隊，每人都要負起自己份內嘅responsibility同work hard。,5.184,kept,train,"5.18s in [5.0, 30.0]"
815,./audio/815.wav,./audio/ref_voice/alienkevin.wav,睇落晒返成功嘅project，原來key factor係regularly communicate同合作。,6.1654,kept,train,"6.17s in [5.0, 30.0]"
816,./audio/816.wav,./audio/ref_voice/alienkevin.wav,明白咗自己職業嘅mission同vision，會更加motivated去完成任務。,4.288,too_short,n/a,4.29s < 5.0
817,./audio/817.wav,./audio/ref_voice/alienkevin.wav,唔好怕challenge，每個問題都係一個機會去learn新嘢同improve自己。,4.3734,too_short,n/a,4.37s < 5.0
818,./audio/818.wav,./audio/ref_voice/alienkevin.wav,同colleague保持open communication，唔單止可以改善關係，仲可以提升work efficiency。,7.232,kept,train,"7.23s in [5.0, 30.0]"
819,./audio/819.wav,./audio/ref_voice/alienkevin.wav,準備返一份comprehensive嘅report，呢個就係我哋嘅weekly task嘅一部分。,5.9947,kept,eval,"5.99s in [5.0, 30.0]"
820,./audio/820.wav,./audio/ref_voice/alienkevin.wav,"每日我哋都更新system嘅status,咁樣可以保持我哋嘅work最front line。",5.248,kept,train,"5.25s in [5.0, 30.0]"
821,./audio/821.wav,./audio/ref_voice/alienkevin.wav,我哋嘅目標唔止係達到sales target，仲要提供best service畀我哋嘅客戶。,5.696,kept,train,"5.70s in [5.0, 30.0]"
822,./audio/822.wav,./audio/ref_voice/alienkevin.wav,持續進行self－evaluation同接受feedback，將會有助於我哋改善self performance。,5.952,kept,train,"5.95s in [5.0, 30.0]"
823,./audio/823.wav,./audio/ref_voice/alienkevin.wav,"今日系summer, 太阳好like光头强。",3.1787,too_short,n/a,3.18s < 5.0
824,./audio/824.wav,./audio/ref_voice/alienkevin.wav,"天气真系好hot, feel like在赤道上。",3.5627,too_short,n/a,3.56s < 5.0
825,./audio/825.wav,./audio/ref_voice/alienkevin.wav,呢个winter真系太cold，just like在北极。,3.328,too_short,n/a,3.33s < 5.0
826,./audio/826.wav,./audio/ref_voice/alienkevin.wav,唔知点解今日嘅weather就系咁moody，一会hot一会cold。,4.3307,too_short,n/a,4.33s < 5.0
827,./audio/827.wav,./audio/ref_voice/alienkevin.wav,几时先到spring来，miss到花儿香。,3.3707,too_short,n/a,3.37s < 5.0
828,./audio/828.wav,./audio/ref_voice/alienkevin.wav,今天so windy，just like在西藏一样。,3.136,too_short,n/a,3.14s < 5.0
829,./audio/829.wav,./audio/ref_voice/alienkevin.wav,天气forecast话会下雨，记得bring你的umbrella哦。,4.48,too_short,n/a,4.48s < 5.0
830,./audio/830.wav,./audio/ref_voice/alienkevin.wav,今日嘅sunrise真系好beautiful， feel like在painting入面。”,3.904,too_short,n/a,3.90s < 5.0
831,./audio/831.wav,./audio/ref_voice/alienkevin.wav,唔理天气hot定cold，我都要keep moving。,3.243,too_short,n/a,3.24s < 5.0
832,./audio/832.wav,./audio/ref_voice/alienkevin.wav,今日呢个sky真系过于clear，简直like一块blue crystal。,4.8,too_short,n/a,4.80s < 5.0
833,./audio/833.wav,./audio/ref_voice/alienkevin.wav,天气太dry，感觉系喺沙漠度咁。,4.288,too_short,n/a,4.29s < 5.0
834,./audio/834.wav,./audio/ref_voice/alienkevin.wav,今日feel好low，天气又overcast，真系好fit我mood。,3.904,too_short,n/a,3.90s < 5.0
835,./audio/835.wav,./audio/ref_voice/alienkevin.wav,星期日，但愿天气bright the whole day，我要去hiking。,4.0107,too_short,n/a,4.01s < 5.0
836,./audio/836.wav,./audio/ref_voice/alienkevin.wav,前晚我試咗嚟自Thailand嘅tom yum soup，味道真係足夠spicy同refreshing，正宗嘅泰國菜味道！,8.0427,kept,train,"8.04s in [5.0, 30.0]"
837,./audio/837.wav,./audio/ref_voice/alienkevin.wav,昨晚我嘗試咗去做一個vegetarian pizza，雖然冇咗肉，但係蕃茄醬好rich，起司又melt得剛剛好！,6.72,kept,train,"6.72s in [5.0, 30.0]"
838,./audio/838.wav,./audio/ref_voice/alienkevin.wav,週末我第一次試吃Indian curry，香料味道濃郁，配埋naan真係很tasty!,5.8667,kept,train,"5.87s in [5.0, 30.0]"
839,./audio/839.wav,./audio/ref_voice/alienkevin.wav,我剛剛做咗一個Japanese matcha cake，色香味俱全，希望大家都會喜歡呢個fusion嘅dessert！,5.9734,kept,train,"5.97s in [5.0, 30.0]"
840,./audio/840.wav,./audio/ref_voice/alienkevin.wav,我真係好鍾意吃avocado salad，配埋lime dressing會更加refreshing，好適合夏天食！,5.7174,kept,eval,"5.72s in [5.0, 30.0]"
841,./audio/841.wav,./audio/ref_voice/alienkevin.wav,"最近我試過一間新開嘅French restaurant, 佢地嘅foie gras真係好rich同creamy，讚得一臉！",8.0,kept,train,"8.00s in [5.0, 30.0]"
842,./audio/842.wav,./audio/ref_voice/alienkevin.wav,我開始學做sushi roll，裡面話會包紅蘿蔔、黃瓜、avocado，好healthy啊！,5.376,kept,train,"5.38s in [5.0, 30.0]"
843,./audio/843.wav,./audio/ref_voice/alienkevin.wav,"我個friend推薦我試一試Korean kimchi, 味道rich而且spicy，真係非常好味！",5.4827,kept,eval,"5.48s in [5.0, 30.0]"
844,./audio/844.wav,./audio/ref_voice/alienkevin.wav,"最近煮咗個Italian pasta, 用咗fresh tomatoes同basil做醬，真係good to the last bite!",5.9307,kept,train,"5.93s in [5.0, 30.0]"
845,./audio/845.wav,./audio/ref_voice/alienkevin.wav,大家有冇試過煮homemade burger? 加咗cheese同bacon，真係非常delicious!,4.8214,too_short,n/a,4.82s < 5.0
846,./audio/846.wav,./audio/ref_voice/alienkevin.wav,我喺Australia嘅Sydney，跨過個Harbour Bridge，怕高嘅我都疼住少女心去挑戰！,6.231,kept,train,"6.23s in [5.0, 30.0]"
847,./audio/847.wav,./audio/ref_voice/alienkevin.wav,喺US嘅New York， 遊逛喺Times Square，個sight真係喺midnight仍然明亮如白晝！,5.6747,kept,train,"5.67s in [5.0, 30.0]"
848,./audio/848.wav,./audio/ref_voice/alienkevin.wav,去過Thailand嘅Bangkok，品了個Pad Thai，個taste真系好amazing，我會再來！,5.5894,kept,train,"5.59s in [5.0, 30.0]"
849,./audio/849.wav,./audio/ref_voice/alienkevin.wav,喺Egypt噶Cairo， 睇見咗個Great Pyramid，感覺好神秘又magnificent！,5.547,kept,train,"5.55s in [5.0, 30.0]"
850,./audio/850.wav,./audio/ref_voice/alienkevin.wav,我喺Singapore嘅Marina Bay，灌咗落水瀨，感受到hot於tropical climate！,6.912,kept,train,"6.91s in [5.0, 30.0]"
851,./audio/851.wav,./audio/ref_voice/alienkevin.wav,香港自己嘅Victoria Peak，overlook咗我哋嘅beautiful skyline，每次都感覺新奇！,6.656,kept,train,"6.66s in [5.0, 30.0]"
852,./audio/852.wav,./audio/ref_voice/alienkevin.wav,去過南韓嘅Seoul，buy咗好多K-beauty products，shopping experience真系好fun！,6.336,kept,train,"6.34s in [5.0, 30.0]"
853,./audio/853.wav,./audio/ref_voice/alienkevin.wav,去過最chill嘅拉萨，跟着local 唱响song，個feeling真係好relaxing！,5.2907,kept,train,"5.29s in [5.0, 30.0]"
854,./audio/854.wav,./audio/ref_voice/alienkevin.wav,喺Japan 嘅Tokyo喺Sushi bar食咗個Omakase，食物presentation同taste令我太滿足！,7.2534,kept,train,"7.25s in [5.0, 30.0]"
855,./audio/855.wav,./audio/ref_voice/alienkevin.wav,喺France嘅Paris， 喺Seine River上面做一趟boat trip， 咁樣appreciate城市美麗！,6.528,kept,train,"6.53s in [5.0, 30.0]"
856,./audio/856.wav,./audio/ref_voice/alienkevin.wav,我好鍾意星期日嘅時候喺home睇‘Netflix’，Relax and Enjoy！,4.288,too_short,n/a,4.29s < 5.0
857,./audio/857.wav,./audio/ref_voice/alienkevin.wav,我間唔中都會去‘Tsim Sha Tsui’個‘Broadway Cinema’搵某部好Movie去睇，唔論係romantic comedy定係action m…,8.1067,kept,train,"8.11s in [5.0, 30.0]"
858,./audio/858.wav,./audio/ref_voice/alienkevin.wav,我可以玩whole day嘅game就只有‘Animal Crossing’，真係超addictive嘅！,4.5654,too_short,n/a,4.57s < 5.0
859,./audio/859.wav,./audio/ref_voice/alienkevin.wav,我最近開始學練瑜伽，因為我聽人講可以幫助提升我的mindfulness and concentration.,6.7414,kept,train,"6.74s in [5.0, 30.0]"
860,./audio/860.wav,./audio/ref_voice/alienkevin.wav,冇理由你唔去‘Happy Valley’跟住地標咁大嘅crowd去bet馬，好Exciting嘅！,6.464,kept,train,"6.46s in [5.0, 30.0]"
861,./audio/861.wav,./audio/ref_voice/alienkevin.wav,去Booth嘅時候，我最愛玩嘅game就係shoot the hoops，好Challenging，feel like a pro basketball pla…,7.3174,kept,eval,"7.32s in [5.0, 30.0]"
862,./audio/862.wav,./audio/ref_voice/alienkevin.wav,當我聽完成首‘Jay Chou’嘅歌，我好想學佢咁唱歌，咁Cool！,4.2454,too_short,n/a,4.25s < 5.0
863,./audio/863.wav,./audio/ref_voice/alienkevin.wav,我始終都覺得玩‘Pokemon Go’係好fun，就算是成日喺street行一行都冇咁boring.,6.528,kept,train,"6.53s in [5.0, 30.0]"
864,./audio/864.wav,./audio/ref_voice/alienkevin.wav,我一直都喺following嗰個Youtuber叫‘PewDiePie’，佢既Vlogs又real又funny，我真係好享受欣賞佢嘅channel.,6.5067,kept,train,"6.51s in [5.0, 30.0]"
865,./audio/865.wav,./audio/ref_voice/alienkevin.wav,"我同我朋友好愛打‘League of Legends’, 都會team up一齊battle，一齊win！",4.672,too_short,n/a,4.67s < 5.0
866,./audio/866.wav,./audio/ref_voice/alienkevin.wav,Football其實唔只係運球同射門，佢都包括咗精神嘅training同teamwork。,5.8667,kept,train,"5.87s in [5.0, 30.0]"
867,./audio/867.wav,./audio/ref_voice/alienkevin.wav,Basketball就好似一場快節奏嘅戰爭，你要好聪明去handle各種unexpected situation。,5.9947,kept,train,"5.99s in [5.0, 30.0]"
868,./audio/868.wav,./audio/ref_voice/alienkevin.wav,Swimming唔只係单纯嘅水中活动，佢嘅water resistance入面有好多physical principle都可以學嘅。,5.7814,kept,train,"5.78s in [5.0, 30.0]"
869,./audio/869.wav,./audio/ref_voice/alienkevin.wav,Badminton係一種需要high speed而且反應要亦好快嘅sport，你需要keep住高度嘅attention。,5.7387,kept,train,"5.74s in [5.0, 30.0]"
870,./audio/870.wav,./audio/ref_voice/alienkevin.wav,Gym除咗可以改善我哋嘅體型同體力，佢同時promote整體身心健康。,4.672,too_short,n/a,4.67s < 5.0
871,./audio/871.wav,./audio/ref_voice/alienkevin.wav,Running其實服務於自己，佢提供space比我哋可以enjoy solitude，同时都可以鍛煉出tough mindset。,7.5947,kept,train,"7.59s in [5.0, 30.0]"
872,./audio/872.wav,./audio/ref_voice/alienkevin.wav,Yoga不僅是一種physical exercise，佢可以帶俾我哋inner peace和balance。,6.2507,kept,train,"6.25s in [5.0, 30.0]"
873,./audio/873.wav,./audio/ref_voice/alienkevin.wav,Boxing唔只是單純嘅打擊，其實佢涉及到嘅strategy同技巧都非常深奧。,4.8427,too_short,n/a,4.84s < 5.0
874,./audio/874.wav,./audio/ref_voice/alienkevin.wav,Squash需要咗high intensity同quick decision making，你一定要好fit先可以玩到佢。,6.0587,kept,train,"6.06s in [5.0, 30.0]"
875,./audio/875.wav,./audio/ref_voice/alienkevin.wav,Golf要你有patience，也需要對風向、地形以及球道的了解，係一種science和art的融合。,5.6107,kept,train,"5.61s in [5.0, 30.0]"
876,./audio/876.wav,./audio/ref_voice/alienkevin.wav,Table tennis除咗需要係reaction speed快，hand-eye coordination亦相當critical，係個好competitive…,7.851,kept,train,"7.85s in [5.0, 30.0]"
877,./audio/877.wav,./audio/ref_voice/alienkevin.wav,Cycling唔只係一种sport，佢更係一個way of life，我哋可以享受清新嘅air 和美丽嘅scenery。,6.123,kept,train,"6.12s in [5.0, 30.0]"
878,./audio/878.wav,./audio/ref_voice/alienkevin.wav,Fencing係一種係一種elegant嘅martial art，佢需要sophisticated嘅footwork同precise嘅bladework。,9.1947,kept,train,"9.19s in [5.0, 30.0]"
879,./audio/879.wav,./audio/ref_voice/alienkevin.wav,Tennis需要咗high level嘅agility同strong hand-eye coordination，你要時刻focus喺球上面。,6.9547,kept,train,"6.95s in [5.0, 30.0]"
880,./audio/880.wav,./audio/ref_voice/alienkevin.wav,Weightlifting可以train到我哋嘅strength 同 endurance，佢係一種讓我們超越自我嘅sport。,5.0347,kept,train,"5.03s in [5.0, 30.0]"
881,./audio/881.wav,./audio/ref_voice/alienkevin.wav,香港的Housing issue真係需要多d attention，不可以再ignore啦。,4.5227,too_short,n/a,4.52s < 5.0
882,./audio/882.wav,./audio/ref_voice/alienkevin.wav,我地需要支持Local businesses，保持香港嘅經濟繁榮。,4.9067,too_short,n/a,4.91s < 5.0
883,./audio/883.wav,./audio/ref_voice/alienkevin.wav,一直有人問我，香港獨立會唔會係唯一解決方法，我話，我哋需要多啲dialogue，而唔係單一解答。,7.1254,kept,train,"7.13s in [5.0, 30.0]"
884,./audio/884.wav,./audio/ref_voice/alienkevin.wav,"香港嘅Education system需要一個大變革, 要讓學生有更多Creative thinking嘅空間。",5.4827,kept,train,"5.48s in [5.0, 30.0]"
885,./audio/885.wav,./audio/ref_voice/alienkevin.wav,疫情之下嘅Unemployment rate worrying喇，政府要出手幫助市民。,4.928,too_short,n/a,4.93s < 5.0
886,./audio/886.wav,./audio/ref_voice/alienkevin.wav,Air pollution問題嚴重，香港應該立刻invest in green and renewable energy sources。,6.0374,kept,train,"6.04s in [5.0, 30.0]"
887,./audio/887.wav,./audio/ref_voice/alienkevin.wav,香港嘅Freedom of press係重要嘅一環，我哋要保護佢。,4.1814,too_short,n/a,4.18s < 5.0
888,./audio/888.wav,./audio/ref_voice/alienkevin.wav,交通擠塞問題讓好多人困擾，Government action係必需的。,4.7574,too_short,n/a,4.76s < 5.0
889,./audio/889.wav,./audio/ref_voice/alienkevin.wav,香港人嘅Mental health同埋Well-being都同社會壓力有關，社區需要提供俾更多support。,5.76,kept,train,"5.76s in [5.0, 30.0]"
890,./audio/890.wav,./audio/ref_voice/alienkevin.wav,香港正面對住ocean plastic pollution嘅挑戰，我哋都需要做好個part，才能夠save the ocean。,6.9974,kept,train,"7.00s in [5.0, 30.0]"
891,./audio/891.wav,./audio/ref_voice/alienkevin.wav,Zara嗰度有好多seasonal的新款，而本地delivery又好迅速，真係好理想！,5.4187,kept,train,"5.42s in [5.0, 30.0]"
892,./audio/892.wav,./audio/ref_voice/alienkevin.wav,香港的outlet shopping真係唔錯，可以買到好多discount的名牌，真係勁貨！,4.7787,too_short,n/a,4.78s < 5.0
893,./audio/893.wav,./audio/ref_voice/alienkevin.wav,Apple store嘅product一向都好durable，呢個investment真係值得！,4.3307,too_short,n/a,4.33s < 5.0
894,./audio/894.wav,./audio/ref_voice/alienkevin.wav,喺local market我會買好多fresh野食，同時又支持本地嘅農民，真係好satisfying！,5.056,kept,train,"5.06s in [5.0, 30.0]"
895,./audio/895.wav,./audio/ref_voice/alienkevin.wav,喺supermarket，我會儲points用嚟換儲物卷，quite a good deal!,4.8,too_short,n/a,4.80s < 5.0
896,./audio/896.wav,./audio/ref_voice/alienkevin.wav,Online shopping都好方便，可以坐係屋企就可以browse好多款式，方便得黎又惬意!,5.2267,kept,train,"5.23s in [5.0, 30.0]"
897,./audio/897.wav,./audio/ref_voice/alienkevin.wav,H&M有售好多casual style的衫褲，同時價錢又平，真係one of the best places to shop!,5.632,kept,eval,"5.63s in [5.0, 30.0]"
898,./audio/898.wav,./audio/ref_voice/alienkevin.wav,我好鍾意去IKEA睇家裝，佢哋嘅design好modern且functional，同時價錢又可以接受，總算一試難忘!,7.7227,kept,train,"7.72s in [5.0, 30.0]"
899,./audio/899.wav,./audio/ref_voice/alienkevin.wav,喺shopping mall度買衫褲好方便，因為有舖位提供試衫.,4.6294,too_short,n/a,4.63s < 5.0
900,./audio/900.wav,./audio/ref_voice/alienkevin.wav,我大部分時間都會用mobile apps去睇新品，喺通勤時間買野真係好享受.,5.6747,kept,train,"5.67s in [5.0, 30.0]"
901,./audio/901.wav,./audio/ref_voice/alienkevin.wav,學習嘅過程中我哋可以discover我哋嘅strength同weakness，令我哋可以全面improve自己。,6.5494,kept,train,"6.55s in [5.0, 30.0]"
902,./audio/902.wav,./audio/ref_voice/alienkevin.wav,揀擇自己喜歡嘅，發揮自己嘅passion，係學習嘅重要部份。,4.3307,too_short,n/a,4.33s < 5.0
903,./audio/903.wav,./audio/ref_voice/alienkevin.wav,學習唔係alone，透過team work我哋可以學到好多嘅communication skills。,4.5654,too_short,n/a,4.57s < 5.0
904,./audio/904.wav,./audio/ref_voice/alienkevin.wav,學習嘅journey唔係straight forward，會有ups同降，但其中嘅hardship會make我哋stronger。,5.8667,kept,train,"5.87s in [5.0, 30.0]"
905,./audio/905.wav,./audio/ref_voice/alienkevin.wav,透過學習，我哋可以empower自己去迎接新嘅challenges。,3.52,too_short,n/a,3.52s < 5.0
906,./audio/906.wav,./audio/ref_voice/alienkevin.wav,Try new things係學習嘅一種方式，我哋要學懂去accept新嘅experience同opportunity。,5.655,kept,train,"5.65s in [5.0, 30.0]"
907,./audio/907.wav,./audio/ref_voice/alienkevin.wav,學習可以open新嘅doors，令我哋掌握更多嘅opportunity。,3.8614,too_short,n/a,3.86s < 5.0
908,./audio/908.wav,./audio/ref_voice/alienkevin.wav,學習唔一定需要在classroom，每日生活中，都係學習嘅good chance。,3.9467,too_short,n/a,3.95s < 5.0
909,./audio/909.wav,./audio/ref_voice/alienkevin.wav,通過學習，we can change嘅唔止係我哋自己，而且可以影響我哋嘅community。,4.672,too_short,n/a,4.67s < 5.0
910,./audio/910.wav,./audio/ref_voice/alienkevin.wav,學會appreciate錯誤，因為from failure我哋可以學到最多嘅東西。,4.16,too_short,n/a,4.16s < 5.0
911,./audio/911.wav,./audio/ref_voice/alienkevin.wav,"升返廣告嘅budget, 我地可以提升嘅visibility同brand awareness.",4.5654,too_short,n/a,4.57s < 5.0
912,./audio/912.wav,./audio/ref_voice/alienkevin.wav,照顧好自己嘅physical and mental health，先可以有好嘅work performance。,4.6294,too_short,n/a,4.63s < 5.0
913,./audio/913.wav,./audio/ref_voice/alienkevin.wav,"啱啱check完咗email, 我需要立即address嗰個urgent嘅issue。",4.4587,too_short,n/a,4.46s < 5.0
914,./audio/914.wav,./audio/ref_voice/alienkevin.wav,"我會focus喺完成我嘅project, 工作仔我要balance嗰啲細節。",4.8214,too_short,n/a,4.82s < 5.0
915,./audio/915.wav,./audio/ref_voice/alienkevin.wav,如果你能adapt到新嘅工作環境，你就會更quickly進步。,4.3734,too_short,n/a,4.37s < 5.0
916,./audio/916.wav,./audio/ref_voice/alienkevin.wav,用digital tools去提高我哋嘅work efficiency真係好必要。,4.0534,too_short,n/a,4.05s < 5.0
917,./audio/917.wav,./audio/ref_voice/alienkevin.wav,每個人都有自己獨特嘅skills set，我地應該learn互相嘅長處。,5.6747,kept,eval,"5.67s in [5.0, 30.0]"
918,./audio/918.wav,./audio/ref_voice/alienkevin.wav,如何manage好自己嘅time，係我地每個員工都要學識嘅。,4.6934,too_short,n/a,4.69s < 5.0
919,./audio/919.wav,./audio/ref_voice/alienkevin.wav,我相信我嘅hard work和dedication會得到recognition。,4.0107,too_short,n/a,4.01s < 5.0
920,./audio/920.wav,./audio/ref_voice/alienkevin.wav,"提升你做presentation嘅skills, 確保你嘅ideas清晰傳達到人哋嘅心裡。",6.016,kept,train,"6.02s in [5.0, 30.0]"
921,./audio/921.wav,./audio/ref_voice/alienkevin.wav,要維持positive attitude就算面對工作壓力都要stay calm。,4.7787,too_short,n/a,4.78s < 5.0
922,./audio/922.wav,./audio/ref_voice/alienkevin.wav,今日嘅weather真系好冷，唔好意思，我需要去wrap up一下先。,4.5227,too_short,n/a,4.52s < 5.0
923,./audio/923.wav,./audio/ref_voice/alienkevin.wav,咪系早上出门时还系sunny，點解而家已经變咗heavy rain?,4.3307,too_short,n/a,4.33s < 5.0
924,./audio/924.wav,./audio/ref_voice/alienkevin.wav,都冇expect过今日actually可以咁hot，香港嘅summer真系无人能比。,4.864,too_short,n/a,4.86s < 5.0
925,./audio/925.wav,./audio/ref_voice/alienkevin.wav,D唔好玩嘅wind，今日吹得我呀都几shaky。,4.2454,too_short,n/a,4.25s < 5.0
926,./audio/926.wav,./audio/ref_voice/alienkevin.wav,原來今日系个rainy day，我淨系带咗一把small umbrella，足唔够用啊！,5.5894,kept,train,"5.59s in [5.0, 30.0]"
927,./audio/927.wav,./audio/ref_voice/alienkevin.wav,哈哈，今日根本就系个perfect day去beach，真係太sunny啦。,4.8427,too_short,n/a,4.84s < 5.0
928,./audio/928.wav,./audio/ref_voice/alienkevin.wav,晒clubbing完出来，感觉就系冬天咁cold了，几shock噉。,4.672,too_short,n/a,4.67s < 5.0
929,./audio/929.wav,./audio/ref_voice/alienkevin.wav,唔系咩，喺室内都能feel到嗰股sunbeam，嘅温暖。,3.904,too_short,n/a,3.90s < 5.0
930,./audio/930.wav,./audio/ref_voice/alienkevin.wav,唔知今年果个winter会唔会好似上年咁cold，我都有点worry啊。,5.76,kept,train,"5.76s in [5.0, 30.0]"
931,./audio/931.wav,./audio/ref_voice/alienkevin.wav,今日lunch有冇試過食dim sum? 佢地嘅har gow同siew mai真係非常tasty!,6.2507,kept,train,"6.25s in [5.0, 30.0]"
932,./audio/932.wav,./audio/ref_voice/alienkevin.wav,"晚餐去咗一間西餐廳，嗰度嘅steak煎得just right，好juicy，完全match我嘅口味！"" ",5.248,kept,train,"5.25s in [5.0, 30.0]"
933,./audio/933.wav,./audio/ref_voice/alienkevin.wav,我試過烹調homemade pizza，有用buffalo mozzarella同fresh basil，one bite down去繼續完全in love呀！,8.1707,kept,train,"8.17s in [5.0, 30.0]"
934,./audio/934.wav,./audio/ref_voice/alienkevin.wav,鐘意食香噴噴嘅BBQ ribs嗎？我自家烤嘅完全addicted，用咗一種特別嘅smoky sauce，真係無得輸！,7.2534,kept,train,"7.25s in [5.0, 30.0]"
935,./audio/935.wav,./audio/ref_voice/alienkevin.wav,要唔要試下我嘅signature dish - pasta in white sauce？我用左大量嘅parmesan cheese同garlic，吃落去fee…,8.2987,kept,train,"8.30s in [5.0, 30.0]"
936,./audio/936.wav,./audio/ref_voice/alienkevin.wav,自家烘焙嘅cupcakes，用上新鮮嘅berries同cream cheese frosting，食咗一定會滿足到你嘅sweet tooth！,6.4427,kept,train,"6.44s in [5.0, 30.0]"
937,./audio/937.wav,./audio/ref_voice/alienkevin.wav,"即刻薄餅（pizza）加咗好多mozzarella cheese同fresh tomatoes，咬落去簡直像係嚟自Italy一樣！"" ",7.7227,kept,train,"7.72s in [5.0, 30.0]"
938,./audio/938.wav,./audio/ref_voice/alienkevin.wav,最近迷上飲green tea latte，一sec係清新嘅green tea味，下一sec又係milky creamy textures，真係好enjoy!,7.7654,kept,eval,"7.77s in [5.0, 30.0]"
939,./audio/939.wav,./audio/ref_voice/alienkevin.wav,晚餐去咗一間sushi bar，嗰度嘅fresh sashimi同handroll真係超級delicious，無得挑！,6.1654,kept,train,"6.17s in [5.0, 30.0]"
940,./audio/940.wav,./audio/ref_voice/alienkevin.wav,我煮嘅curry chicken煲仔飯，用咗coconut milk同大量嘅spices，super aromatic，一試就會fall in love!,7.04,kept,train,"7.04s in [5.0, 30.0]"
941,./audio/941.wav,./audio/ref_voice/alienkevin.wav,你聽過冇potato gratin？烤到嘅cheese係golden brown咁樣，一bite落去你會覺得wow！,5.5894,kept,train,"5.59s in [5.0, 30.0]"
942,./audio/942.wav,./audio/ref_voice/alienkevin.wav,"喺Australia嘅Sydney, 度有一個well-known嘅Sydney Opera House, well worth visiting!",5.2694,kept,train,"5.27s in [5.0, 30.0]"
943,./audio/943.wav,./audio/ref_voice/alienkevin.wav,"喺Japan嘅Kyoto，參觀咗一個寧靜嘅Bamboo Forest, 真正感受Japanese culture嘅魅力！",6.699,kept,train,"6.70s in [5.0, 30.0]"
944,./audio/944.wav,./audio/ref_voice/alienkevin.wav,"喺UK嘅London, 諗起嗰座Big Ben，我都feel真係very iconic!",4.1814,too_short,n/a,4.18s < 5.0
945,./audio/945.wav,./audio/ref_voice/alienkevin.wav,喺Italy噶Rome， 可以欣賞到歷史悠久嘅Colosseum之美，真係breathtaking!,6.144,kept,train,"6.14s in [5.0, 30.0]"
946,./audio/946.wav,./audio/ref_voice/alienkevin.wav,"喺USA嘅New York, 喺邊度可以見到Statue of Liberty同Times Square, 都好exciting!",6.656,kept,train,"6.66s in [5.0, 30.0]"
947,./audio/947.wav,./audio/ref_voice/alienkevin.wav,"喺China嘅Beijing，參觀咗一下brilliant嘅Forbidden City, 真係令人impressive!",5.2907,kept,train,"5.29s in [5.0, 30.0]"
948,./audio/948.wav,./audio/ref_voice/alienkevin.wav,喺India嘅Agra，瞓到嗰琴間Taj Mahal，呢個marvelous嘅monument真係leave咗深刻嘅impression!,9.792,kept,train,"9.79s in [5.0, 30.0]"
949,./audio/949.wav,./audio/ref_voice/alienkevin.wav,"喺Greece嘅Santorini，欣賞咗迷人嘅sunset view, 真係unforgettable!",5.312,kept,train,"5.31s in [5.0, 30.0]"
950,./audio/950.wav,./audio/ref_voice/alienkevin.wav,"喺Netherlands嘅Amsterdam，沿著canal ride嗰個bike, 細細感受佢嘅charm!",6.807,kept,train,"6.81s in [5.0, 30.0]"
951,./audio/951.wav,./audio/ref_voice/alienkevin.wav,"喺Belgium嘅Brussels，嚐一口嗰款famous嘅Belgian Waffles, 已經feel到自己到達咗Food Paradise！",8.512,kept,train,"8.51s in [5.0, 30.0]"
952,./audio/952.wav,./audio/ref_voice/alienkevin.wav,睇‘Avengers’嘅時候，我都會感到hype up。,3.1147,too_short,n/a,3.11s < 5.0
953,./audio/953.wav,./audio/ref_voice/alienkevin.wav,我真係鍾意張學友嘅音樂，佢嘅歌聲就係the soul of Hong Kong.,4.032,too_short,n/a,4.03s < 5.0
954,./audio/954.wav,./audio/ref_voice/alienkevin.wav,我最鍾意喺weekends去Lan Kwai Fong chill out，感覺好relaxing.,6.016,kept,train,"6.02s in [5.0, 30.0]"
955,./audio/955.wav,./audio/ref_voice/alienkevin.wav,"一講起‘Lord of the Rings’，就真係能夠talk nonstop, 因為唔知點解我就係超喜歡嘅！"" ",6.528,kept,train,"6.53s in [5.0, 30.0]"
956,./audio/956.wav,./audio/ref_voice/alienkevin.wav,我平時閒時喺屋企都會玩下chess，因為我覺得可以train up my strategic thinking.,5.7387,kept,train,"5.74s in [5.0, 30.0]"
957,./audio/957.wav,./audio/ref_voice/alienkevin.wav,我每次去Disneyland都會感到so exhilarated，就好似番到童年時代咁。,7.296,kept,train,"7.30s in [5.0, 30.0]"
958,./audio/958.wav,./audio/ref_voice/alienkevin.wav,我鍾意睇Netflix，因為嗰度嘅movies and series都好吸引，可以讓人escape from reality一陣子。,5.824,kept,train,"5.82s in [5.0, 30.0]"
959,./audio/959.wav,./audio/ref_voice/alienkevin.wav,我啲朋友成日都問我點解鐘意玩‘Call of Duty’，我就話好簡單，因為嗰度嘅gameplay就係令我feel so thrilled.,6.0587,kept,train,"6.06s in [5.0, 30.0]"
960,./audio/960.wav,./audio/ref_voice/alienkevin.wav,我諗大家都會鍾意去迪士尼樂園，因為嗰度就係the happiest place on earth呀!,4.864,too_short,n/a,4.86s < 5.0
961,./audio/961.wav,./audio/ref_voice/alienkevin.wav,我學跳舞嘅時候，我真係feel so alive，特別係當我聽到我鍾意嘅music嘅時候。,5.76,kept,train,"5.76s in [5.0, 30.0]"
962,./audio/962.wav,./audio/ref_voice/alienkevin.wav,Football即係一種teamwork嘅symbol，佢教我哋點樣cooperate同埋同時間培養出我哋嘅leadership skills。,6.3787,kept,train,"6.38s in [5.0, 30.0]"
963,./audio/963.wav,./audio/ref_voice/alienkevin.wav,Fitness training唔係單單係為咗減肥或者keep fit，更重要嘅係為咗maintain身體嘅health condition。,7.851,kept,train,"7.85s in [5.0, 30.0]"
964,./audio/964.wav,./audio/ref_voice/alienkevin.wav,跳舞唔只係單純嘅physical activity，佢更能夠boost我哋嘅confidence，俾我哋機會express自己。,6.144,kept,train,"6.14s in [5.0, 30.0]"
965,./audio/965.wav,./audio/ref_voice/alienkevin.wav,跑步可以幫助我哋release stress，而每次嘅progress都係我哋嘅motivation。,4.7147,too_short,n/a,4.71s < 5.0
966,./audio/966.wav,./audio/ref_voice/alienkevin.wav,Table tennis不單只係一個game，我哋更可以透過比賽來提升我哋嘅concentration同埋reaction speed。,6.7627,kept,train,"6.76s in [5.0, 30.0]"
967,./audio/967.wav,./audio/ref_voice/alienkevin.wav,Hiking唔只係一種exercise，而係一種way to connect with nature，幫助我哋appreciate life 更多。,7.6587,kept,train,"7.66s in [5.0, 30.0]"
968,./audio/968.wav,./audio/ref_voice/alienkevin.wav,Playing basketball唔只係對我哋嘅physical health有好處，佢仲可以help 培養我哋team spirit同埋integrity。,7.7654,kept,train,"7.77s in [5.0, 30.0]"
969,./audio/969.wav,./audio/ref_voice/alienkevin.wav,Swimming唔單單係一種sport，佢更可以符合我哋body and mind嘅需求，keep住我哋嘅balance。,6.4214,kept,train,"6.42s in [5.0, 30.0]"
970,./audio/970.wav,./audio/ref_voice/alienkevin.wav,做Yoga唔單只能夠俾我哋健康的body，但佢能夠帶俾我哋peaceful嘅mind同埋positive嘅energy。,7.488,kept,train,"7.49s in [5.0, 30.0]"
971,./audio/971.wav,./audio/ref_voice/alienkevin.wav,Golf唔單只係一種leisure activity，佢仲可以增加我哋嘅precision同patience。,8.5974,kept,train,"8.60s in [5.0, 30.0]"
972,./audio/972.wav,./audio/ref_voice/alienkevin.wav,香港嘅Housing issue繼續困擾緊我哋，需要快d提供Affordable housing比市民。,5.3974,kept,train,"5.40s in [5.0, 30.0]"
973,./audio/973.wav,./audio/ref_voice/alienkevin.wav,近年嚟，Air pollution係香港變得越來越嚴重，我哋要加強保護個Environment。,4.928,too_short,n/a,4.93s < 5.0
974,./audio/974.wav,./audio/ref_voice/alienkevin.wav,Corruption在香港係一個貼身嘅問題，我哋應該要做乜咁promote Transparency。,5.7174,kept,train,"5.72s in [5.0, 30.0]"
975,./audio/975.wav,./audio/ref_voice/alienkevin.wav,香港依然面對緊severe economic downturn，須要大力復甦個Local economy。,5.7387,kept,train,"5.74s in [5.0, 30.0]"
976,./audio/976.wav,./audio/ref_voice/alienkevin.wav,綠色生活更為接近着健康，我哋都要嘗試追求一個sustainable lifestyle。,5.8667,kept,eval,"5.87s in [5.0, 30.0]"
977,./audio/977.wav,./audio/ref_voice/alienkevin.wav,數碼化帶嚟咗不少嘅opportunities但同时都係嚴峻的挑戰，香港需要加強係Digital literacy 嘅教育。,6.9974,kept,train,"7.00s in [5.0, 30.0]"
978,./audio/978.wav,./audio/ref_voice/alienkevin.wav,香港的Youth unemployment率唔斷上升，政府需要提供更多Job opportunities。,6.144,kept,train,"6.14s in [5.0, 30.0]"
979,./audio/979.wav,./audio/ref_voice/alienkevin.wav,Healthcare system喺香港面對緊重大壓力，努力改善public health條件係迫在眉睫。,7.0187,kept,train,"7.02s in [5.0, 30.0]"
980,./audio/980.wav,./audio/ref_voice/alienkevin.wav,香港Climate change嘅問題已經非常嚴重喇，我哋需要take action now。,4.1174,too_short,n/a,4.12s < 5.0
981,./audio/981.wav,./audio/ref_voice/alienkevin.wav,教育問題令香港社會壓力大增，爭議仍在Educational reform嘅方向圍繞。,5.0987,kept,train,"5.10s in [5.0, 30.0]"
982,./audio/982.wav,./audio/ref_voice/alienkevin.wav,Political stability喺香港令人擔憂，我哋需要透明同公平嘅政治制度。,6.1867,kept,train,"6.19s in [5.0, 30.0]"
983,./audio/983.wav,./audio/ref_voice/alienkevin.wav,我去Times Square嘅boutique揾到好多designer brand，真係勁爽！,4.864,too_short,n/a,4.86s < 5.0
984,./audio/984.wav,./audio/ref_voice/alienkevin.wav,Zara嘅clothes我好喜欢，質量不錯又 affordable！,4.0107,too_short,n/a,4.01s < 5.0
985,./audio/985.wav,./audio/ref_voice/alienkevin.wav,我尋日喺Adidas買到pair of sneakers，sales price真係好吸引呀！,4.48,too_short,n/a,4.48s < 5.0
986,./audio/986.wav,./audio/ref_voice/alienkevin.wav,你知道咩，我上星期喺Amazon買咗新嘅iPhone，package已經寄到，太快啦！,4.8427,too_short,n/a,4.84s < 5.0
987,./audio/987.wav,./audio/ref_voice/alienkevin.wav,我喺langham place見到有brand new collection，馬上走去check it out!,4.5654,too_short,n/a,4.57s < 5.0
988,./audio/988.wav,./audio/ref_voice/alienkevin.wav,Me and my friends 喺Festival Walk有個shopping spree，真係好exciting！,4.608,too_short,n/a,4.61s < 5.0
989,./audio/989.wav,./audio/ref_voice/alienkevin.wav,Cosmetics 質量一流，我通常都喺Sephora度買最好呀！,4.16,too_short,n/a,4.16s < 5.0
990,./audio/990.wav,./audio/ref_voice/alienkevin.wav,Forever 21嘅accessories真係太cute啦，買咗好多！,3.904,too_short,n/a,3.90s < 5.0
991,./audio/991.wav,./audio/ref_voice/alienkevin.wav,我下個星期有個party，今日要去H&M揾適合嘅dress！,4.2454,too_short,n/a,4.25s < 5.0
992,./audio/992.wav,./audio/ref_voice/alienkevin.wav,上個月喺Harbour City見到好多sale嘅sign，我買咗好多平嘅designer pieces！,4.8427,too_short,n/a,4.84s < 5.0
993,./audio/993.wav,./audio/ref_voice/alienkevin.wav,SASA嘅skincare products我好鍾意，我每次去都會stock up一堆！,5.504,kept,train,"5.50s in [5.0, 30.0]"
994,./audio/994.wav,./audio/ref_voice/alienkevin.wav,勤力嘅 study 會俾我哋帶來成果，但唔好ignore身體嘅genuine needs。,4.7787,too_short,n/a,4.78s < 5.0
995,./audio/995.wav,./audio/ref_voice/alienkevin.wav,閱讀比我哋一個大大嘅opportunity去explore新嘅ideas同價值觀。,4.992,too_short,n/a,4.99s < 5.0
996,./audio/996.wav,./audio/ref_voice/alienkevin.wav,Constant學習係一條路，但一定要balance好工作和生活。,5.6107,kept,train,"5.61s in [5.0, 30.0]"
997,./audio/997.wav,./audio/ref_voice/alienkevin.wav,學習嘅目的唔係比人拿marks，而係enhance我哋嘅knowledge同understanding。,4.9494,too_short,n/a,4.95s < 5.0
998,./audio/998.wav,./audio/ref_voice/alienkevin.wav,同學唔只係學校，透過life experiences，我哋可以學到好多唔同嘅lessons。,5.2694,kept,train,"5.27s in [5.0, 30.0]"
999,./audio/999.wav,./audio/ref_voice/alienkevin.wav,"學習唔會有end point, 一直keep learning 會比我哋多元嘅perspectives。",4.395,too_short,n/a,4.39s < 5.0
1000,./audio/1000.wav,./audio/ref_voice/alienkevin.wav,Solving problem係一部分嘅學習過程，我哋一定要學習點樣face投遇帶來嘅challenges。,7.104,kept,train,"7.10s in [5.0, 30.0]"
1001,./audio/1001.wav,./audio/ref_voice/alienkevin.wav,每個人學習嘅 pace 都會有所不同，important 嘅係我哋唔能compare 自己同人，必須appreciate我哋自己嘅progress。,7.8294,kept,train,"7.83s in [5.0, 30.0]"
1002,./audio/1002.wav,./audio/ref_voice/alienkevin.wav,學習並唔係一條平易近人嘅路，但嗰 hard time 將會係我哋 make it through 一切嘅 motivation。,5.44,kept,train,"5.44s in [5.0, 30.0]"
1003,./audio/1003.wav,./audio/ref_voice/alienkevin.wav,唔該appreciate錯誤同失敗，因為就係佢哋為我哋帶來growth同personal development。,5.3334,kept,eval,"5.33s in [5.0, 30.0]"
1004,./audio/1004.wav,./audio/ref_voice/alienkevin.wav,你要work smart唔係work hard，你會feel less stress同埋更有效率。,4.3307,too_short,n/a,4.33s < 5.0
1005,./audio/1005.wav,./audio/ref_voice/alienkevin.wav,每日學習new things，不停improve嘅態度係係现代社會歷久常新嘅秘诀。,7.5307,kept,train,"7.53s in [5.0, 30.0]"
1006,./audio/1006.wav,./audio/ref_voice/alienkevin.wav,勤力向上，一步一步嘅build up你嘅career ladder.,3.968,too_short,n/a,3.97s < 5.0
1007,./audio/1007.wav,./audio/ref_voice/alienkevin.wav,Success唔係overnight嘅事情，需要耐心同commitment去做到。,5.12,kept,train,"5.12s in [5.0, 30.0]"
1008,./audio/1008.wav,./audio/ref_voice/alienkevin.wav,用實際嘅actions去demonstrate你嘅職業態度，而唔係just words。,4.6507,too_short,n/a,4.65s < 5.0
1009,./audio/1009.wav,./audio/ref_voice/alienkevin.wav,Keep up with嘅現代趨勢，如AI同machine learning，來提升你嘅competitive edge。,6.4,kept,eval,"6.40s in [5.0, 30.0]"
1010,./audio/1010.wav,./audio/ref_voice/alienkevin.wav,你要work independently但同時都要value team collaboration，呢樣先係平衡。,5.76,kept,train,"5.76s in [5.0, 30.0]"
1011,./audio/1011.wav,./audio/ref_voice/alienkevin.wav,欣賞自己嘅hard work，因為你漸漸向你嘅goal進發。,3.5627,too_short,n/a,3.56s < 5.0
1012,./audio/1012.wav,./audio/ref_voice/alienkevin.wav,Make sure你嘅職業發展道路和你嘅passion同步，咁就唔會feel like工作。,5.0987,kept,train,"5.10s in [5.0, 30.0]"
1013,./audio/1013.wav,./audio/ref_voice/alienkevin.wav,Be resilient，遇到挑戰就face it並從中學習而唔係逃避。,5.3547,kept,train,"5.35s in [5.0, 30.0]"
1014,./audio/1014.wav,./audio/ref_voice/alienkevin.wav,潮湿的humidity好似霉味噶，呼吸都feel唔舒服。,4.7574,too_short,n/a,4.76s < 5.0
1015,./audio/1015.wav,./audio/ref_voice/alienkevin.wav,今朝嘅sunrise真喺好beautiful，令我一日都好mood。,3.776,too_short,n/a,3.78s < 5.0
1016,./audio/1016.wav,./audio/ref_voice/alienkevin.wav,今天嘅rain真系太heavy啦，我都唔敢出门咯。,3.5627,too_short,n/a,3.56s < 5.0
1017,./audio/1017.wav,./audio/ref_voice/alienkevin.wav,Sunny day真系super nice，好想去海滩bbq。,3.6267,too_short,n/a,3.63s < 5.0
1018,./audio/1018.wav,./audio/ref_voice/alienkevin.wav,今晚果个moon真係好bright，稍微点都唔feel寂寞。,4.9494,too_short,n/a,4.95s < 5.0
1019,./audio/1019.wav,./audio/ref_voice/alienkevin.wav,近排天气变化好unpredictable，每日都要check weather forecast。,3.9894,too_short,n/a,3.99s < 5.0
1020,./audio/1020.wav,./audio/ref_voice/alienkevin.wav,裡日嘅freeze真係咁冷，连飲熱茶都feel冇用。,5.3334,kept,train,"5.33s in [5.0, 30.0]"
1021,./audio/1021.wav,./audio/ref_voice/alienkevin.wav,Spring落嚟，上街都可以feel到花香，真系好sweet。,4.0107,too_short,n/a,4.01s < 5.0
1022,./audio/1022.wav,./audio/ref_voice/alienkevin.wav,今年summer好热，仔细皮肤都会被sunburn。,3.3707,too_short,n/a,3.37s < 5.0
1023,./audio/1023.wav,./audio/ref_voice/alienkevin.wav,一年四季度，我最钟意果就系autumn，心情都好relax。,5.184,kept,eval,"5.18s in [5.0, 30.0]"
1024,./audio/1024.wav,./audio/ref_voice/alienkevin.wav,冬天嘅雪虽然係cold，不过都好呢个season。,3.9467,too_short,n/a,3.95s < 5.0
1025,./audio/1025.wav,./audio/ref_voice/alienkevin.wav,我媽媽煮嘅豉油雞well marinated，食落去zesty同juicy，無可以比嘅！,6.807,kept,train,"6.81s in [5.0, 30.0]"
1026,./audio/1026.wav,./audio/ref_voice/alienkevin.wav,I朝早仍然craving呢個matcha latte，mix咗豐富嘅日本抹茶同creamy嘅牛奶，真係好good morning kick!,8.576,kept,train,"8.58s in [5.0, 30.0]"
1027,./audio/1027.wav,./audio/ref_voice/alienkevin.wav,想吃美味嘅thai food？我推薦你呢個tom yum soup，濃郁嘅椰奶味道同辣味，真係perfect balance!,7.04,kept,eval,"7.04s in [5.0, 30.0]"
1028,./audio/1028.wav,./audio/ref_voice/alienkevin.wav,炎炎夏日，冰凍嘅mango sago就系我嘅favorite dessert，清爽嘅芒果味同滑溜嘅西米，仲有啲咩食物可以咁refreshing喔?,11.0507,kept,train,"11.05s in [5.0, 30.0]"
1029,./audio/1029.wav,./audio/ref_voice/alienkevin.wav,午餐時間，我鍾意一個人食嘅就系這個avocado salad，加咗好多fresh veggies，完全health conscious食物嚟喎！,9.856,kept,train,"9.86s in [5.0, 30.0]"
1030,./audio/1030.wav,./audio/ref_voice/alienkevin.wav,你又鐘意唔鐘意法國cuisine？我好愛佢哋嘅croissant，crispy嘅外皮同配咁rich嘅butter，真係滋味無窮！,8.6187,kept,train,"8.62s in [5.0, 30.0]"
1031,./audio/1031.wav,./audio/ref_voice/alienkevin.wav,隨時都有胃口食串燒，呢個Japanese yakitori用嘅系特選雞肉，配上sweet soy sauce，完全無得挑！,9.4507,kept,train,"9.45s in [5.0, 30.0]"
1032,./audio/1032.wav,./audio/ref_voice/alienkevin.wav,"成日都鍾意烘焗嘅我，最近學到一款新嘅recipe，呢個chocolate chip cookies, 用上濃郁嘅dark chocolate，每次bake都令人…",14.871,kept,eval,"14.87s in [5.0, 30.0]"
1033,./audio/1033.wav,./audio/ref_voice/alienkevin.wav,冬天必備嘅一碗熱湯！我煮嘅雞煲湯，用喇靚雞一隻，加咗goji berries同紅棗，保證你食完全身都暖哂！,11.1787,kept,train,"11.18s in [5.0, 30.0]"
1034,./audio/1034.wav,./audio/ref_voice/alienkevin.wav,真係好懷念媽咪煮嘅卤水鸭，rich嘅醬香同滑嫩嘅鴨肉，直到嘴入面仲感覺到霸道嘅香氣！”,8.2774,kept,train,"8.28s in [5.0, 30.0]"
1035,./audio/1035.wav,./audio/ref_voice/alienkevin.wav,係日本嗰Tokyo tower頂端，你可以見到震撼嘅panorama view，真係unforgettable！,6.08,kept,train,"6.08s in [5.0, 30.0]"
1036,./audio/1036.wav,./audio/ref_voice/alienkevin.wav,喺China嘅Great Wall，揾到咗古時嘅fortitude同毅力，真係impressive！,6.5707,kept,train,"6.57s in [5.0, 30.0]"
1037,./audio/1037.wav,./audio/ref_voice/alienkevin.wav,喺Thailand嗰Bangkok，走過繁華嘅night market，嚟個cultural immersion，真係eye-opening！,5.4187,kept,train,"5.42s in [5.0, 30.0]"
1038,./audio/1038.wav,./audio/ref_voice/alienkevin.wav,喺USA嘅New York，喺Times Square感受嗰bustling vibe，真係energetic!,4.864,too_short,n/a,4.86s < 5.0
1039,./audio/1039.wav,./audio/ref_voice/alienkevin.wav,係Australia嘅Sydney，喺Harbour Bridge欣賞嗰燦爛嘅night scene，真係sparkling！,4.9067,too_short,n/a,4.91s < 5.0
1040,./audio/1040.wav,./audio/ref_voice/alienkevin.wav,喺Korea嘅Seoul，踏過秋天嘅Maple leaves，係一份romantic嘅experience！,4.8427,too_short,n/a,4.84s < 5.0
1041,./audio/1041.wav,./audio/ref_voice/alienkevin.wav,喺Germany嘅Berlin，參觀gear嘅Berlin Wall，感受到歷史嘅impact，真係thought-provoking！,5.76,kept,train,"5.76s in [5.0, 30.0]"
1042,./audio/1042.wav,./audio/ref_voice/alienkevin.wav,喺France嘅Paris，觀賞到Eiffel Tower嘅structure，令人感覺到嗰絢爛嘅engineering，真係fascinating！,6.4214,kept,train,"6.42s in [5.0, 30.0]"
1043,./audio/1043.wav,./audio/ref_voice/alienkevin.wav,"係Egypt嘅Cairo，喺pyramids感受到威力嘅ancient civilization，真係震撼到一個不行！"" ",6.6134,kept,train,"6.61s in [5.0, 30.0]"
1044,./audio/1044.wav,./audio/ref_voice/alienkevin.wav,喺Greece嘅Athens，參觀Acropolis，感受到古希臘嘅magnificence同wisdom，真係吓到好！,7.9147,kept,train,"7.91s in [5.0, 30.0]"
1045,./audio/1045.wav,./audio/ref_voice/alienkevin.wav,我最愛喺weekends追劇，especially喺Netflix或者Disney+，有好多吸引嘅movies同TV shows。,6.8907,kept,train,"6.89s in [5.0, 30.0]"
1046,./audio/1046.wav,./audio/ref_voice/alienkevin.wav,星期五晚我通常會去迎客埔Langham Place睇下latest嘅blockbuster，或者去dropping by我個favourite bookstor…,8.6827,kept,train,"8.68s in [5.0, 30.0]"
1047,./audio/1047.wav,./audio/ref_voice/alienkevin.wav,我好鐘意玩下video games，如Overwatch同Minecraft，會同朋友們play together，好過癮！,5.5254,kept,train,"5.53s in [5.0, 30.0]"
1048,./audio/1048.wav,./audio/ref_voice/alienkevin.wav,"我覺得睇下concert或者live performances都好relaxing, 喺嗰個moment我會feel free而享受到live music嘅en…",7.4027,kept,train,"7.40s in [5.0, 30.0]"
1049,./audio/1049.wav,./audio/ref_voice/alienkevin.wav,我鍾意collect vinyl records，good music配上精良嘅album cover art真係令人excited。,7.1894,kept,train,"7.19s in [5.0, 30.0]"
1050,./audio/1050.wav,./audio/ref_voice/alienkevin.wav,有時我喺Friday night會去紅磡睇下football match，聽下歌飲啖啤酒，真係好enjoyable！,6.3147,kept,train,"6.31s in [5.0, 30.0]"
1051,./audio/1051.wav,./audio/ref_voice/alienkevin.wav,"我鍾意去Disneyland, 一入到嗰個place就會feel like a kid again，滿滿嘅fantasy同magical moments。",7.232,kept,train,"7.23s in [5.0, 30.0]"
1052,./audio/1052.wav,./audio/ref_voice/alienkevin.wav,我成日喺YouTube睇一啲funny videos或者music videos，用嚟kill time，真係好entertaining.,7.104,kept,train,"7.10s in [5.0, 30.0]"
1053,./audio/1053.wav,./audio/ref_voice/alienkevin.wav,踢足球唔止可以improve我哋嘅teamwork，都可以幫助我哋提升身體嘅endurance。,5.5894,kept,train,"5.59s in [5.0, 30.0]"
1054,./audio/1054.wav,./audio/ref_voice/alienkevin.wav,跑步唔單止係一種exercise，佢重能improve我哋嘅mental health，幫助我哋reduce stress。,6.3787,kept,train,"6.38s in [5.0, 30.0]"
1055,./audio/1055.wav,./audio/ref_voice/alienkevin.wav,游水唔只係一種great嘅cardio workout，佢更可以improve我哋嘅strength同flexibility。,6.8907,kept,eval,"6.89s in [5.0, 30.0]"
1056,./audio/1056.wav,./audio/ref_voice/alienkevin.wav,每日keep 住做Yoga可以幫助我哋維護身體同精神嘅balance。,4.3307,too_short,n/a,4.33s < 5.0
1057,./audio/1057.wav,./audio/ref_voice/alienkevin.wav,玩網球唔只係trained up我哋嘅hand-eye coordination，佢更係一個great嘅方式去release我哋嘅energy。,6.8907,kept,train,"6.89s in [5.0, 30.0]"
1058,./audio/1058.wav,./audio/ref_voice/alienkevin.wav,"健身房workout除咗可以幫助我哋build肌肉，佢重有益於我哋嘅bone health。"" ",6.0374,kept,eval,"6.04s in [5.0, 30.0]"
1059,./audio/1059.wav,./audio/ref_voice/alienkevin.wav,"籃球唔只係一個great嘅sport，佢重能enhance我哋嘅communication skills同decision-making skills。"" ",5.9094,kept,train,"5.91s in [5.0, 30.0]"
1060,./audio/1060.wav,./audio/ref_voice/alienkevin.wav,"定期做stretching唔止可prevent傷害，更可以increase我哋嘅flexibility同range of motion。"" ",6.2934,kept,train,"6.29s in [5.0, 30.0]"
1061,./audio/1061.wav,./audio/ref_voice/alienkevin.wav,"練習武術可以提升我哋嘅self-discipline，同時可以improve我哋嘅focus同memory。"" ",5.2694,kept,train,"5.27s in [5.0, 30.0]"
1062,./audio/1062.wav,./audio/ref_voice/alienkevin.wav,馬拉松唔只係challenge嘅一種physical endurance，佢更係對我哋嘅mental strength嘅一種挑戰。,5.632,kept,train,"5.63s in [5.0, 30.0]"
1063,./audio/1063.wav,./audio/ref_voice/alienkevin.wav,香港既Housing problem真係令人頭痛，政府需要制定更有效嘅Housing policy。,5.4187,kept,train,"5.42s in [5.0, 30.0]"
1064,./audio/1064.wav,./audio/ref_voice/alienkevin.wav,Hong Kong的Economic growth放緩，應該要implement新嘅economic strategies。,6.807,kept,train,"6.81s in [5.0, 30.0]"
1065,./audio/1065.wav,./audio/ref_voice/alienkevin.wav,香港Education system有好多不足，需要有所Reform and innovation 。,4.864,too_short,n/a,4.86s < 5.0
1066,./audio/1066.wav,./audio/ref_voice/alienkevin.wav,香 Kong national security law實施之後，社會風波未能平息，我哋需要Promote social stability。,8.128,kept,train,"8.13s in [5.0, 30.0]"
1067,./audio/1067.wav,./audio/ref_voice/alienkevin.wav,香港公共衛生系統面對COVID-19疫情壓力太大，需要加強Public health infrastructure。,6.0374,kept,eval,"6.04s in [5.0, 30.0]"
1068,./audio/1068.wav,./audio/ref_voice/alienkevin.wav,香港嘅Tourism industry受疫情打擊嚴重，需要更多Support policies。,4.3734,too_short,n/a,4.37s < 5.0
1069,./audio/1069.wav,./audio/ref_voice/alienkevin.wav,香港Democracy問題引起國際關注，我哋需要maintain our core values。,4.4374,too_short,n/a,4.44s < 5.0
1070,./audio/1070.wav,./audio/ref_voice/alienkevin.wav,香港嘅Air pollution問題實在太嚴重，我哋需要Implement strict environmental regulations。,5.8667,kept,train,"5.87s in [5.0, 30.0]"
1071,./audio/1071.wav,./audio/ref_voice/alienkevin.wav,香港Poverty問題困擾住好多低收入家庭，我哋需要提供更多Social support。,5.056,kept,train,"5.06s in [5.0, 30.0]"
1072,./audio/1072.wav,./audio/ref_voice/alienkevin.wav,香港Ageing population問題嚴重，政府應該要plan for the future。,4.6294,too_short,n/a,4.63s < 5.0
1073,./audio/1073.wav,./audio/ref_voice/alienkevin.wav,我喺Pacific Place嘅H&M買左兩件sweaters，真係好適合冬天嘅打扮！,5.7387,kept,train,"5.74s in [5.0, 30.0]"
1074,./audio/1074.wav,./audio/ref_voice/alienkevin.wav,Zara online store嘅discount良心d，買到好多piece of clothes只係少少錢！,5.2267,kept,eval,"5.23s in [5.0, 30.0]"
1075,./audio/1075.wav,./audio/ref_voice/alienkevin.wav,我喺Cityplaza嘅Uniqlo試左件denim jacket，fit我好好，決定即刻入手！,5.76,kept,train,"5.76s in [5.0, 30.0]"
1076,./audio/1076.wav,./audio/ref_voice/alienkevin.wav,Gucci嘅bag好iconic，但價錢又貴d，抵唔抵性價比呢？,5.0347,kept,train,"5.03s in [5.0, 30.0]"
1077,./audio/1077.wav,./audio/ref_voice/alienkevin.wav,我今日check左件Adidas嘅sneakers，質量好good又唔太貴，要唔要買呢？,6.1014,kept,train,"6.10s in [5.0, 30.0]"
1078,./audio/1078.wav,./audio/ref_voice/alienkevin.wav,Apple嘅newest model Ipad好吸引，但我已經有一部iPad，worth it嗎？,4.5867,too_short,n/a,4.59s < 5.0
1079,./audio/1079.wav,./audio/ref_voice/alienkevin.wav,Sephora嘅makeup kit真係好handy，長長可以用！,3.3067,too_short,n/a,3.31s < 5.0
1080,./audio/1080.wav,./audio/ref_voice/alienkevin.wav,我筆記本唔夠用喇，要去Log-On揾下新嘅notebooks!,3.4347,too_short,n/a,3.43s < 5.0
1081,./audio/1081.wav,./audio/ref_voice/alienkevin.wav,Hysan Place嘅MUJI賣緊好cute嘅home decor，我都想買返幾件去佈置下屋企！,5.655,kept,train,"5.65s in [5.0, 30.0]"
1082,./audio/1082.wav,./audio/ref_voice/alienkevin.wav,Harbour City嘅luxury brand嘅clothing好靚，不過價錢都好驚人！,4.3307,too_short,n/a,4.33s < 5.0
1083,./audio/1083.wav,./audio/ref_voice/alienkevin.wav,我家附近嘅supermarket有organic food，我想嘗試煮下看看，healthy又好味！,4.992,too_short,n/a,4.99s < 5.0
1084,./audio/1084.wav,./audio/ref_voice/alienkevin.wav,好多人以為學習只係要抄書本，但其實最重要嘅係develop我哋個critical thinking。,5.547,kept,train,"5.55s in [5.0, 30.0]"
1085,./audio/1085.wav,./audio/ref_voice/alienkevin.wav,學習中我哋會遇到好多挑戰同難題，但just remember佢哋都係我哋個personal growth嘅一部分。,6.6134,kept,train,"6.61s in [5.0, 30.0]"
1086,./audio/1086.wav,./audio/ref_voice/alienkevin.wav,天天學習係一種lifestyle，咁你可以keep up with新技術同科學嘅發展。,4.8214,too_short,n/a,4.82s < 5.0
1087,./audio/1087.wav,./audio/ref_voice/alienkevin.wav,學習並唔係要爭第一，重要嘅是學識appreciate知識帶嚟嘅樂趣。,4.6507,too_short,n/a,4.65s < 5.0
1088,./audio/1088.wav,./audio/ref_voice/alienkevin.wav,學識accept自己嘅錯誤同失敗，係學習嘅一部分，只有咁先可以grow stronger。,6.5494,kept,train,"6.55s in [5.0, 30.0]"
1089,./audio/1089.wav,./audio/ref_voice/alienkevin.wav,學習既關於學識新嘅技能，又關於understand自己同世界。,6.0374,kept,train,"6.04s in [5.0, 30.0]"
1090,./audio/1090.wav,./audio/ref_voice/alienkevin.wav,"愈學習愈發現自己唔知嘅野愈多，但就係咁，我哋才會keep exploring同keep growing。"" ",5.76,kept,train,"5.76s in [5.0, 30.0]"
1091,./audio/1091.wav,./audio/ref_voice/alienkevin.wav,學習要有耐性，咁先至有機會真正學識嘅野他們稱之为mastery。,4.5227,too_short,n/a,4.52s < 5.0
1092,./audio/1092.wav,./audio/ref_voice/alienkevin.wav,每一個學習嘅opportunity都係一次grow up嘅機會。,3.819,too_short,n/a,3.82s < 5.0
1093,./audio/1093.wav,./audio/ref_voice/alienkevin.wav,學習唔係只learn from書本，同樣我哋都可以從生活上面學嘢。,4.7147,too_short,n/a,4.71s < 5.0
1094,./audio/1094.wav,./audio/ref_voice/alienkevin.wav,Set goals先，唔好怕good effort無結果，process再重要都未必會guarantee一定係成功。,6.2934,kept,train,"6.29s in [5.0, 30.0]"
1095,./audio/1095.wav,./audio/ref_voice/alienkevin.wav,定期keep track你嘅performance，唔好等boss提醒你、唔係就會overlook咗你自己嘅potential.,5.9307,kept,train,"5.93s in [5.0, 30.0]"
1096,./audio/1096.wav,./audio/ref_voice/alienkevin.wav,"Work smarter, not harder，懂得make use時間，唔好係busy過頭而忽略咗work-life balance。",5.952,kept,train,"5.95s in [5.0, 30.0]"
1097,./audio/1097.wav,./audio/ref_voice/alienkevin.wav,你要appreciate自己全部努力，唔係得promotions同bonus就係recognition.,5.079,kept,eval,"5.08s in [5.0, 30.0]"
1098,./audio/1098.wav,./audio/ref_voice/alienkevin.wav,Never stop learning，無論你係做咗幾多年，都要open up新手field，咁先可以keep up with the industry.,6.5707,kept,train,"6.57s in [5.0, 30.0]"
1099,./audio/1099.wav,./audio/ref_voice/alienkevin.wav,Always take initiative，唔好等boss指示你做咩，自己identify problem同find solutions，咁樣你就係一個pro…,7.7227,kept,train,"7.72s in [5.0, 30.0]"
1100,./audio/1100.wav,./audio/ref_voice/alienkevin.wav,Know your worth，唔好just accept any job offer，要make sure佢哋respects同appreciates你嘅sk…,6.848,kept,train,"6.85s in [5.0, 30.0]"
1101,./audio/1101.wav,./audio/ref_voice/alienkevin.wav,Sometimes你要step out of your comfort zone，咁先可以grow professionally，唔好all the time …,6.528,kept,train,"6.53s in [5.0, 30.0]"
1102,./audio/1102.wav,./audio/ref_voice/alienkevin.wav,每日都要keep learning，唔係得book knowledge，你嘅colleagues同clients都可以係你好好嘅teachers.,6.0374,kept,train,"6.04s in [5.0, 30.0]"
1103,./audio/1103.wav,./audio/ref_voice/alienkevin.wav,Good time management skills係你一生嘅asset，而唔止係you are on the job嘅time only.,8.128,kept,train,"8.13s in [5.0, 30.0]"
1104,./audio/1104.wav,./audio/ref_voice/alienkevin.wav,倒数几日嘅sunshine真係好彩塘，细佬都可以去海边play玩玩。,5.9307,kept,train,"5.93s in [5.0, 30.0]"
1105,./audio/1105.wav,./audio/ref_voice/alienkevin.wav,"今日嘅rain真係嚟得好突然，連带伞都become无用咯。"" ",4.2027,too_short,n/a,4.20s < 5.0
1106,./audio/1106.wav,./audio/ref_voice/alienkevin.wav,下雨天咁嘅weather，最想就系留喺屋企睇一部movie，吃串popcorn。,4.8214,too_short,n/a,4.82s < 5.0
1107,./audio/1107.wav,./audio/ref_voice/alienkevin.wav,天气预报讲今晚嘅temperature会降低到零度，真係要多带件coat。,5.4614,kept,eval,"5.46s in [5.0, 30.0]"
1108,./audio/1108.wav,./audio/ref_voice/alienkevin.wav,明日嘅weather forecast预计会有thunderstorm，大家要记得带把umbrella。,5.2054,kept,train,"5.21s in [5.0, 30.0]"
1109,./audio/1109.wav,./audio/ref_voice/alienkevin.wav,近日的air quality实在太差，呼吸都要感到difficult，真hope政府能做啲嘢改善下。,6.0374,kept,train,"6.04s in [5.0, 30.0]"
1110,./audio/1110.wav,./audio/ref_voice/alienkevin.wav,上班路上嘅wind真的吹得太顶，连行都成问題。,3.5627,too_short,n/a,3.56s < 5.0
1111,./audio/1111.wav,./audio/ref_voice/alienkevin.wav,雪嘅white真係犹如天堂般pure，但系冷度确实you倒人忍受。,6.0587,kept,train,"6.06s in [5.0, 30.0]"
1112,./audio/1112.wav,./audio/ref_voice/alienkevin.wav,近期嘅UV Index真係太高，隔热系做得唔好，feel得成日皮肤都為住sunburn喺受罪。,6.9547,kept,train,"6.95s in [5.0, 30.0]"
1113,./audio/1113.wav,./audio/ref_voice/alienkevin.wav,"天气sunny,海邊嘅风又吹得正中意，真係perfect day去海边bubble一个！",5.6747,kept,train,"5.67s in [5.0, 30.0]"
1114,./audio/1114.wav,./audio/ref_voice/alienkevin.wav,食完这个BBQ pork rice，你就知道什么叫perfect combination嘅味道啦！,4.992,too_short,n/a,4.99s < 5.0
1115,./audio/1115.wav,./audio/ref_voice/alienkevin.wav,我每日早餐都喺这个banana smoothie，加咗好多berries，健康到爆噃！,4.8214,too_short,n/a,4.82s < 5.0
1116,./audio/1116.wav,./audio/ref_voice/alienkevin.wav,冬天嚟咗，就要食hot pot，味道refreshing又可以keep warm，唔食就后悔！,5.12,kept,train,"5.12s in [5.0, 30.0]"
1117,./audio/1117.wav,./audio/ref_voice/alienkevin.wav,这个steak係我的dinner choice，炭烤焦香配上medium rare，真係过瘾至极！,5.9947,kept,train,"5.99s in [5.0, 30.0]"
1118,./audio/1118.wav,./audio/ref_voice/alienkevin.wav,今晚唔知点解突然想食crispy chicken，脆皮咬落去就系一种satisfying feeling喎！,5.7174,kept,train,"5.72s in [5.0, 30.0]"
1119,./audio/1119.wav,./audio/ref_voice/alienkevin.wav,我嘅comfort food一直都是mom’s homemade wonton soup，清新嘅汤加上Q弹嘅馄饨，治愈一切blue mood！,6.592,kept,train,"6.59s in [5.0, 30.0]"
1120,./audio/1120.wav,./audio/ref_voice/alienkevin.wav,最鍾意食嘅street food就系eggette，外酥內軟，sweet and savory都有，一份就足够！,7.1894,kept,eval,"7.19s in [5.0, 30.0]"
1121,./audio/1121.wav,./audio/ref_voice/alienkevin.wav,有時我哋睇电视嘅時候，就会eat popcorn，crunchy texture令人stop不了手！,4.7787,too_short,n/a,4.78s < 5.0
1122,./audio/1122.wav,./audio/ref_voice/alienkevin.wav,手握住这份juicy hamburger，bite落去嘅时候，真系全身都在happy喎！,5.3334,kept,train,"5.33s in [5.0, 30.0]"
1123,./audio/1123.wav,./audio/ref_voice/alienkevin.wav,喺下午茶时间，我最like食嘅就系这个cheese cake，rich and creamy，尝一口已经够乐足！,5.248,kept,eval,"5.25s in [5.0, 30.0]"
1124,./audio/1124.wav,./audio/ref_voice/alienkevin.wav,"喺Iceland嘅Reykjavik, 睇日出嘅Midnight Sun，真係breathtaking嘅scene!",7.104,kept,train,"7.10s in [5.0, 30.0]"
1125,./audio/1125.wav,./audio/ref_voice/alienkevin.wav,喺Australia嘅Sydney，遊逛Sydney Opera House，感受到藝術嘅charm！,5.3334,kept,train,"5.33s in [5.0, 30.0]"
1126,./audio/1126.wav,./audio/ref_voice/alienkevin.wav,"喺Japan嘅Tokyo, 逛過pop culture嘅Akihabara，一個超crazy嘅experience！",5.9947,kept,eval,"5.99s in [5.0, 30.0]"
1127,./audio/1127.wav,./audio/ref_voice/alienkevin.wav,喺France嘅Paris，訪過嘅Louvre Museum，係一份unforgettable嘅journey！,5.4827,kept,train,"5.48s in [5.0, 30.0]"
1128,./audio/1128.wav,./audio/ref_voice/alienkevin.wav,"喺India嘅Agra，參觀過magnificent嘅Taj Mahal, 真係eye-opening!",5.8454,kept,train,"5.85s in [5.0, 30.0]"
1129,./audio/1129.wav,./audio/ref_voice/alienkevin.wav,喺Italy嘅Venice，駕過gondola嘅Canals，係一份romantic嘅memory！,6.9334,kept,train,"6.93s in [5.0, 30.0]"
1130,./audio/1130.wav,./audio/ref_voice/alienkevin.wav,喺U.S.A嘅New York，攀爬嘅Empire State Building，感覺到嘅freedom唔係講喺口頭嘅！,6.8694,kept,train,"6.87s in [5.0, 30.0]"
1131,./audio/1131.wav,./audio/ref_voice/alienkevin.wav,"喺Greece嘅Santorini，睇過sunset嘅Aegean Sea, 實在係stunning嘅view！",6.0587,kept,train,"6.06s in [5.0, 30.0]"
1132,./audio/1132.wav,./audio/ref_voice/alienkevin.wav,喺Nepal嘅Kathmandu，行過Buddhist temples，感受到spiritual嘅peace！,5.9094,kept,eval,"5.91s in [5.0, 30.0]"
1133,./audio/1133.wav,./audio/ref_voice/alienkevin.wav,喺England嘅London，搭過咗double-decker嘅buses，係一份nostalgic嘅trip！,6.3787,kept,train,"6.38s in [5.0, 30.0]"
1134,./audio/1134.wav,./audio/ref_voice/alienkevin.wav,我每個周末都會去睇latest movies，那啲hollywood blockbusters我真係超鍾意嘅。,6.5067,kept,train,"6.51s in [5.0, 30.0]"
1135,./audio/1135.wav,./audio/ref_voice/alienkevin.wav,我明白做fitness對身體好重要，所以我都會listen to some energetic music嚟咁疏夾我做gym workouts.,7.9147,kept,train,"7.91s in [5.0, 30.0]"
1136,./audio/1136.wav,./audio/ref_voice/alienkevin.wav,平時我都會喺Netflix或Hulu上追劇，追得太入就會做binge-watching，雖然知道呢樣唔好，但就係戒唔掉啊。,7.04,kept,train,"7.04s in [5.0, 30.0]"
1137,./audio/1137.wav,./audio/ref_voice/alienkevin.wav,有時我鍾意閱训一啲graphic novels，那啲interesting plot同creative artwork真係令人いh抠嘅。,6.1867,kept,train,"6.19s in [5.0, 30.0]"
1138,./audio/1138.wav,./audio/ref_voice/alienkevin.wav,我喺free time會喺PlayStation或Xbox上打game，我鍾意嗰啲要strategize嘅game，打得越投入，就越excited。,7.5307,kept,train,"7.53s in [5.0, 30.0]"
1139,./audio/1139.wav,./audio/ref_voice/alienkevin.wav,我好鍾意去live concerts，feel到樂隊嘅passion和energy，真係一種無與倫比嘅experience。,5.4614,kept,train,"5.46s in [5.0, 30.0]"
1140,./audio/1140.wav,./audio/ref_voice/alienkevin.wav,足球game冇得输赢，而系一種teamwork嘅体现，我地可以通过佢improve我哋嘅team spirit。,5.12,kept,train,"5.12s in [5.0, 30.0]"
1141,./audio/1141.wav,./audio/ref_voice/alienkevin.wav,游水唔只係一種relaxing嘅方式，佢又可以训练我哋嘅lung capacity。,4.3307,too_short,n/a,4.33s < 5.0
1142,./audio/1142.wav,./audio/ref_voice/alienkevin.wav,做瑜伽可以帮我哋reduce壓力，仲能夠increase我哋嘅flexibility。,4.6507,too_short,n/a,4.65s < 5.0
1143,./audio/1143.wav,./audio/ref_voice/alienkevin.wav,跑步冇得replace嘅benefit係，佢可以boost我地嘅cardiovascular health。,5.7174,kept,train,"5.72s in [5.0, 30.0]"
1144,./audio/1144.wav,./audio/ref_voice/alienkevin.wav,做Pilates可以幫助我哋improve core strength同埋posture.,4.6507,too_short,n/a,4.65s < 5.0
1145,./audio/1145.wav,./audio/ref_voice/alienkevin.wav,玩乒乓球唔但能improve hand-eye coordination，佢仲可以训练我哋快速反应嘅能力。,6.1867,kept,train,"6.19s in [5.0, 30.0]"
1146,./audio/1146.wav,./audio/ref_voice/alienkevin.wav,玩网球可以幫助我哋boost我地嘅endurance同burn calories.,4.0107,too_short,n/a,4.01s < 5.0
1147,./audio/1147.wav,./audio/ref_voice/alienkevin.wav,慢跑唔只係enhance我地cardiovascular fitness，佢仲可以俾我地有佳肴mood.,5.3334,kept,train,"5.33s in [5.0, 30.0]"
1148,./audio/1148.wav,./audio/ref_voice/alienkevin.wav,玩羽毛球唔但能培养我哋嘅strategy思考，佢仲可以訓練我哋嘅speed同agility。,6.6347,kept,eval,"6.63s in [5.0, 30.0]"
1149,./audio/1149.wav,./audio/ref_voice/alienkevin.wav,登山唔单止係一個adventure，佢仲可以enhance我哋嘅leg strength同increase我哋嘅stamina。,5.4827,kept,train,"5.48s in [5.0, 30.0]"
1150,./audio/1150.wav,./audio/ref_voice/alienkevin.wav,香港嘅房屋問題持續嚴重，政府需要implement more affordable housing policies。,5.696,kept,train,"5.70s in [5.0, 30.0]"
1151,./audio/1151.wav,./audio/ref_voice/alienkevin.wav,香港嘅Education system越嚟越壓力大，我哋需要讓學生enjoy their childhood。,5.2267,kept,train,"5.23s in [5.0, 30.0]"
1152,./audio/1152.wav,./audio/ref_voice/alienkevin.wav,香港嘅Airport expansion project引發環保問題，我哋需要balance development and conservation。,5.8027,kept,train,"5.80s in [5.0, 30.0]"
1153,./audio/1153.wav,./audio/ref_voice/alienkevin.wav,香港嘅Economy受到全球貿易戰影響，政府需要provide more assistance to small businesses。,5.655,kept,train,"5.65s in [5.0, 30.0]"
1154,./audio/1154.wav,./audio/ref_voice/alienkevin.wav,香港嘅Youth unemployment rate太高，我哋需要create more job opportunities。,4.7147,too_short,n/a,4.71s < 5.0
1155,./audio/1155.wav,./audio/ref_voice/alienkevin.wav,香港嘅Health care system受疫情壓力大，需要更多resources and manpower。,4.8,too_short,n/a,4.80s < 5.0
1156,./audio/1156.wav,./audio/ref_voice/alienkevin.wav,香港嘅Public transportation set fare太高，政府應take action to alleviate the burden on ci…,6.5707,kept,train,"6.57s in [5.0, 30.0]"
1157,./audio/1157.wav,./audio/ref_voice/alienkevin.wav,香港人嘅Mental health問題越嚟越普遍，需要提升public awareness and services。,4.5867,too_short,n/a,4.59s < 5.0
1158,./audio/1158.wav,./audio/ref_voice/alienkevin.wav,香港嘅Air quality問題嚴重，我哋需要advocate for more green initiatives。,4.6294,too_short,n/a,4.63s < 5.0
1159,./audio/1159.wav,./audio/ref_voice/alienkevin.wav,香港嘅Food waste問題需解決，我哋應encourage sustainable living and recycling。,4.6294,too_short,n/a,4.63s < 5.0
1160,./audio/1160.wav,./audio/ref_voice/alienkevin.wav,我喺Times Square 買左對Nike運動鞋，好舒服又實用，真係值得推薦！,4.5867,too_short,n/a,4.59s < 5.0
1161,./audio/1161.wav,./audio/ref_voice/alienkevin.wav,Sogo嘅cosmetic section真係好吸引，各種品牌都有，仲可以試用下先決定買邊款。,5.9094,kept,train,"5.91s in [5.0, 30.0]"
1162,./audio/1162.wav,./audio/ref_voice/alienkevin.wav,我今日喺網上買咗一個爾朵iPhone嘅phone case，好靚又實惠，微笑眼咁！,5.8027,kept,train,"5.80s in [5.0, 30.0]"
1163,./audio/1163.wav,./audio/ref_voice/alienkevin.wav,Isquare嘅Zara有新款嘅dress入嗮，簡直就係我的style，決定要買！,5.0347,kept,train,"5.03s in [5.0, 30.0]"
1164,./audio/1164.wav,./audio/ref_voice/alienkevin.wav,Festival Walk嘅MUJI嘅stationery係我最鍾意嘅，番學和辦公都非常適合！,5.6107,kept,train,"5.61s in [5.0, 30.0]"
1165,./audio/1165.wav,./audio/ref_voice/alienkevin.wav,Harbour City嘅Designer Handbag真係要抵制唔住嘅誘惑，即使價錢好貴都值得！,6.6774,kept,eval,"6.68s in [5.0, 30.0]"
1166,./audio/1166.wav,./audio/ref_voice/alienkevin.wav,我喺K11購物藝術館買咗個Kate Spade銀包，喺discount期間買真係實惠好多！,6.123,kept,train,"6.12s in [5.0, 30.0]"
1167,./audio/1167.wav,./audio/ref_voice/alienkevin.wav,T Galleria嘅perfume嘅個味好特別，我媽媽好鐘意，送佢做母親節禮物就最好啦！,5.8454,kept,train,"5.85s in [5.0, 30.0]"
1168,./audio/1168.wav,./audio/ref_voice/alienkevin.wav,Pacific Place嘅Book store有好多我鍾意嘅書，每次去都可以揀個好幾本帶返屋企。,5.376,kept,train,"5.38s in [5.0, 30.0]"
1169,./audio/1169.wav,./audio/ref_voice/alienkevin.wav,我喺Taikoo Shing嘅Supermarket買咗好多organic食品，健康之餘又有營養，真係唔錯！,5.4187,kept,eval,"5.42s in [5.0, 30.0]"
1170,./audio/1170.wav,./audio/ref_voice/alienkevin.wav,唔好怕try新嘅事情，學習係一種exploration嘅過程，我哋從中可以參透更多嘅知識。,6.528,kept,eval,"6.53s in [5.0, 30.0]"
1171,./audio/1171.wav,./audio/ref_voice/alienkevin.wav,唔好avoid難題，果會令妳miss咗學習嘅機會，正確嘅態度係embrace挑戰。,5.056,kept,train,"5.06s in [5.0, 30.0]"
1172,./audio/1172.wav,./audio/ref_voice/alienkevin.wav,學習不止係memorize嘅過程，更關鍵嘅係去understand每一個知識點背後嘅邏輯與原理。,5.9947,kept,train,"5.99s in [5.0, 30.0]"
1173,./audio/1173.wav,./audio/ref_voice/alienkevin.wav,學習唔必急於seek results，有時放慢步伐，享受學習嘅過程，我哋首可以讓我哋嘅內在成長。,8.0427,kept,train,"8.04s in [5.0, 30.0]"
1174,./audio/1174.wav,./audio/ref_voice/alienkevin.wav,學識如何balance學業同生活，同樣都係一種重要嘅'學習。,4.395,too_short,n/a,4.39s < 5.0
1175,./audio/1175.wav,./audio/ref_voice/alienkevin.wav,慧眼識Pearl，懂得appreciate自己學走過嘅路，係學習中最主要嘅一部分。,5.44,kept,train,"5.44s in [5.0, 30.0]"
1176,./audio/1176.wav,./audio/ref_voice/alienkevin.wav,確保提供supportive嘅學習環境係好重要嘅，佢可以幫助學生更好咁去進行學習。”,5.952,kept,train,"5.95s in [5.0, 30.0]"
1177,./audio/1177.wav,./audio/ref_voice/alienkevin.wav,學習既目標唔係要證明自己係多麼clever，而係要實現自我improvement又或者揾到一種滿足感。”,7.4454,kept,train,"7.45s in [5.0, 30.0]"
1178,./audio/1178.wav,./audio/ref_voice/alienkevin.wav,Remember to set your priorities straight，明白自己嘅priority係咩，然后不怕hard work，加油努力去完成吧。,6.231,kept,train,"6.23s in [5.0, 30.0]"
1179,./audio/1179.wav,./audio/ref_voice/alienkevin.wav,Always be a team player，形成一個好嘅team spirit，跟人一齊work以至build up a strong team，咁先会有好…,8.6614,kept,train,"8.66s in [5.0, 30.0]"
1180,./audio/1180.wav,./audio/ref_voice/alienkevin.wav,Never settle for less，做任何嘢都要strive for the best，唔好噤快满足於現状，keep pushing yourself …,5.76,kept,eval,"5.76s in [5.0, 30.0]"
1181,./audio/1181.wav,./audio/ref_voice/alienkevin.wav,Maintain positive attitude，上班时，保持positive嘅態度，unique solution就会显而易见。,5.376,kept,train,"5.38s in [5.0, 30.0]"
1182,./audio/1182.wav,./audio/ref_voice/alienkevin.wav,Communicate effectively，仔细listen，清楚understand然后才response，咁先会有效咁溝通，避免unnecessary …,8.6187,kept,train,"8.62s in [5.0, 30.0]"
1183,./audio/1183.wav,./audio/ref_voice/alienkevin.wav,Be flexible，工作上面要learn how to go with the flow，唔好太固執，adapt to changes快D，咁樣你嘅perf…,6.784,kept,eval,"6.78s in [5.0, 30.0]"
1184,./audio/1184.wav,./audio/ref_voice/alienkevin.wav,Know your value，明白自己係工作中嘅價值，然后maximize它，咁你就能成為一個unreplaceable嘅team member。,6.272,kept,train,"6.27s in [5.0, 30.0]"
1185,./audio/1185.wav,./audio/ref_voice/alienkevin.wav,Stay organized，保持organized，keep track嘅習慣，对你嘅效率有巨大嘅幫助，咁你嘅workload就會更輕鬆啦。,7.296,kept,train,"7.30s in [5.0, 30.0]"
1186,./audio/1186.wav,./audio/ref_voice/alienkevin.wav,Increase your skills，持續學習，improve你自己all round skills，咁你就能成為一個multi-talented嘅empl…,7.68,kept,train,"7.68s in [5.0, 30.0]"
1187,./audio/1187.wav,./audio/ref_voice/alienkevin.wav,Work-life balance係重要，Remember to take breaks，唔好only focus on work，要有工作與生活嘅平衡，咁你嘅…,9.408,kept,train,"9.41s in [5.0, 30.0]"
1188,./audio/1188.wav,./audio/ref_voice/alienkevin.wav,星期日嘅weather forecast好似唔太理想，阴天加雨，宜家嘅冬季都好少见。,5.5254,kept,train,"5.53s in [5.0, 30.0]"
1189,./audio/1189.wav,./audio/ref_voice/alienkevin.wav,话说下个weekend嘅climate真係令人期待，据说会有连晴数日，就算唔出门，喺屋企都可以feel到质次sunshine。,8.32,kept,train,"8.32s in [5.0, 30.0]"
1190,./audio/1190.wav,./audio/ref_voice/alienkevin.wav,呢个季节嘅rainfall比较多，唔嬲都要carry一把umbrella，免得湿晒身体catch cold。,5.7174,kept,eval,"5.72s in [5.0, 30.0]"
1191,./audio/1191.wav,./audio/ref_voice/alienkevin.wav,阿Sir今晚嘅temperature会进一步降低，我建议你layer updress一啲，几件轻式嘅jacket都好，记得保暖啊！,6.848,kept,train,"6.85s in [5.0, 30.0]"
1192,./audio/1192.wav,./audio/ref_voice/alienkevin.wav,近期weather situation好似有D不稳定，温差大就要小心保养自己啊，唔好因为天气改变而生病。,5.8027,kept,train,"5.80s in [5.0, 30.0]"
1193,./audio/1193.wav,./audio/ref_voice/alienkevin.wav,sunrise嘅time已经被拉得好早，夏天嘅炎热就快要到喇，希望今年嘅summer唔会太hot。,5.2267,kept,eval,"5.23s in [5.0, 30.0]"
1194,./audio/1194.wav,./audio/ref_voice/alienkevin.wav,聽講今晚嘅moonlight會特別亮，天色凉凉就好适合一家人去rooftop barbecue。,5.2907,kept,train,"5.29s in [5.0, 30.0]"
1195,./audio/1195.wav,./audio/ref_voice/alienkevin.wav,医生都话咗我地应该多Stay喺有sunlight嘅地方，以增强resistance。,5.12,kept,train,"5.12s in [5.0, 30.0]"
1196,./audio/1196.wav,./audio/ref_voice/alienkevin.wav,同住喺喺aircon room相比，我更prefer natural wind，feel得到自nature嘅coolness，一下就能放鬆到。,6.7414,kept,train,"6.74s in [5.0, 30.0]"
1197,./audio/1197.wav,./audio/ref_voice/alienkevin.wav,今晚嘅skyline好漂亮，full moon加星星，真係绝配！,4.0534,too_short,n/a,4.05s < 5.0
1198,./audio/1198.wav,./audio/ref_voice/alienkevin.wav,煲个煮糖焖莲子，warm and sweet，简直就是夜宵嘅perfect choice！,6.528,kept,train,"6.53s in [5.0, 30.0]"
1199,./audio/1199.wav,./audio/ref_voice/alienkevin.wav,周末煮个steamed fish，再撒一把commin，新鮮同健康兼備，举杯赞美佢嘅美味！,6.0374,kept,train,"6.04s in [5.0, 30.0]"
1200,./audio/1200.wav,./audio/ref_voice/alienkevin.wav,经常去嘅流动面档就系吾可以錯过，客人拎个电子菜单首先mark咗想要嘅ingredients，然后等待佢哋炒出嚟，热辣辣、fresh and tasty。,8.427,kept,train,"8.43s in [5.0, 30.0]"
1201,./audio/1201.wav,./audio/ref_voice/alienkevin.wav,杯熱辣辣嘅yuenyeung加几粒ice cubes，bottoms up之后就会feel full嘅energy!,6.656,kept,train,"6.66s in [5.0, 30.0]"
1202,./audio/1202.wav,./audio/ref_voice/alienkevin.wav,我冇抗拒到嘅dessert就系mango sago，sweet mango juice同粒粒香脆嘅西米一混合，好似春日嘅爽滑风情，让人in love喎！,9.9414,kept,train,"9.94s in [5.0, 30.0]"
1203,./audio/1203.wav,./audio/ref_voice/alienkevin.wav,試过焖南瓜佬麵未呢？squeeze落去少少柠檬，酸酸甜甜嘅taste让人can't resist！,7.6374,kept,train,"7.64s in [5.0, 30.0]"
1204,./audio/1204.wav,./audio/ref_voice/alienkevin.wav,大热天嗮舖冰凉cold brew coffee，refreshing到令人feel like flying！,5.547,kept,train,"5.55s in [5.0, 30.0]"
1205,./audio/1205.wav,./audio/ref_voice/alienkevin.wav,小朋友最love嘅食物就系叉烧酥，黄油香气，meat嫩，一咬下去缠绕在舌尖嘅味道，连大人都会big smile啦！,8.0,kept,train,"8.00s in [5.0, 30.0]"
1206,./audio/1206.wav,./audio/ref_voice/alienkevin.wav,晌贡茶冒烟，几多焗糊嘅糖，加少少鲜奶，再放入tapuca pearl，冷热之间嘅contrast让人have a crush!,10.3467,kept,train,"10.35s in [5.0, 30.0]"
1207,./audio/1207.wav,./audio/ref_voice/alienkevin.wav,喺Australia嘅Sydney，坐過嘅Harbour Bridge，真係一種breathtaking experience！,4.6934,too_short,n/a,4.69s < 5.0
1208,./audio/1208.wav,./audio/ref_voice/alienkevin.wav,喺Japan嘅Kyoto，經過嘅Golden Pavilion，真係一種serene感覺！,4.8427,too_short,n/a,4.84s < 5.0
1209,./audio/1209.wav,./audio/ref_voice/alienkevin.wav,喺UK嘅London，逛過嘅Buckingham Palace，係一份impressive嘅memory！,5.184,kept,train,"5.18s in [5.0, 30.0]"
1210,./audio/1210.wav,./audio/ref_voice/alienkevin.wav,喺Italy嘅Rome，食過嘅gelato，係一種indescribable喺口內嘅taste！,6.123,kept,eval,"6.12s in [5.0, 30.0]"
1211,./audio/1211.wav,./audio/ref_voice/alienkevin.wav,喺Thailand嘅Bangkok，參加過嘅Songkran Festival，真係一種exciting嘅experience！,6.3787,kept,eval,"6.38s in [5.0, 30.0]"
1212,./audio/1212.wav,./audio/ref_voice/alienkevin.wav,喺Brazil嘅Rio de Janeiro，睇過嘅Carnival，真係一種colorful嘅spectacle！,6.6134,kept,train,"6.61s in [5.0, 30.0]"
1213,./audio/1213.wav,./audio/ref_voice/alienkevin.wav,喺Germany嘅Berlin，走過嘅Berlin Wall，係一種powerful嘅history lesson！,3.9894,too_short,n/a,3.99s < 5.0
1214,./audio/1214.wav,./audio/ref_voice/alienkevin.wav,喺India嘅Agra，觀賞過嘅Taj Mahal，係一個unbelievable嘅architectural masterpiece！,6.4427,kept,train,"6.44s in [5.0, 30.0]"
1215,./audio/1215.wav,./audio/ref_voice/alienkevin.wav,喺Egypt嘅Cairo，爬過嘅Giza pyramids，真係一種magnificent嘅view！,5.056,kept,eval,"5.06s in [5.0, 30.0]"
1216,./audio/1216.wav,./audio/ref_voice/alienkevin.wav,喺Greece嘅Athens，遊覽過嘅Acropolis，係一種incredible嘅ancient wonder！,5.3334,kept,train,"5.33s in [5.0, 30.0]"
1217,./audio/1217.wav,./audio/ref_voice/alienkevin.wav,我平時都鍾意喺Spotify上聽music，啲track真係好relaxing，可以令我舒舒服服嘅享受閒時。,5.6107,kept,train,"5.61s in [5.0, 30.0]"
1218,./audio/1218.wav,./audio/ref_voice/alienkevin.wav,每個weekend，我同朋友都會去喺Hong Kong士嘅best spot體驗nightlife，舞池，cocktail，足夠我哋happy到天光。,7.616,kept,train,"7.62s in [5.0, 30.0]"
1219,./audio/1219.wav,./audio/ref_voice/alienkevin.wav,我好鍾意喺Instagram上掛啲travel photo，分享我嘅journey同各種adventure，滿足我對旅行嘅passion。,6.4,kept,train,"6.40s in [5.0, 30.0]"
1220,./audio/1220.wav,./audio/ref_voice/alienkevin.wav,假日我鍾意去concert，感受現場音樂嘅dynamic，每次都係一個unforgettable嘅experience。,6.6134,kept,train,"6.61s in [5.0, 30.0]"
1221,./audio/1221.wav,./audio/ref_voice/alienkevin.wav,我經常喺YouTube睇美食嘅cooking tutorial，learn咗好多新嘅recipe，自己喺屋企試做嘅話，覺得自己都好像chef咁。,7.851,kept,train,"7.85s in [5.0, 30.0]"
1222,./audio/1222.wav,./audio/ref_voice/alienkevin.wav,我鍾意周末喺Netflix睇一部科幻片，就算plot有啲outlandish，我都會deep dive去瞭解嗰啲concept。,6.8907,kept,train,"6.89s in [5.0, 30.0]"
1223,./audio/1223.wav,./audio/ref_voice/alienkevin.wav,有時喺Gym workout嗰陣，我都會聽podcast，好似喺brain workout同body workout同時進行咁。,5.312,kept,train,"5.31s in [5.0, 30.0]"
1224,./audio/1224.wav,./audio/ref_voice/alienkevin.wav,我喺Facebook上follow咗好多artistic account，欣賞佢地嘅digital art，都會引發我嘅creativity嘅潛能。,6.6134,kept,train,"6.61s in [5.0, 30.0]"
1225,./audio/1225.wav,./audio/ref_voice/alienkevin.wav,"周末我鍾意去park做outdoor activities，BBQ, frisbee再配上啲chill music，就可以忘記一星期嘅stress。",6.7414,kept,train,"6.74s in [5.0, 30.0]"
1226,./audio/1226.wav,./audio/ref_voice/alienkevin.wav,我夜晚返到屋企就會喺Bilibili上追番劇，雖然有啲重口味，但係都好funny，我精神就可以好多咗。,6.5494,kept,train,"6.55s in [5.0, 30.0]"
1227,./audio/1227.wav,./audio/ref_voice/alienkevin.wav,足球會improve我哋嘅coordination，又會增加我哋嘅teamwork spirit。,4.224,too_short,n/a,4.22s < 5.0
1228,./audio/1228.wav,./audio/ref_voice/alienkevin.wav,游水係一個full-body workout，可以同時train到我哋嘅upper body同lower body。,4.416,too_short,n/a,4.42s < 5.0
1229,./audio/1229.wav,./audio/ref_voice/alienkevin.wav,打羽毛球會increase我哋嘅reflexes，又有助於burn calories。,3.7974,too_short,n/a,3.80s < 5.0
1230,./audio/1230.wav,./audio/ref_voice/alienkevin.wav,打乒乓球可以促進我哋嘅hand-eye coordination，仲可以enhance我哋嘅strategic thinking。,6.9334,kept,train,"6.93s in [5.0, 30.0]"
1231,./audio/1231.wav,./audio/ref_voice/alienkevin.wav,做weightlifting可以幫我哋build muscle mass，但要記得做warm-up防止受傷。,4.9494,too_short,n/a,4.95s < 5.0
1232,./audio/1232.wav,./audio/ref_voice/alienkevin.wav,跳舞除咗可以express自己嘅emotions，仲能提高我哋嘅balance。,4.2027,too_short,n/a,4.20s < 5.0
1233,./audio/1233.wav,./audio/ref_voice/alienkevin.wav,玩籃球可以improve我哋嘅endurance，而且仲係一個好好嘅cardio exercise。,4.5227,too_short,n/a,4.52s < 5.0
1234,./audio/1234.wav,./audio/ref_voice/alienkevin.wav,學習跆拳道唔單止可以enhance我哋嘅self-defense，而家佢仲能夠boost我哋嘅self-confidence。,5.248,kept,train,"5.25s in [5.0, 30.0]"
1235,./audio/1235.wav,./audio/ref_voice/alienkevin.wav,進行terminal射擊運動幫助我哋improve concentration，亦都需要穩定嘅hand control。,4.864,too_short,n/a,4.86s < 5.0
1236,./audio/1236.wav,./audio/ref_voice/alienkevin.wav,做climbing可以train到我哋嘅upper body strength，俾我哋一個sense of accomplishment.,4.736,too_short,n/a,4.74s < 5.0
1237,./audio/1237.wav,./audio/ref_voice/alienkevin.wav,香港嘅Education system需要更多innovation and creativity嚟提升學生嘅critical thinking skills。,5.632,kept,train,"5.63s in [5.0, 30.0]"
1238,./audio/1238.wav,./audio/ref_voice/alienkevin.wav,香港嘅Housing problem係社會嘅root cause，政府需要take action搵解決方法。,5.0987,kept,train,"5.10s in [5.0, 30.0]"
1239,./audio/1239.wav,./audio/ref_voice/alienkevin.wav,香港嘅Air pollution 問題嚴重，我哋需要promote more renewable energy sources。,4.7147,too_short,n/a,4.71s < 5.0
1240,./audio/1240.wav,./audio/ref_voice/alienkevin.wav,香港嘅Population ageing問題越嚟越嚴重，政府需要plan ahead for elderly care services。,5.44,kept,train,"5.44s in [5.0, 30.0]"
1241,./audio/1241.wav,./audio/ref_voice/alienkevin.wav,香港嘅Public transportation system面對大量嘅demand，需要更多efficient planning an management。,5.2694,kept,train,"5.27s in [5.0, 30.0]"
1242,./audio/1242.wav,./audio/ref_voice/alienkevin.wav,香港嘅Youth要face to high expectations and pressures，社會需要offer more mental health su…,5.8667,kept,train,"5.87s in [5.0, 30.0]"
1243,./audio/1243.wav,./audio/ref_voice/alienkevin.wav,香港嘅Environment conservation需要更多public awareness and action嚟達到sustainability。,5.9094,kept,train,"5.91s in [5.0, 30.0]"
1244,./audio/1244.wav,./audio/ref_voice/alienkevin.wav,香港嘅Local businesses受到疫情影響巨大，政府應該提供更多financial aid帮助佢哋。,5.376,kept,train,"5.38s in [5.0, 30.0]"
1245,./audio/1245.wav,./audio/ref_voice/alienkevin.wav,香港嘅Income inequality越演越烈，需要effective policies 去縮小貧富差距。,5.376,kept,train,"5.38s in [5.0, 30.0]"
1246,./audio/1246.wav,./audio/ref_voice/alienkevin.wav,香港嘅Talent retention問題嚴重，需要更加attractive work environment and opportunities嚟吸引本地嘅t…,6.1867,kept,eval,"6.19s in [5.0, 30.0]"
1247,./audio/1247.wav,./audio/ref_voice/alienkevin.wav,"周末喺Mall買左一對Nike嘅新運動鞋，著落去好有型，好開心咁！"" ",5.079,kept,train,"5.08s in [5.0, 30.0]"
1248,./audio/1248.wav,./audio/ref_voice/alienkevin.wav,"H&M嘅新款dress真係吸引，我已經喺網上下單咗，等待delivery嘅時候好緊張呀！"" ",5.4827,kept,train,"5.48s in [5.0, 30.0]"
1249,./audio/1249.wav,./audio/ref_voice/alienkevin.wav,我同朋友去咗Tiffany嗰間鑽石專賣店，睇到好靚嘅necklace，好想買黎送比女朋友呀！,5.9094,kept,train,"5.91s in [5.0, 30.0]"
1250,./audio/1250.wav,./audio/ref_voice/alienkevin.wav,"Nespresso呢個brand嘅coffee machine太正點咗，家裡搭配一個簡直就係咖啡愛好者嘅樂園！"" ",6.2934,kept,train,"6.29s in [5.0, 30.0]"
1251,./audio/1251.wav,./audio/ref_voice/alienkevin.wav,Adidas嘅sports bra好舒服，運動時都唔會覺得煩悶，有購無失！,5.1414,kept,train,"5.14s in [5.0, 30.0]"
1252,./audio/1252.wav,./audio/ref_voice/alienkevin.wav,Apple Store買iPad真係好貴，我諗換個channel會更好，網上second hand似乎好~,5.056,kept,eval,"5.06s in [5.0, 30.0]"
1253,./audio/1253.wav,./audio/ref_voice/alienkevin.wav,Sephora嘅makeup products質量就是抵讚，我常年都會喺度採購我嘅化妝品。,5.0987,kept,eval,"5.10s in [5.0, 30.0]"
1254,./audio/1254.wav,./audio/ref_voice/alienkevin.wav,"我去咗Walmart買咗好多家庭用品，detergent, tissue等等，價錢實惠又一次過買齊，好方便！",5.5894,kept,train,"5.59s in [5.0, 30.0]"
1255,./audio/1255.wav,./audio/ref_voice/alienkevin.wav,我同男朋友去Tommy Hilfiger搵polo shirt，佢對呢個brand嘅服飾好有好評，要買好幾件！,6.4,kept,eval,"6.40s in [5.0, 30.0]"
1256,./audio/1256.wav,./audio/ref_voice/alienkevin.wav,ASOS嘅fashion items總是好特別，我每次做網購都會去睇下有咩新款式出線。,5.76,kept,train,"5.76s in [5.0, 30.0]"
1257,./audio/1257.wav,./audio/ref_voice/alienkevin.wav,學嘅時候要focus，唔好只係追求finish task。,3.2,too_short,n/a,3.20s < 5.0
1258,./audio/1258.wav,./audio/ref_voice/alienkevin.wav,學習唔只係prepare對未來嘅工作，更係為咗讓我哋成為better嘅人。,5.4827,kept,train,"5.48s in [5.0, 30.0]"
1259,./audio/1259.wav,./audio/ref_voice/alienkevin.wav,"唔好just read過一遍就算，要review an revise, 先能真正ground服吓學過嘅知識。",6.336,kept,train,"6.34s in [5.0, 30.0]"
1260,./audio/1260.wav,./audio/ref_voice/alienkevin.wav,遇到唔識嘅問題唔駛怕，主要嘅係learn how to solve problems，而唔係只係get the answer。,4.6507,too_short,n/a,4.65s < 5.0
1261,./audio/1261.wav,./audio/ref_voice/alienkevin.wav,學習，無論任何時候，都應該擁有curiosity，喺咁嘅狀態下，你會發現more嘅可能同埋opportunities。,7.959,kept,train,"7.96s in [5.0, 30.0]"
1262,./audio/1262.wav,./audio/ref_voice/alienkevin.wav,唔好覺得學習relationship唔值得invest時間，所有嘅人際關係都係knowledge嘅一部分。,5.5894,kept,train,"5.59s in [5.0, 30.0]"
1263,./audio/1263.wav,./audio/ref_voice/alienkevin.wav,考試唔只係test你嘅知識，更係a chance 睇下你點handle pressure。,4.864,too_short,n/a,4.86s < 5.0
1264,./audio/1264.wav,./audio/ref_voice/alienkevin.wav,學習唔係想急功近利，一切都need patience an persistence。,4.8427,too_short,n/a,4.84s < 5.0
1265,./audio/1265.wav,./audio/ref_voice/alienkevin.wav,學習好比爬山，初時難，但等到reach the peak 就能欣賞到美嘅風景。,4.7787,too_short,n/a,4.78s < 5.0
1266,./audio/1266.wav,./audio/ref_voice/alienkevin.wav,唔好只憑grades去判斷學習嘅成效，real learning係過程，而唔係結果。,5.248,kept,train,"5.25s in [5.0, 30.0]"
1267,./audio/1267.wav,./audio/ref_voice/alienkevin.wav,聽清楚boss嘅instructions，咁先會明白佢哋expect你做咩，然后你就可以deliver the best results。,6.3574,kept,train,"6.36s in [5.0, 30.0]"
1268,./audio/1268.wav,./audio/ref_voice/alienkevin.wav,唔要怕take risks，sometimes你需要step out of your comfort zone去完成困難嘅tasks。,4.7787,too_short,n/a,4.78s < 5.0
1269,./audio/1269.wav,./audio/ref_voice/alienkevin.wav,Respect同事，everybody都有their own expertise，大家都需要互相學習，咁先会build up a harmonious work…,7.0614,kept,train,"7.06s in [5.0, 30.0]"
1270,./audio/1270.wav,./audio/ref_voice/alienkevin.wav,有耐性，淡定面對setbacks，唔好get frustrated when things don’t go as planned，懂得adjust yours…,7.872,kept,train,"7.87s in [5.0, 30.0]"
1271,./audio/1271.wav,./audio/ref_voice/alienkevin.wav,要proactive，唔好等被人催，take initiatives先會提升自己嘅career development。,6.4427,kept,train,"6.44s in [5.0, 30.0]"
1272,./audio/1272.wav,./audio/ref_voice/alienkevin.wav,Time management非常之重要，避免procrastination，efficient嘅完成工作唔但可以提升performance，都可以大大redu…,8.7254,kept,train,"8.73s in [5.0, 30.0]"
1273,./audio/1273.wav,./audio/ref_voice/alienkevin.wav,Communication skills唔可以缺，express your ideas clearly，了解人哋嘅意思，咁先可以反映你嘅professional…,6.1867,kept,train,"6.19s in [5.0, 30.0]"
1274,./audio/1274.wav,./audio/ref_voice/alienkevin.wav,保持positive attitude，唔好give up easily，只要keep going，最終都可以得到you deserve的成果。,6.08,kept,train,"6.08s in [5.0, 30.0]"
1275,./audio/1275.wav,./audio/ref_voice/alienkevin.wav,開心嘅工作，接受任何challenges，咁樣就可以繼續grow and learn，而且會feel satisfied.,5.5894,kept,train,"5.59s in [5.0, 30.0]"
1276,./audio/1276.wav,./audio/ref_voice/alienkevin.wav,以customer為先，如果我哋success咁就是因為我哋put customer satisfaction at the forefront，咁就可以建立l…,10.0907,kept,eval,"10.09s in [5.0, 30.0]"
1277,./audio/1277.wav,./audio/ref_voice/alienkevin.wav,今日嘅weather真係太unpredictable，一会儿sunny，一会儿rainy，穿咩都成问题。,6.144,kept,train,"6.14s in [5.0, 30.0]"
1278,./audio/1278.wav,./audio/ref_voice/alienkevin.wav,temperature drop得好快，真係感受到winter嘅寒冷喇。,4.0107,too_short,n/a,4.01s < 5.0
1279,./audio/1279.wav,./audio/ref_voice/alienkevin.wav,昨晚嘅storm好猛，都shock到我，好彩我嘅windows好坚固，冇畀吹烂。,5.6107,kept,train,"5.61s in [5.0, 30.0]"
1280,./audio/1280.wav,./audio/ref_voice/alienkevin.wav,HK嘅humidity已经上升到好高，真希望唔好再有typhoon再来打搅。,5.824,kept,train,"5.82s in [5.0, 30.0]"
1281,./audio/1281.wav,./audio/ref_voice/alienkevin.wav,天文台又话有tropical cyclone可能会影响住我们嘅日常，真係希望一切都smooth吓啲。,6.8267,kept,train,"6.83s in [5.0, 30.0]"
1282,./audio/1282.wav,./audio/ref_voice/alienkevin.wav,睇天气forecast，下星期可能有heavy rain，大家记得prepare好你的rain gear啦。,4.971,too_short,n/a,4.97s < 5.0
1283,./audio/1283.wav,./audio/ref_voice/alienkevin.wav,雖然冬天嘅温度可以drop到好底，但我都prefer过炎热嘅summer，吹吓aircon就OK喇。,6.4,kept,train,"6.40s in [5.0, 30.0]"
1284,./audio/1284.wav,./audio/ref_voice/alienkevin.wav,天氣turn得好快，一会hot，一会cold，我嘅immune system真係吃唔消。,4.672,too_short,n/a,4.67s < 5.0
1285,./audio/1285.wav,./audio/ref_voice/alienkevin.wav,春天嘅breeze真係好舒服，比冬天嘅cold wind好得多。,4.608,too_short,n/a,4.61s < 5.0
1286,./audio/1286.wav,./audio/ref_voice/alienkevin.wav,预报又话下週可能會有snow，但我都doubt HK会唔会real下snow噃。,5.5254,kept,train,"5.53s in [5.0, 30.0]"
1287,./audio/1287.wav,./audio/ref_voice/alienkevin.wav,撈生鱼片嘅时候香喷喷嘅seasoning马上make me mouthwatering！,4.4374,too_short,n/a,4.44s < 5.0
1288,./audio/1288.wav,./audio/ref_voice/alienkevin.wav,煲冬瓜盅，放入lamb和香菇，slow cook出來就super yummy！,4.928,too_short,n/a,4.93s < 5.0
1289,./audio/1289.wav,./audio/ref_voice/alienkevin.wav,趁热食意粉，搞两粒鸡蛋，runny yolk滴落去，滑inh到can't stop！,6.6774,kept,train,"6.68s in [5.0, 30.0]"
1290,./audio/1290.wav,./audio/ref_voice/alienkevin.wav,豉汁蒸螺，蒜蓉，青葱，香辣sauce，那味道will blow your mind！,4.0747,too_short,n/a,4.07s < 5.0
1291,./audio/1291.wav,./audio/ref_voice/alienkevin.wav,去海鲜档选隻fresh lobster，用茄汁辣椒炒起来，那是true happiness！,4.992,too_short,n/a,4.99s < 5.0
1292,./audio/1292.wav,./audio/ref_voice/alienkevin.wav,蒜香炒牛柳，外面咔嚓一声caramelized，inside要medium rare，口感simple extraordinary！,6.912,kept,train,"6.91s in [5.0, 30.0]"
1293,./audio/1293.wav,./audio/ref_voice/alienkevin.wav,亦有百花饼，核桃，花生，枣泥，sweet and crunchy，实在满足！,4.5867,too_short,n/a,4.59s < 5.0
1294,./audio/1294.wav,./audio/ref_voice/alienkevin.wav,夜宵时间喝杯hot milk tea，配个芝士蛋挞，好嘅moment just like this！,4.971,too_short,n/a,4.97s < 5.0
1295,./audio/1295.wav,./audio/ref_voice/alienkevin.wav,试紫菜蛋花汤，滚烫热骚，滑蛋，fresh seafood，好嘅start of a meal！,6.208,kept,train,"6.21s in [5.0, 30.0]"
1296,./audio/1296.wav,./audio/ref_voice/alienkevin.wav,鱼香肉丝，酸甜口，跟香白米饭absolute match，热气腾腾，直播开feel！,5.8454,kept,train,"5.85s in [5.0, 30.0]"
1297,./audio/1297.wav,./audio/ref_voice/alienkevin.wav,喺Spain嘅Barcelona，睇過嘅Sagrada Familia，真係一種amazing嘅architectural masterpiece！,8.512,kept,train,"8.51s in [5.0, 30.0]"
1298,./audio/1298.wav,./audio/ref_voice/alienkevin.wav,喺Italy嘅Venice，乘過嘅gondola，享受到嘅係一種unique嘅water city experience！,7.9787,kept,train,"7.98s in [5.0, 30.0]"
1299,./audio/1299.wav,./audio/ref_voice/alienkevin.wav,喺Japan嘅Tokyo，行過嘅Shibuya crossing，真係一種heart-pumping嘅urban rush！,6.2507,kept,train,"6.25s in [5.0, 30.0]"
1300,./audio/1300.wav,./audio/ref_voice/alienkevin.wav,喺US嘅New York，睇過嘅Times Square，係一種mesmerizing嘅city lights display！,5.504,kept,train,"5.50s in [5.0, 30.0]"
1301,./audio/1301.wav,./audio/ref_voice/alienkevin.wav,喺France嘅Paris，攞過嘅Eiffel Tower selfie，真係一種iconic嘅travel memory！,5.9307,kept,train,"5.93s in [5.0, 30.0]"
1302,./audio/1302.wav,./audio/ref_voice/alienkevin.wav,喺Egypt嘅Giza，睇過嘅Pyramids，係一種awe-inspiring嘅ancient marvel！,4.864,too_short,n/a,4.86s < 5.0
1303,./audio/1303.wav,./audio/ref_voice/alienkevin.wav,喺UK嘅London，搭過嘅London Eye，係一種spectacular嘅city view experience！,4.9067,too_short,n/a,4.91s < 5.0
1304,./audio/1304.wav,./audio/ref_voice/alienkevin.wav,喺Australia嘅Great Barrier Reef，潜水過，真係一個unforgettable嘅marine adventure！,5.3547,kept,train,"5.35s in [5.0, 30.0]"
1305,./audio/1305.wav,./audio/ref_voice/alienkevin.wav,喺India嘅Agra，見過嘅Taj Mahal，係一種stunning嘅monument of love！,4.4374,too_short,n/a,4.44s < 5.0
1306,./audio/1306.wav,./audio/ref_voice/alienkevin.wav,喺China嘅Great Wall，行過，真係一種exhilarating嘅historical journey！,6.3574,kept,train,"6.36s in [5.0, 30.0]"
1307,./audio/1307.wav,./audio/ref_voice/alienkevin.wav,我鍾意每日跟freelance project抖一抖，將creativity發揮到極致，感覺真係好achieve.,5.6107,kept,train,"5.61s in [5.0, 30.0]"
1308,./audio/1308.wav,./audio/ref_voice/alienkevin.wav,我最love去嘅旅運目的地就係Japan，佢那種unique的culture令我感到好intrigued.,5.5894,kept,train,"5.59s in [5.0, 30.0]"
1309,./audio/1309.wav,./audio/ref_voice/alienkevin.wav,如果你問我喜不喜歡做yoga，我會話你我每日都會spend一小時在家練習，好欣賞佢帶來嘅relaxation.,6.3787,kept,eval,"6.38s in [5.0, 30.0]"
1310,./audio/1310.wav,./audio/ref_voice/alienkevin.wav,我最期待嘅event係Music Festival，每一年我都會買ticket去欣賞嗰現場嘅live performance.,6.8267,kept,train,"6.83s in [5.0, 30.0]"
1311,./audio/1311.wav,./audio/ref_voice/alienkevin.wav,"夜晚我鍾意去rooftop bar, 聽下live band, 偶而仲會have a few dance moves.”",4.6507,too_short,n/a,4.65s < 5.0
1312,./audio/1312.wav,./audio/ref_voice/alienkevin.wav,當我有eureka moment嘅時候，我就會好excited，即刻開始sketch嘅創作進程.,4.992,too_short,n/a,4.99s < 5.0
1313,./audio/1313.wav,./audio/ref_voice/alienkevin.wav,喺Netflix發現新show好似尋到寶貝咁，令我overwhelmed嘅喜悅會令我好難去describe。”,5.76,kept,train,"5.76s in [5.0, 30.0]"
1314,./audio/1314.wav,./audio/ref_voice/alienkevin.wav,我好appreciate Hong Kong嘅Street Art，有時候仲會進行photography去capture佢地嘅essence。,4.672,too_short,n/a,4.67s < 5.0
1315,./audio/1315.wav,./audio/ref_voice/alienkevin.wav,我鍾意去book club share我讀book嘅insight，同樣地聽其他人嘅opinion都好inspiring。,6.0587,kept,train,"6.06s in [5.0, 30.0]"
1316,./audio/1316.wav,./audio/ref_voice/alienkevin.wav,我moment我都會喺social media post我嘅sketch，學習欣賞自己嘅artistic expression。,4.8,too_short,n/a,4.80s < 5.0
1317,./audio/1317.wav,./audio/ref_voice/alienkevin.wav,跑步唔单止可以做cardio，都可以有助於我哋嘅heart health，同時都可以burn calories。,4.736,too_short,n/a,4.74s < 5.0
1318,./audio/1318.wav,./audio/ref_voice/alienkevin.wav,如果你想減肥，可以try out intermittent fasting或者low carbs diet，但最重要嘅係maintain一個healthy li…,9.579,kept,train,"9.58s in [5.0, 30.0]"
1319,./audio/1319.wav,./audio/ref_voice/alienkevin.wav,玩basketball 可以train到我哋嘅coordination同team work，又可以做為一種stress relief。,5.2907,kept,train,"5.29s in [5.0, 30.0]"
1320,./audio/1320.wav,./audio/ref_voice/alienkevin.wav,慢跑係一種很好嘅 low-impact exercise，適合所有年齡層嘅人。,4.48,too_short,n/a,4.48s < 5.0
1321,./audio/1321.wav,./audio/ref_voice/alienkevin.wav,瑜珈可以幫助我哋的flexibility和balance，而且可以幫助我哋relax和reduce stress。,4.672,too_short,n/a,4.67s < 5.0
1322,./audio/1322.wav,./audio/ref_voice/alienkevin.wav,如果要improve咁嘅physical fitness，可以regular咁去gym或者自己做home workout。,4.5654,too_short,n/a,4.57s < 5.0
1323,./audio/1323.wav,./audio/ref_voice/alienkevin.wav,打羽毛球可以train到我哋其中眼手協調力同body agility，都係一個非常好嘅cardio workout。,6.144,kept,train,"6.14s in [5.0, 30.0]"
1324,./audio/1324.wav,./audio/ref_voice/alienkevin.wav,跳繩其實係一個很好嘅cardio exercise，可以有助我哋burn calories同时係一個full body workout。,5.1414,kept,train,"5.14s in [5.0, 30.0]"
1325,./audio/1325.wav,./audio/ref_voice/alienkevin.wav,做pilates會幫你togther嘅core strength，同时係一種低衝擊嘅運動，非常適合初學者。,6.272,kept,train,"6.27s in [5.0, 30.0]"
1326,./audio/1326.wav,./audio/ref_voice/alienkevin.wav,推拿游泳不只可以係一個great cardio，仲可以train咁我哋嘅endurance。,4.7147,too_short,n/a,4.71s < 5.0
1327,./audio/1327.wav,./audio/ref_voice/alienkevin.wav,香港嘅housing crisis 成日都無改善，我哋需要introduce更多有力嘅policies去解決。,5.1414,kept,eval,"5.14s in [5.0, 30.0]"
1328,./audio/1328.wav,./audio/ref_voice/alienkevin.wav,香港嘅education system create 太多嘅pressure，需要嘗試implement更balanced嘅approach。,4.8214,too_short,n/a,4.82s < 5.0
1329,./audio/1329.wav,./audio/ref_voice/alienkevin.wav,香港嘅youth unemployment率成日上升，政府需要開發skill training programs去幫助青年人。,5.632,kept,train,"5.63s in [5.0, 30.0]"
1330,./audio/1330.wav,./audio/ref_voice/alienkevin.wav,香港人口ageing問題日益嚴重，社會福利提升嘅壓力大增，需要effective solution去應對。,5.1414,kept,train,"5.14s in [5.0, 30.0]"
1331,./audio/1331.wav,./audio/ref_voice/alienkevin.wav,香港嘅public healthcare system 經常overwhelming，要加強提升其efficiency。,4.7147,too_short,n/a,4.71s < 5.0
1332,./audio/1332.wav,./audio/ref_voice/alienkevin.wav,香港嘅waste management 要更具sustainability，我哋需要promote減少浪費和recycling。,4.16,too_short,n/a,4.16s < 5.0
1333,./audio/1333.wav,./audio/ref_voice/alienkevin.wav,香港嘅public transport system 需要更多嘅improvements去減低congestion。,3.6267,too_short,n/a,3.63s < 5.0
1334,./audio/1334.wav,./audio/ref_voice/alienkevin.wav,香港經常發生landslides，要開發更有效嘅prevention measures。,4.288,too_short,n/a,4.29s < 5.0
1335,./audio/1335.wav,./audio/ref_voice/alienkevin.wav,香港嘅E-commerce 發展得好快，傳統嘅retail industry 面對咗巨大壓力。,4.1174,too_short,n/a,4.12s < 5.0
1336,./audio/1336.wav,./audio/ref_voice/alienkevin.wav,香港嘅climate change問題越來越嚴重，我哋需要做出real action去應對。,4.288,too_short,n/a,4.29s < 5.0
1337,./audio/1337.wav,./audio/ref_voice/alienkevin.wav,香港嘅social security system 需要reform，以保障所有嘅citizens。,5.7387,kept,train,"5.74s in [5.0, 30.0]"
1338,./audio/1338.wav,./audio/ref_voice/alienkevin.wav,我對Zara嘅新一季collection好感興趣，馬上online shopping去選幾件好啲!,5.568,kept,train,"5.57s in [5.0, 30.0]"
1339,./audio/1339.wav,./audio/ref_voice/alienkevin.wav,個friend介紹我去Gucci買新款handbag，佢說我著住會好靚，好心動咁！,4.9067,too_short,n/a,4.91s < 5.0
1340,./audio/1340.wav,./audio/ref_voice/alienkevin.wav,"H&M嘅discount season開始啦，打算買幾條jeans及T-shirt,真係唔可以錯過咁啲大offer！",5.5894,kept,train,"5.59s in [5.0, 30.0]"
1341,./audio/1341.wav,./audio/ref_voice/alienkevin.wav,今日去了Farmers market買左好多新鮮嘅生果同蔬菜，真係好實惠，好開心咁！,5.248,kept,train,"5.25s in [5.0, 30.0]"
1342,./audio/1342.wav,./audio/ref_voice/alienkevin.wav,試左一枝Estée Lauder嘅新款perfume，簡直係愛上佢嘅香味，決定買返部落去！,5.4187,kept,train,"5.42s in [5.0, 30.0]"
1343,./audio/1343.wav,./audio/ref_voice/alienkevin.wav,Uniqlo嘅Heattech衫新色出咗，準備買幾件應付寒冬，保暖又時尚咁！,5.696,kept,train,"5.70s in [5.0, 30.0]"
1344,./audio/1344.wav,./audio/ref_voice/alienkevin.wav,下星期要去Michael Kors睇下佢哋嘅新款鞋子，聽說款式同設計都好fashionable!,5.2054,kept,train,"5.21s in [5.0, 30.0]"
1345,./audio/1345.wav,./audio/ref_voice/alienkevin.wav,今日去了Adidas，買左對Ultra Boost嘅運動鞋，著落去就好舒服，好喜歡咁！,5.3974,kept,train,"5.40s in [5.0, 30.0]"
1346,./audio/1346.wav,./audio/ref_voice/alienkevin.wav,昨晚喺Sephora買left好多嘅化妝品，包括Urban Decay嘅眼影palette ，MAC嘅唇膏，真係好滿意咁！,9.088,kept,train,"9.09s in [5.0, 30.0]"
1347,./audio/1347.wav,./audio/ref_voice/alienkevin.wav,我喺Apple store買咗新款iPhone，感覺好好，用得都好開心咁！,4.0107,too_short,n/a,4.01s < 5.0
1348,./audio/1348.wav,./audio/ref_voice/alienkevin.wav,有時候我哋會覺得學習嘅過程緊張anxious，但實際上呢種experience可以幫我哋改善自己，提升對knowledge嘅吸收。,7.6587,kept,train,"7.66s in [5.0, 30.0]"
1349,./audio/1349.wav,./audio/ref_voice/alienkevin.wav,唔值得把自己limit在一種學習方法度，be flexible，揾出最適合自己嘅方式。,5.2054,kept,train,"5.21s in [5.0, 30.0]"
1350,./audio/1350.wav,./audio/ref_voice/alienkevin.wav,學習唔係一個short-term嘅event，而係一種ongoing嘅過程，所以唔好rush，需要個定嘅時間去assimilate新嘅information。,8.6827,kept,train,"8.68s in [5.0, 30.0]"
1351,./audio/1351.wav,./audio/ref_voice/alienkevin.wav,咪計較fail，界儕嘅pressure喺學習嘅過程中係一個factor，但細心思量哩條road，係自己一個人嘅journey。,8.96,kept,train,"8.96s in [5.0, 30.0]"
1352,./audio/1352.wav,./audio/ref_voice/alienkevin.wav,Remember嘅嘢多唔代表學得好，重要嘅係understand同去apply所學嘅知識。,5.888,kept,train,"5.89s in [5.0, 30.0]"
1353,./audio/1353.wav,./audio/ref_voice/alienkevin.wav,經常exercise可以提高focus，令我哋學到更多嘅knowledge。,4.8,too_short,n/a,4.80s < 5.0
1354,./audio/1354.wav,./audio/ref_voice/alienkevin.wav,唔好怕challenge自己，學習新嘅技能非常valuable，可以expand我哋嘅視野。,5.248,kept,train,"5.25s in [5.0, 30.0]"
1355,./audio/1355.wav,./audio/ref_voice/alienkevin.wav,學習唔係關於創造一個perfect嘅結果，而係做個continuous improvement。,4.395,too_short,n/a,4.39s < 5.0
1356,./audio/1356.wav,./audio/ref_voice/alienkevin.wav,無論讀幾多書，都係experience會教曬你，唔好怕explore新嘅地方和了解新嘅事物。,5.9094,kept,train,"5.91s in [5.0, 30.0]"
1357,./audio/1357.wav,./audio/ref_voice/alienkevin.wav,"唔好focus太多喺result，而係要擁抱學習過程中嘅mistakes同failure，因為邊個又能一次過做到最好呢?"" ",7.9147,kept,train,"7.91s in [5.0, 30.0]"
1358,./audio/1358.wav,./audio/ref_voice/alienkevin.wav,唔好怕問，curiosity就係學習嘅開始，只有問出問題，先會喺答案中找到enlightenment。,6.592,kept,train,"6.59s in [5.0, 30.0]"
1359,./audio/1359.wav,./audio/ref_voice/alienkevin.wav,Planning ahead真系好重要，一日之计在於morning，set up你的working plan幫助你more focused喺tasks上面。,6.3147,kept,train,"6.31s in [5.0, 30.0]"
1360,./audio/1360.wav,./audio/ref_voice/alienkevin.wav,Teamwork係件好事，大家都需要cooperate，咁先能達到the best results。,4.7787,too_short,n/a,4.78s < 5.0
1361,./audio/1361.wav,./audio/ref_voice/alienkevin.wav,Communication skills系工作中好重要嘅一部分，俾到你express ideas清楚和efficient嘅進行work discussions。,7.2534,kept,train,"7.25s in [5.0, 30.0]"
1362,./audio/1362.wav,./audio/ref_voice/alienkevin.wav,Problem-solving skills可以幫你overcome challenges，透過rational thinking同埋creative solu…,8.256,kept,train,"8.26s in [5.0, 30.0]"
1363,./audio/1363.wav,./audio/ref_voice/alienkevin.wav,Continuous learning係職場上真系好critical，stay updated並且always improving你self能力，可以有more…,9.8987,kept,train,"9.90s in [5.0, 30.0]"
1364,./audio/1364.wav,./audio/ref_voice/alienkevin.wav,Work-life balance係要保持嘅，無論working performance有幾好，都唔好忽視你的personal well-being同埋fami…,7.7867,kept,train,"7.79s in [5.0, 30.0]"
1365,./audio/1365.wav,./audio/ref_voice/alienkevin.wav,Attention to detail好重要，being meticulous能保證你的work quality並且avoid unnecessary mist…,7.872,kept,train,"7.87s in [5.0, 30.0]"
1366,./audio/1366.wav,./audio/ref_voice/alienkevin.wav,Take responsibility对自己的actions，discovering你自己的strengths and weaknesses，然后improve…,8.0,kept,train,"8.00s in [5.0, 30.0]"
1367,./audio/1367.wav,./audio/ref_voice/alienkevin.wav,Adapting to change係今个rapidly evolving 环境嘅重要能力，learning新嘅skills同長期keep positive嘅士…,9.6,kept,train,"9.60s in [5.0, 30.0]"
1368,./audio/1368.wav,./audio/ref_voice/alienkevin.wav,Decision-making能力可以幫助你喺multiple options中揀選最appropriate的一个，并且係timely manner下面進行，以…,11.7334,kept,eval,"11.73s in [5.0, 30.0]"
1369,./audio/1369.wav,./audio/ref_voice/alienkevin.wav,Mood真系好dependence天气，sky gray gray我都feel悶。,7.0821,kept,train,"7.08s in [5.0, 30.0]"
1370,./audio/1370.wav,./audio/ref_voice/alienkevin.wav,Morning起身先到觉得cold，想埋在blanket落唔想出门。,5.9908,kept,eval,"5.99s in [5.0, 30.0]"
1371,./audio/1371.wav,./audio/ref_voice/alienkevin.wav,热浪又来咗，係时候on住air con，去hike都lazy翻。,7.9877,kept,train,"7.99s in [5.0, 30.0]"
1372,./audio/1372.wav,./audio/ref_voice/alienkevin.wav,天气forecast又讲噤可能会有thunderstorm，真心唔希望放工时间遇上。,7.5001,kept,train,"7.50s in [5.0, 30.0]"
1373,./audio/1373.wav,./audio/ref_voice/alienkevin.wav,天公伯唔作靓，连假日都要煲drama喺house里面，outdoor活动cancel晒。,8.5218,kept,train,"8.52s in [5.0, 30.0]"
1374,./audio/1374.wav,./audio/ref_voice/alienkevin.wav,搭ferry去central，海面上佈满white clouds，真是nice weather喎。,6.7802,kept,train,"6.78s in [5.0, 30.0]"
1375,./audio/1375.wav,./audio/ref_voice/alienkevin.wav,天文台话今晚可能会visible好靓嘅moonlight，希望唔会有cloud cover。,8.2663,kept,train,"8.27s in [5.0, 30.0]"
1376,./audio/1376.wav,./audio/ref_voice/alienkevin.wav,今朝醒咗起身，feel一股秋意，原来summer已经走咗。,6.8035,kept,train,"6.80s in [5.0, 30.0]"
1377,./audio/1377.wav,./audio/ref_voice/alienkevin.wav,今日嘅high温度係33°C，低温度係25°C，humidity高达90%，真係tropical climate。,12.6317,kept,train,"12.63s in [5.0, 30.0]"
1378,./audio/1378.wav,./audio/ref_voice/alienkevin.wav,每次见到rainbow都好happy，feel luck会来。,5.0852,kept,eval,"5.09s in [5.0, 30.0]"
1379,./audio/1379.wav,./audio/ref_voice/alienkevin.wav,Wind好大，umbrella都hold唔住，竟然要fight against nature。,6.9428,kept,train,"6.94s in [5.0, 30.0]"
1380,./audio/1380.wav,./audio/ref_voice/alienkevin.wav,皮蛋瘦肉粥，滑滑地，精肉，thick and creamy，一碗下肚，你就refresh咗！,8.4289,kept,train,"8.43s in [5.0, 30.0]"
1381,./audio/1381.wav,./audio/ref_voice/alienkevin.wav,试下这个香煎鳕鱼，golden brown and crispy，汁水足，味道恰到好处，你会love it的！,9.7988,kept,train,"9.80s in [5.0, 30.0]"
1382,./audio/1382.wav,./audio/ref_voice/alienkevin.wav,Chilli crab必须试，spicy and tangy，肉质鲜美，每一口都是a burst of flavour！,7.5232,kept,train,"7.52s in [5.0, 30.0]"
1383,./audio/1383.wav,./audio/ref_voice/alienkevin.wav,来个杏仁豆腐dessert，口感smooth，almond的香味，是perfect end to 阵食嘅！,10.1704,kept,train,"10.17s in [5.0, 30.0]"
1384,./audio/1384.wav,./audio/ref_voice/alienkevin.wav,我地一齐去试下那个signature dish，海南鸡饭，既简单又美味，a true classic！,8.0573,kept,train,"8.06s in [5.0, 30.0]"
1385,./audio/1385.wav,./audio/ref_voice/alienkevin.wav,试下这个烧鹅，皮脆肉滑，咸鲜适中，definitely a must-try！,8.545,kept,train,"8.54s in [5.0, 30.0]"
1386,./audio/1386.wav,./audio/ref_voice/alienkevin.wav,想饮杯街边freshly squeezed果汁，手工作，natural goodness，keep you energised整天！,9.6363,kept,train,"9.64s in [5.0, 30.0]"
1387,./audio/1387.wav,./audio/ref_voice/alienkevin.wav,试下这个糖醋排骨，sweet and sour blitz，满口香甜，you'll be coming back for more！,8.1966,kept,train,"8.20s in [5.0, 30.0]"
1388,./audio/1388.wav,./audio/ref_voice/alienkevin.wav,港式奶茶，strong and milky，配油条，是早晨的perfect combo！,7.5001,kept,train,"7.50s in [5.0, 30.0]"
1389,./audio/1389.wav,./audio/ref_voice/alienkevin.wav,不如我们试下酱爆鸡肝，satisfyingly spicy，满口umami，你会crave for it的！,9.219,kept,train,"9.22s in [5.0, 30.0]"
1390,./audio/1390.wav,./audio/ref_voice/alienkevin.wav,"喺Italy嘅Rome, 實驗過嘅Colosseum, 真係凄美stunning嘅amphitheatre！",9.3576,kept,eval,"9.36s in [5.0, 30.0]"
1391,./audio/1391.wav,./audio/ref_voice/alienkevin.wav,"喺France嘅Paris, 瞧見嘅Eiffel Tower, 真係令人impressive嘅architectural marvel！",10.1704,kept,train,"10.17s in [5.0, 30.0]"
1392,./audio/1392.wav,./audio/ref_voice/alienkevin.wav,"喺Japan嘅Kyoto, 遊走過嘅Golden Pavilion, 都係一種breath-taking嘅zen beauty！",10.1704,kept,eval,"10.17s in [5.0, 30.0]"
1393,./audio/1393.wav,./audio/ref_voice/alienkevin.wav,"喺China嘅Beijing, 行遍嘅Great Wall, 明白呢個嘅symbol of resilience and strength！",10.2865,kept,train,"10.29s in [5.0, 30.0]"
1394,./audio/1394.wav,./audio/ref_voice/alienkevin.wav,喺Australia嘅Sydney，看過嘅Opera House，簡直係一種iconic嘅architectural masterpiece！,11.7261,kept,train,"11.73s in [5.0, 30.0]"
1395,./audio/1395.wav,./audio/ref_voice/alienkevin.wav,"喺UK嘅London, 探訪過嘅British Museum, 絕對係a treasure trove嘅history and culture！",9.4738,kept,train,"9.47s in [5.0, 30.0]"
1396,./audio/1396.wav,./audio/ref_voice/alienkevin.wav,"喺Greece嘅Athens, 登高望遠嘅Acropolis, 其實係one-of-a-kind嘅historic cityscape。",10.6348,kept,train,"10.63s in [5.0, 30.0]"
1397,./audio/1397.wav,./audio/ref_voice/alienkevin.wav,"喺Malaysia嘅Kuala Lumpur, 觀看過嘅Petronas Twin Towers, 都是驚艷嘅modern architecture！",12.98,kept,train,"12.98s in [5.0, 30.0]"
1398,./audio/1398.wav,./audio/ref_voice/alienkevin.wav,"喺Canada嘅Banff, 驚歎過嘅Rocky Mountains, 真係amazing嘅natural grandeur！",9.0326,kept,train,"9.03s in [5.0, 30.0]"
1399,./audio/1399.wav,./audio/ref_voice/alienkevin.wav,"喺Singapore嘅Marina Bay, 攝影過嘅Gardens by the Bay, 系一個eco-friendly嘅urban oasis！",11.055,kept,eval,"11.05s in [5.0, 30.0]"
1400,./audio/1400.wav,./audio/ref_voice/alienkevin.wav,我呢度chill out啲時候，我好鍾意去喺Netflix睇下drama series，relax下自己嘅mind。,11.192,kept,train,"11.19s in [5.0, 30.0]"
1401,./audio/1401.wav,./audio/ref_voice/alienkevin.wav,"我諗返，每周我都會去cinema, 放鬆下自己，睇下最新嘅blockbuster movie。",10.0542,kept,train,"10.05s in [5.0, 30.0]"
1402,./audio/1402.wav,./audio/ref_voice/alienkevin.wav,"之後呢，我好enjoy去karaoke night, 跟埋friend sing一sing我地最鐘意嘅songs。”",8.6146,kept,train,"8.61s in [5.0, 30.0]"
1403,./audio/1403.wav,./audio/ref_voice/alienkevin.wav,"雖然我唔會太運動，但我好鍾意睇football match, support下我地嘅local team。",9.1951,kept,train,"9.20s in [5.0, 30.0]"
1404,./audio/1404.wav,./audio/ref_voice/alienkevin.wav,"有時候我會去music concert, 體驗下live performance帶比我嘅感覺。",7.5001,kept,train,"7.50s in [5.0, 30.0]"
1405,./audio/1405.wav,./audio/ref_voice/alienkevin.wav,我成日喺YouTube explore下新嘅music videos，keep我self updated.,7.7091,kept,train,"7.71s in [5.0, 30.0]"
1406,./audio/1406.wav,./audio/ref_voice/alienkevin.wav,"“週末我好enjoy去的outdoor festival，聽下live music, 享受下太陽同新鮮空氣。”",9.079,kept,train,"9.08s in [5.0, 30.0]"
1407,./audio/1407.wav,./audio/ref_voice/alienkevin.wav,放假嘅時候，我鍾意去附近嘅theme park，享受下roller coaster同其他exciting rides同遊戲。,10.5883,kept,train,"10.59s in [5.0, 30.0]"
1408,./audio/1408.wav,./audio/ref_voice/alienkevin.wav,我好喜歡喺spare time去漫畫呢種既comic shop，翻翻新嘅graphic novels同collect我最鐘意嘅manga。,15.2555,kept,train,"15.26s in [5.0, 30.0]"
1409,./audio/1409.wav,./audio/ref_voice/alienkevin.wav,"每年我都會期待嘅就係去pop culture conventions，見下我嘅favourite celebrities,買下心頭好嘅merchandise。”",17.139,kept,train,"17.14s in [5.0, 30.0]"
1410,./audio/1410.wav,./audio/ref_voice/alienkevin.wav,香港有好多hiking路線，可以讓你同時欣賞大自然嘅美麗同埋練習endurance。,8.7075,kept,train,"8.71s in [5.0, 30.0]"
1411,./audio/1411.wav,./audio/ref_voice/alienkevin.wav,Yoga對於改善flexibility同mental focus有得著，好多office worker都以此為解壓方式。,12.3298,kept,train,"12.33s in [5.0, 30.0]"
1412,./audio/1412.wav,./audio/ref_voice/alienkevin.wav,做Gym workout唔單止可以塑造我哋嘅body shape，仲可以提升我哋嘅metabolism速度。,11.1224,kept,train,"11.12s in [5.0, 30.0]"
1413,./audio/1413.wav,./audio/ref_voice/alienkevin.wav,乒乓ball係一種配合speed and strategy嘅運動，喺亞洲地區尤其受歡迎。,9.615,kept,train,"9.61s in [5.0, 30.0]"
1414,./audio/1414.wav,./audio/ref_voice/alienkevin.wav,喺跑步機上跑步可以有效咁control你嘅pace，亦都可以無視天氣因素。,9.288,kept,train,"9.29s in [5.0, 30.0]"
1415,./audio/1415.wav,./audio/ref_voice/alienkevin.wav,如果你想練習balance，可以試下stand-up paddleboarding，除左運動之外仲可以欣賞水面嘅風景。,10.124,kept,train,"10.12s in [5.0, 30.0]"
1416,./audio/1416.wav,./audio/ref_voice/alienkevin.wav,喺hot weather時段，游泳可以幫助cool down我哋嘅身體，亦都係一種full-body workout。,12.3763,kept,train,"12.38s in [5.0, 30.0]"
1417,./audio/1417.wav,./audio/ref_voice/alienkevin.wav,做HIIT (High Intensity Interval Training) 可以縮短你嘅workout time，但同時keep到高度熱身。,6.4551,kept,train,"6.46s in [5.0, 30.0]"
1418,./audio/1418.wav,./audio/ref_voice/alienkevin.wav,喺公園玩frisbee既可以嘆新鮮空氣，又可以提升hand-eye coordination。,8.5914,kept,train,"8.59s in [5.0, 30.0]"
1419,./audio/1419.wav,./audio/ref_voice/alienkevin.wav,如果你想練習strength和flexibility，gymnastics會係個好選擇，雖然有一定嘅難度但練習成果一目了然。,13.0264,kept,eval,"13.03s in [5.0, 30.0]"
1420,./audio/1420.wav,./audio/ref_voice/alienkevin.wav,香港教育系統內嘅high pressure環境已經導致左好多學生mental health問題，我哋需要立即take action去改變現狀。,13.1193,kept,eval,"13.12s in [5.0, 30.0]"
1421,./audio/1421.wav,./audio/ref_voice/alienkevin.wav,香港嘅property prices持續上升，實在unaffordable。政府應該針對住房問題提供long-term solution。,11.7261,kept,train,"11.73s in [5.0, 30.0]"
1422,./audio/1422.wav,./audio/ref_voice/alienkevin.wav,香港downtown空氣污染程度己取得some progress但我哋仍需努力改善air quality，要爭取sustainable future。,15.6038,kept,train,"15.60s in [5.0, 30.0]"
1423,./audio/1423.wav,./audio/ref_voice/alienkevin.wav,所謂freedom of speech在香港越來越被限制，我哋需要更多嘅civic engagement去保護我哋嘅基本權利。,12.423,kept,train,"12.42s in [5.0, 30.0]"
1424,./audio/1424.wav,./audio/ref_voice/alienkevin.wav,香港醫療系統嚴重over-crowded，特別係public hospitals。我哋需要更多資源去support佢哋，同時要研究咩係最實際嘅solution。,14.5357,kept,train,"14.54s in [5.0, 30.0]"
1425,./audio/1425.wav,./audio/ref_voice/alienkevin.wav,香港嘅youth unemployment率持續上升，我哋必須provide立即嘅就業援助，並為佢哋提供更多career opportunities。,17.9955,kept,train,"18.00s in [5.0, 30.0]"
1426,./audio/1426.wav,./audio/ref_voice/alienkevin.wav,無線網絡覆蓋率在一部分香港社區仲未夠sufficient，我哋需要invest in更先進嘅數據傳輸技術，以確保所有市民可以access internets。,19.4351,kept,train,"19.44s in [5.0, 30.0]"
1427,./audio/1427.wav,./audio/ref_voice/alienkevin.wav,香港住宅短缺問題引起咗住宅租金soar，政府應該take immediate action去提供affordable homes。,12.8639,kept,train,"12.86s in [5.0, 30.0]"
1428,./audio/1428.wav,./audio/ref_voice/alienkevin.wav,塑膠垃圾在香港嘅waste management問題中佔咗重要角色，大家應該start to use reusable bags，以免地球變嚟變去繼續受到嚴重嘅…,19.2958,kept,train,"19.30s in [5.0, 30.0]"
1429,./audio/1429.wav,./audio/ref_voice/alienkevin.wav,香港有好多talented individuals，但市場上嘅equal opportunities仲未足夠，政府需要俾一個公平競爭嘅environment。,16.6023,kept,train,"16.60s in [5.0, 30.0]"
1430,./audio/1430.wav,./audio/ref_voice/alienkevin.wav,呢間Zara嘅秋冬系列真係好特別，design感超強，已經keep住一條裙啦！,9.6595,kept,train,"9.66s in [5.0, 30.0]"
1431,./audio/1431.wav,./audio/ref_voice/alienkevin.wav,我們要啱啱去咗邊間Apple Store買咗部最新嘅iPhone，好易用，好喜歡！,9.915,kept,eval,"9.91s in [5.0, 30.0]"
1432,./audio/1432.wav,./audio/ref_voice/alienkevin.wav,最近新開咗間Nike outlet，減價嘅運動鞋好吸引！等下擺工我哋可以去行下。,11.4243,kept,train,"11.42s in [5.0, 30.0]"
1433,./audio/1433.wav,./audio/ref_voice/alienkevin.wav,H&M嘅百搭T-shirt出新款了，自由搭配超風格。下班後我哋一齊去揀吓啦！,10.4722,kept,eval,"10.47s in [5.0, 30.0]"
1434,./audio/1434.wav,./audio/ref_voice/alienkevin.wav,週末有空嘅話我哋可以上去DFS買下免稅品，聽說Burberry有新品推出，好期待啊！,12.771,kept,train,"12.77s in [5.0, 30.0]"
1435,./audio/1435.wav,./audio/ref_voice/alienkevin.wav,去年聖誕節嗰次喺Harrods買嘅chocolate太好食，我今年打算再買多幾盒送禮。,10.1007,kept,train,"10.10s in [5.0, 30.0]"
1436,./audio/1436.wav,./audio/ref_voice/alienkevin.wav,聽說Starbucks嘅限量杯子新款出咗，今晚嗰陣見面時一齊去睇下啦。,10.1936,kept,train,"10.19s in [5.0, 30.0]"
1437,./audio/1437.wav,./audio/ref_voice/alienkevin.wav,我今日喺DFS買咗個Gucci嘅手袋，design好新穎，係個好好嘅investment piece!,13.0496,kept,train,"13.05s in [5.0, 30.0]"
1438,./audio/1438.wav,./audio/ref_voice/alienkevin.wav,快去Superdry睇下，佢嘅新冬季衛衣出咗，保暖同時又好型！,6.5713,kept,train,"6.57s in [5.0, 30.0]"
1439,./audio/1439.wav,./audio/ref_voice/alienkevin.wav,朋友介紹咗間Topshop給我，佢嘅裙款同牛仔褲都超fashionable，簡直要buy它倆！,13.3051,kept,train,"13.31s in [5.0, 30.0]"
1440,./audio/1440.wav,./audio/ref_voice/alienkevin.wav,唔該respect自己嘅pace，學習嘅journey唔係一場race。,7.2911,kept,train,"7.29s in [5.0, 30.0]"
1441,./audio/1441.wav,./audio/ref_voice/alienkevin.wav,記住唔好怕make mistakes，做錯咪即刻correct就得。,7.2911,kept,train,"7.29s in [5.0, 30.0]"
1442,./audio/1442.wav,./audio/ref_voice/alienkevin.wav,無論考試嘅result如何，最重要嘅係你吸收咗幾多knowledge。,6.7802,kept,train,"6.78s in [5.0, 30.0]"
1443,./audio/1443.wav,./audio/ref_voice/alienkevin.wav,唔好因為failure而放棄，每個challenge都可以幫助你成長。,5.8979,kept,train,"5.90s in [5.0, 30.0]"
1444,./audio/1444.wav,./audio/ref_voice/alienkevin.wav,學習嘅時候諗諗positive thoughts，你可以做到嘅！,5.3871,kept,train,"5.39s in [5.0, 30.0]"
1445,./audio/1445.wav,./audio/ref_voice/alienkevin.wav,唔好浪費時間喺compare自己同其他人，咁樣只會降低你嘅self-confidence。,8.545,kept,train,"8.54s in [5.0, 30.0]"
1446,./audio/1446.wav,./audio/ref_voice/alienkevin.wav,唔好overstress自己，deal嘅好啲，學習嘅心情就好啲。,8.1037,kept,train,"8.10s in [5.0, 30.0]"
1447,./audio/1447.wav,./audio/ref_voice/alienkevin.wav,咁focus咗喺goal嗰度，揾唔到happy嚟學習會變得好困難。,7.9645,kept,train,"7.96s in [5.0, 30.0]"
1448,./audio/1448.wav,./audio/ref_voice/alienkevin.wav,如果你feel lost，記得問問題，唔怕問嘅人終會變得更加smart。,8.0573,kept,eval,"8.06s in [5.0, 30.0]"
1449,./audio/1449.wav,./audio/ref_voice/alienkevin.wav,毋須追求perfect，只要做自己嘅best就好啦。,5.5031,kept,train,"5.50s in [5.0, 30.0]"
1450,./audio/1450.wav,./audio/ref_voice/alienkevin.wav,Time management係做工都好重要嘅一部分，可帮你把握时间，避免延迟交deliverables。,12.4691,kept,train,"12.47s in [5.0, 30.0]"
1451,./audio/1451.wav,./audio/ref_voice/alienkevin.wav,Teamwork係一個寶貴嘅skill，唔只係幫你建立好嘅work relationships，仲可以學到其他人嘅strengths去improve自己。,13.3747,kept,train,"13.37s in [5.0, 30.0]"
1452,./audio/1452.wav,./audio/ref_voice/alienkevin.wav,Creative thinking可以帮你构建more effective同innovative嘅解決方案，從而提高productivity.,12.6085,kept,train,"12.61s in [5.0, 30.0]"
1453,./audio/1453.wav,./audio/ref_voice/alienkevin.wav,Leadership skills好重要，可以提升team performance，同時建立自己嘅professional reputation.,11.819,kept,train,"11.82s in [5.0, 30.0]"
1454,./audio/1454.wav,./audio/ref_voice/alienkevin.wav,Working under pressure其实也係一項skills，緊張嘅時候仲可以maintain calm和focus，提升效率。,12.819,kept,train,"12.82s in [5.0, 30.0]"
1455,./audio/1455.wav,./audio/ref_voice/alienkevin.wav,Resilience其实係好需要嘅，唔怕失败，同埋懂得從 mistakes中学习嘅能力，都是真正的progress.,11.703,kept,train,"11.70s in [5.0, 30.0]"
1456,./audio/1456.wav,./audio/ref_voice/alienkevin.wav,Networking唔止幫到你搵新嘅opportunities，更可以增加你嘅industry knowledge.,10.8205,kept,train,"10.82s in [5.0, 30.0]"
1457,./audio/1457.wav,./audio/ref_voice/alienkevin.wav,Positive attitude可以帮你更好嘅应对challenges，并可以spreads to你嘅colleagues.,12.8639,kept,train,"12.86s in [5.0, 30.0]"
1458,./audio/1458.wav,./audio/ref_voice/alienkevin.wav,Attention to detail可以提高你嘅工作质量，防止make costly errors.,9.497,kept,train,"9.50s in [5.0, 30.0]"
1459,./audio/1459.wav,./audio/ref_voice/alienkevin.wav,Problem-solving skills可以幫你迎接各種challenges，並同時增加你嘅value for the company.,10.2168,kept,train,"10.22s in [5.0, 30.0]"
1460,./audio/1460.wav,./audio/ref_voice/alienkevin.wav,今日呢，好sunshine喔，幾suitable去hiking。,5.2054,kept,train,"5.21s in [5.0, 30.0]"
1461,./audio/1461.wav,./audio/ref_voice/alienkevin.wav,早上畀雷电惊醒，睇吓窗外雨落落，大gao都wet晒。,9.216,kept,train,"9.22s in [5.0, 30.0]"
1462,./audio/1462.wav,./audio/ref_voice/alienkevin.wav,dry season係度，每日都係blue sky，少d云霜。,6.976,kept,train,"6.98s in [5.0, 30.0]"
1463,./audio/1463.wav,./audio/ref_voice/alienkevin.wav,Charter好空曬，但係唔stop落雨，好low mood呀。,7.68,kept,train,"7.68s in [5.0, 30.0]"
1464,./audio/1464.wav,./audio/ref_voice/alienkevin.wav,乾旱鬼著火甘热，天气brutal咗，冇得户外活动。,9.2587,kept,train,"9.26s in [5.0, 30.0]"
1465,./audio/1465.wav,./audio/ref_voice/alienkevin.wav,天太dark啦，可能要落rain喎。,4.928,too_short,n/a,4.93s < 5.0
1466,./audio/1466.wav,./audio/ref_voice/alienkevin.wav,天气sudden turn咗，翻晒风狗，窗口吹进sand dust，喉咙喉都咽吓痕。,11.4774,kept,train,"11.48s in [5.0, 30.0]"
1467,./audio/1467.wav,./audio/ref_voice/alienkevin.wav,今朝weather forecast話有black rain signal，出门就要带dumbrella啦。,9.024,kept,train,"9.02s in [5.0, 30.0]"
1468,./audio/1468.wav,./audio/ref_voice/alienkevin.wav,阳光好bright，没有gray clouds，一看就知道系nice day啦。,7.8934,kept,train,"7.89s in [5.0, 30.0]"
1469,./audio/1469.wav,./audio/ref_voice/alienkevin.wav,冷到吱吱嘛，hands and feet都冇晒feeling。,6.0587,kept,train,"6.06s in [5.0, 30.0]"
1470,./audio/1470.wav,./audio/ref_voice/alienkevin.wav,"这个牛油果三文鱼沙律super爽口，fresh ingredients，配上特调dressing，爽到爆！"" ",10.0907,kept,train,"10.09s in [5.0, 30.0]"
1471,./audio/1471.wav,./audio/ref_voice/alienkevin.wav,这个波罗地糍粑，soft and chewy，里面甜甜的金丝，eating一下你就会心型开花了！,11.7334,kept,train,"11.73s in [5.0, 30.0]"
1472,./audio/1472.wav,./audio/ref_voice/alienkevin.wav,"龙虾面，麵滑，lobster meaty，弹弹地，topped with golden broth, 一个字，perfect！”",10.5174,kept,train,"10.52s in [5.0, 30.0]"
1473,./audio/1473.wav,./audio/ref_voice/alienkevin.wav,这个糯米鸡，粒粒饱满的sticky rice，配上美美的chicken thigh，一口咬下去，yum到极点！”,11.456,kept,train,"11.46s in [5.0, 30.0]"
1474,./audio/1474.wav,./audio/ref_voice/alienkevin.wav,试试这个焗烤荷兰豆，cheesy and creamy，热量高但好味，吃饭首选！”,9.687,kept,train,"9.69s in [5.0, 30.0]"
1475,./audio/1475.wav,./audio/ref_voice/alienkevin.wav,炭烧汉堡，外面charred and smoky，内里juicy beef patty，让你无法抗拒！”,10.8587,kept,train,"10.86s in [5.0, 30.0]"
1476,./audio/1476.wav,./audio/ref_voice/alienkevin.wav,试下这碗豆花，silky and sweet，配上handmade sugar syrup，甜甜地，good for your mood!”,12.032,kept,train,"12.03s in [5.0, 30.0]"
1477,./audio/1477.wav,./audio/ref_voice/alienkevin.wav,这里的咖啡，strong but balanced，配上香甜的milk foam，让你day start咗！,8.7894,kept,train,"8.79s in [5.0, 30.0]"
1478,./audio/1478.wav,./audio/ref_voice/alienkevin.wav,新鲜的寿司，great combination of rice and fish，轻轻一咬，就能taste到大海的味道！”,12.16,kept,train,"12.16s in [5.0, 30.0]"
1479,./audio/1479.wav,./audio/ref_voice/alienkevin.wav,试试这个芒果西米露，mango fresh and sweet，sago soft and chewy，口感令人pleasant到不得了！,12.8427,kept,train,"12.84s in [5.0, 30.0]"
1480,./audio/1480.wav,./audio/ref_voice/alienkevin.wav,"喺Australia嘅Great Barrier Reef潛水, 就好似喺amazing嘅underwater world咁！",10.176,kept,train,"10.18s in [5.0, 30.0]"
1481,./audio/1481.wav,./audio/ref_voice/alienkevin.wav,"喺Italy嘅Venice, 坐gondola嘅時候會有一種unforgettable嘅romantic experience！",13.7814,kept,train,"13.78s in [5.0, 30.0]"
1482,./audio/1482.wav,./audio/ref_voice/alienkevin.wav,"喺USA嘅New York, 睇到嘅Times Square，夜晚嘅光影，真係dazzling嘅urban spectacle！",9.9627,kept,eval,"9.96s in [5.0, 30.0]"
1483,./audio/1483.wav,./audio/ref_voice/alienkevin.wav,喺China嘅Great Wall走過，就知道乜嘢叫做awe-inspiring嘅historical grandeur！,9.6427,kept,train,"9.64s in [5.0, 30.0]"
1484,./audio/1484.wav,./audio/ref_voice/alienkevin.wav,"喺France嘅Paris, 喺Eiffel Tower下面望天，感受到嘅就係breathtaking嘅architectural marvel！",13.6534,kept,train,"13.65s in [5.0, 30.0]"
1485,./audio/1485.wav,./audio/ref_voice/alienkevin.wav,"喺India嘅Taj Mahal, 細心欣賞嘅marble details，簡直係intricate嘅work of art！",13.632,kept,train,"13.63s in [5.0, 30.0]"
1486,./audio/1486.wav,./audio/ref_voice/alienkevin.wav,"喺Thailand嘅Bangkok, 行過嘅floating market，真係unique嘅cultural experience！",11.52,kept,train,"11.52s in [5.0, 30.0]"
1487,./audio/1487.wav,./audio/ref_voice/alienkevin.wav,"喺Egypt嘅Giza, 睇過嘅Pyramids，メチャメチャimpressive嘅ancient wonder！"" ",12.48,kept,train,"12.48s in [5.0, 30.0]"
1488,./audio/1488.wav,./audio/ref_voice/alienkevin.wav,"喺New Zealand嘅Rotorua, 遊揸漫嘅geothermal sites，真係outstanding嘅Nature’s spectacle！"" ",12.8427,kept,train,"12.84s in [5.0, 30.0]"
1489,./audio/1489.wav,./audio/ref_voice/alienkevin.wav,"喺Switzerland嘅Alps, ski過嘅gorgeous slopes，絕對係thrilling 嘅winter adventure！",13.5467,kept,train,"13.55s in [5.0, 30.0]"
1490,./audio/1490.wav,./audio/ref_voice/alienkevin.wav,"我成日去咗shopping mall, 購買下新嘅game console或者CD.",9.3227,kept,train,"9.32s in [5.0, 30.0]"
1491,./audio/1491.wav,./audio/ref_voice/alienkevin.wav,頂多我會去傳统嘅teahouse，聆聽下Cantonese opera，了解下下我地嘅kulture.,13.2267,kept,train,"13.23s in [5.0, 30.0]"
1492,./audio/1492.wav,./audio/ref_voice/alienkevin.wav,有D weekend，我會揀D沒咗人嘅夜晚，去cinema睇落新上映嘅movie。,9.6427,kept,eval,"9.64s in [5.0, 30.0]"
1493,./audio/1493.wav,./audio/ref_voice/alienkevin.wav,"我鍾意去咗karaoke club, 同friend唱晚whole night，好joyful喎!",8.5547,kept,train,"8.55s in [5.0, 30.0]"
1494,./audio/1494.wav,./audio/ref_voice/alienkevin.wav,"偶而我會整晚stay up, 觀賞football match，real time感受吓嗰場埸上嘅緊張氣氛。",12.9067,kept,train,"12.91s in [5.0, 30.0]"
1495,./audio/1495.wav,./audio/ref_voice/alienkevin.wav,冇咩事做嘅時候，我會hold住我嘅tablet，去公園睇drama series。即使陰天我都無所謂，因為有雲墨畫嘅感覺。,15.296,kept,train,"15.30s in [5.0, 30.0]"
1496,./audio/1496.wav,./audio/ref_voice/alienkevin.wav,我喺工作日，自己去咗gym，做d yoga or pilates，讓我放鬆下心情，感受下inner peace。,11.1787,kept,train,"11.18s in [5.0, 30.0]"
1497,./audio/1497.wav,./audio/ref_voice/alienkevin.wav,我成日在音樂節放縱自己，哩個Summer Festival就像是我嘅paradise，我可以聽到我心愛嘅indie bands 做live music。,16.4054,kept,eval,"16.41s in [5.0, 30.0]"
1498,./audio/1498.wav,./audio/ref_voice/alienkevin.wav,我鍾意去追新嘅fashion trend，walk around於各大boutiques，睇下最新嘅designer collection。,14.08,kept,train,"14.08s in [5.0, 30.0]"
1499,./audio/1499.wav,./audio/ref_voice/alienkevin.wav,我有時去beach party，感覺好似係Aaron Kwok嘅music video咁，好exciting呀!,11.883,kept,train,"11.88s in [5.0, 30.0]"
1500,./audio/1500.wav,./audio/ref_voice/alienkevin.wav,足球係世界上嘅most popular sport，唔單止可以增加stamina，亦可以improve team work skills。,11.415,kept,train,"11.41s in [5.0, 30.0]"
1501,./audio/1501.wav,./audio/ref_voice/alienkevin.wav,Hiking唔單止可以appreciate到nature嘅美，亦可以提升你嘅cardiovascular health。,9.9627,kept,train,"9.96s in [5.0, 30.0]"
1502,./audio/1502.wav,./audio/ref_voice/alienkevin.wav,swimming係全身運動，可以鍛煉到body嘅所有主要muscle groups，所以好多人揀佢做為main workout。,13.2267,kept,train,"13.23s in [5.0, 30.0]"
1503,./audio/1503.wav,./audio/ref_voice/alienkevin.wav,bodybuilding係其實唔單止關於muscle mass嘅增加，同時需要好嘅nutrition and rest，以保證train無誤。,15.232,kept,train,"15.23s in [5.0, 30.0]"
1504,./audio/1504.wav,./audio/ref_voice/alienkevin.wav,跑步喺一種effective way可以增加cardiovascular fitness，同埋係很convenient，只係需要一對running shoes就…,15.6587,kept,train,"15.66s in [5.0, 30.0]"
1505,./audio/1505.wav,./audio/ref_voice/alienkevin.wav,Badminton唔單止提升你嘅agility，亦可以幫助提升你嘅coordination and balance。,12.7574,kept,train,"12.76s in [5.0, 30.0]"
1506,./audio/1506.wav,./audio/ref_voice/alienkevin.wav,Basketball係一種fast-paced嘅sport，同時需要players有好嘅teamwork and communication skills。,11.6267,kept,train,"11.63s in [5.0, 30.0]"
1507,./audio/1507.wav,./audio/ref_voice/alienkevin.wav,如果你想將閒暇變成fitness嘅time，squat，push-ups同lunges等等bodyweight exercises可以喺屋企進行，唔需要任何eq…,19.1574,kept,train,"19.16s in [5.0, 30.0]"
1508,./audio/1508.wav,./audio/ref_voice/alienkevin.wav,Yoga係一種perfect balance嘅sport，可以幫助你放鬆同埋同時提高你嘅strength和flexibility。,12.928,kept,train,"12.93s in [5.0, 30.0]"
1509,./audio/1509.wav,./audio/ref_voice/alienkevin.wav,Cycling喺一個健康同好玩嘅way，可以exploring返你嘅周邊環境同埋keep fit。,10.7947,kept,train,"10.79s in [5.0, 30.0]"
1510,./audio/1510.wav,./audio/ref_voice/alienkevin.wav,香港嘅Pandemic situation仲未完，我哋一定要keep on wearing masks和保持social distancing。,14.784,kept,train,"14.78s in [5.0, 30.0]"
1511,./audio/1511.wav,./audio/ref_voice/alienkevin.wav,政府應該重視local small businesses，喺過去嘅疫境中，好多嘅小店都面對close down嘅危機。,12.3947,kept,eval,"12.39s in [5.0, 30.0]"
1512,./audio/1512.wav,./audio/ref_voice/alienkevin.wav,"虽然property market有跌幅，但對於一般香港市民嚟講, high-rising property prices依然係大問題。",14.4427,kept,train,"14.44s in [5.0, 30.0]"
1513,./audio/1513.wav,./audio/ref_voice/alienkevin.wav,香港既public transport system係全球top class，但嚟緊政府需要花更多努力去improve嘅area係accessibility同埋…,21.504,kept,train,"21.50s in [5.0, 30.0]"
1514,./audio/1514.wav,./audio/ref_voice/alienkevin.wav,Education system變革喺innovation and technology時代係必須，小朋友需要更多嘅opportunity去explores d…,19.7334,kept,train,"19.73s in [5.0, 30.0]"
1515,./audio/1515.wav,./audio/ref_voice/alienkevin.wav,處於climate change嘅嚴重威脅之下，香港需要更具策略性地實施sustainable development policies來減低carbon fo…,16.0,kept,train,"16.00s in [5.0, 30.0]"
1516,./audio/1516.wav,./audio/ref_voice/alienkevin.wav,由於globalization，香港嘅labour market越嚟越competitive，我哋需為即將進入社會嘅young generation提供更好嘅t…,19.2,kept,train,"19.20s in [5.0, 30.0]"
1517,./audio/1517.wav,./audio/ref_voice/alienkevin.wav,Healthcare system繼續受到COVID-19嘅pressure，我哋需要更多resources去克服呢個crisis。,11.883,kept,train,"11.88s in [5.0, 30.0]"
1518,./audio/1518.wav,./audio/ref_voice/alienkevin.wav,"Last but not least, 香港人應該仲要保持我哋tolerant and respectful嘅社會風氣，無論係對同胞或者係對new comers…",16.6187,kept,train,"16.62s in [5.0, 30.0]"
1519,./audio/1519.wav,./audio/ref_voice/alienkevin.wav,我哋早啲返去啲大型mall如Times Square，聽說有新嘅H&M系列出咗，好想一覽究竟！,14.2507,kept,eval,"14.25s in [5.0, 30.0]"
1520,./audio/1520.wav,./audio/ref_voice/alienkevin.wav,今日無乜嘢做，我哋點解唔去Tsim Sha Tsui走走？Ocean Centre嗰邊好多名牌店，又可以觀望下海景！,11.6907,kept,train,"11.69s in [5.0, 30.0]"
1521,./audio/1521.wav,./audio/ref_voice/alienkevin.wav,Citygate仲有好多折扣門市未去，例如Coach，Adidas，等等，萬一可以抵買咗啲咩好嘅！,11.0934,kept,train,"11.09s in [5.0, 30.0]"
1522,./audio/1522.wav,./audio/ref_voice/alienkevin.wav,我個friend話Langham Place嘅Bookazine有新到嘅書，我哋唔妨去睇下有咩好書啦！,10.368,kept,train,"10.37s in [5.0, 30.0]"
1523,./audio/1523.wav,./audio/ref_voice/alienkevin.wav,我今日想去Harbour City逛逛，那邊嘅Lush，日本真藍等店舖我都好中意!,11.712,kept,train,"11.71s in [5.0, 30.0]"
1524,./audio/1524.wav,./audio/ref_voice/alienkevin.wav,我哋野宴完之後，唔如去K11看下新嘅設計款樣吖，又可以chill chill！,11.3707,kept,eval,"11.37s in [5.0, 30.0]"
1525,./audio/1525.wav,./audio/ref_voice/alienkevin.wav,揸車返九龙淘大，Bubble Mart系列好多新嘅玩物，去買下心頭好啦！,9.728,kept,train,"9.73s in [5.0, 30.0]"
1526,./audio/1526.wav,./audio/ref_voice/alienkevin.wav,我想去IFC Mall買部新iPhone，聽說12 Pro嗰個夜景模式好好用，等我影下香港夜景啊！,13.952,kept,train,"13.95s in [5.0, 30.0]"
1527,./audio/1527.wav,./audio/ref_voice/alienkevin.wav,有時返工後我會去Central五金街，那裡嘅街頭攤檔有好多趣味嘅東西！,11.1787,kept,train,"11.18s in [5.0, 30.0]"
1528,./audio/1528.wav,./audio/ref_voice/alienkevin.wav,我哋應該去Sogo，我哋可以攞去齊我哋嘅平日日用品，例如Shiseido嘅護膚品，好用啊！,16.064,kept,train,"16.06s in [5.0, 30.0]"
1529,./audio/1529.wav,./audio/ref_voice/alienkevin.wav,做嘅事要做到best，唔使怕失敗，重要嘅係learn from it.,7.3174,kept,train,"7.32s in [5.0, 30.0]"
1530,./audio/1530.wav,./audio/ref_voice/alienkevin.wav,放低手機，focus喺書本上，學習需要dedication啊!,7.9147,kept,train,"7.91s in [5.0, 30.0]"
1531,./audio/1531.wav,./audio/ref_voice/alienkevin.wav,唔好咁seriously啦，學習可以fun嘅!,5.3334,kept,train,"5.33s in [5.0, 30.0]"
1532,./audio/1532.wav,./audio/ref_voice/alienkevin.wav,Never compare自己同其他人嘅marks，因為每個人嘅學習style都唔同。,8.9387,kept,train,"8.94s in [5.0, 30.0]"
1533,./audio/1533.wav,./audio/ref_voice/alienkevin.wav,Final exam唔係決定你未來嘅唯一因素，唔好overstress自己啦！,8.128,kept,train,"8.13s in [5.0, 30.0]"
1534,./audio/1534.wav,./audio/ref_voice/alienkevin.wav,學習係個continuous process，慢慢嚟，唔好逼自己一次就要understand全部。,10.4534,kept,train,"10.45s in [5.0, 30.0]"
1535,./audio/1535.wav,./audio/ref_voice/alienkevin.wav,每日都記得spend少少時間讀書，練習make perfect嘅!,7.1254,kept,train,"7.13s in [5.0, 30.0]"
1536,./audio/1536.wav,./audio/ref_voice/alienkevin.wav,唔好因為一次嘅failure就放棄，remember，success係由failure學習過嚟嘅!,8.8107,kept,train,"8.81s in [5.0, 30.0]"
1537,./audio/1537.wav,./audio/ref_voice/alienkevin.wav,同peers組習習學習group，互相教學互相學習，會更有效嘅！,9.0667,kept,train,"9.07s in [5.0, 30.0]"
1538,./audio/1538.wav,./audio/ref_voice/alienkevin.wav,Prepare嚟唔怕，對於exam一定要溫完書，進咗考場先至relax啲。,10.5174,kept,train,"10.52s in [5.0, 30.0]"
1539,./audio/1539.wav,./audio/ref_voice/alienkevin.wav,你嘅hard skills係重要，不过soft skills同樣咁关键，特别係為了建立良好嘅workplace relationships.,12.9707,kept,train,"12.97s in [5.0, 30.0]"
1540,./audio/1540.wav,./audio/ref_voice/alienkevin.wav,有時候，你需要step out of your comfort zone，接受新嘅挑战，咁样先可以在career中达到更高嘅levels.,13.248,kept,train,"13.25s in [5.0, 30.0]"
1541,./audio/1541.wav,./audio/ref_voice/alienkevin.wav,培养个人嘅time management skills可以幫你更有效率嘅完成任务，並且達到更好嘅work-life balance.,11.0294,kept,train,"11.03s in [5.0, 30.0]"
1542,./audio/1542.wav,./audio/ref_voice/alienkevin.wav,保持positive attitude係工作上非常重要，因为呢个可以帮你理解每个challenges背後都有可能係个opportunities.,13.696,kept,train,"13.70s in [5.0, 30.0]"
1543,./audio/1543.wav,./audio/ref_voice/alienkevin.wav,你应该always be learning，对新事物持开放态度，因为呢样世界係唔断changing，要跟得上嘅pace.,14.0587,kept,train,"14.06s in [5.0, 30.0]"
1544,./audio/1544.wav,./audio/ref_voice/alienkevin.wav,Good communication skills非常重要，无论係内部嘅teamwork定係同external clients打交道.,11.84,kept,train,"11.84s in [5.0, 30.0]"
1545,./audio/1545.wav,./audio/ref_voice/alienkevin.wav,Critical thinking係工作嘅重要部分，解决问题需要logic同樣deep understanding of the situation.,11.4774,kept,train,"11.48s in [5.0, 30.0]"
1546,./audio/1546.wav,./audio/ref_voice/alienkevin.wav,Prioritizing 你嘅工作可以帮你着重于最重要嘅任务，提高你嘅productivity.,11.3494,kept,train,"11.35s in [5.0, 30.0]"
1547,./audio/1547.wav,./audio/ref_voice/alienkevin.wav,在Seeking feedback中你可以学习很多，呢样可以让你不断improving，从mistakes中学习.,10.0907,kept,train,"10.09s in [5.0, 30.0]"
1548,./audio/1548.wav,./audio/ref_voice/alienkevin.wav,Adaptability係当前竞争环境中好重要，因为technological advances同industry trends都在不断变化.,16.576,kept,train,"16.58s in [5.0, 30.0]"
1549,./audio/1549.wav,./audio/ref_voice/alienkevin.wav,呢个weekend嘅weather forecast好不错，好fit去picnic啊。,7.5947,kept,train,"7.59s in [5.0, 30.0]"
1550,./audio/1550.wav,./audio/ref_voice/alienkevin.wav,Wow，已经五月，但feel好似winter，好cold啊。,6.0587,kept,train,"6.06s in [5.0, 30.0]"
1551,./audio/1551.wav,./audio/ref_voice/alienkevin.wav,Today有bit雨，我地要remember带雨伞先啦。,6.8907,kept,train,"6.89s in [5.0, 30.0]"
1552,./audio/1552.wav,./audio/ref_voice/alienkevin.wav,See outside咁多clouds，好像will rain咁，大家记住打dumbrella啦。,5.8667,kept,train,"5.87s in [5.0, 30.0]"
1553,./audio/1553.wav,./audio/ref_voice/alienkevin.wav,雨勢好big，feel像typhoon来咗，记得关窗啦。,9.7707,kept,train,"9.77s in [5.0, 30.0]"
1554,./audio/1554.wav,./audio/ref_voice/alienkevin.wav,嘞个月嘅climate真系好unusual，flow好hot又有点cold。,8.384,kept,train,"8.38s in [5.0, 30.0]"
1555,./audio/1555.wav,./audio/ref_voice/alienkevin.wav,嗰边天空有d rainbow，after rain嘅天气真系好beautiful。,7.2534,kept,train,"7.25s in [5.0, 30.0]"
1556,./audio/1556.wav,./audio/ref_voice/alienkevin.wav,今晚月光好bright，顶喺天台BBQ吓都唔错！,8.7894,kept,train,"8.79s in [5.0, 30.0]"
1557,./audio/1557.wav,./audio/ref_voice/alienkevin.wav,Morning wake up咋，feel到d sunshine进房，好warm，好happy噶一天啊。,8.704,kept,train,"8.70s in [5.0, 30.0]"
1558,./audio/1558.wav,./audio/ref_voice/alienkevin.wav,Sunset嘅时候，去海边chill下，好relaxing呢。,6.6134,kept,train,"6.61s in [5.0, 30.0]"
1559,./audio/1559.wav,./audio/ref_voice/alienkevin.wav,今天呢，feel到蛮humid，呢D室外活动可能会feel好sweaty嘅。,9.408,kept,train,"9.41s in [5.0, 30.0]"
1560,./audio/1560.wav,./audio/ref_voice/alienkevin.wav,星期六forecast话有high chance of thunderstorm，可能要留喺屋企啦。,7.7654,kept,train,"7.77s in [5.0, 30.0]"
1561,./audio/1561.wav,./audio/ref_voice/alienkevin.wav,Sunrise好pretty，今日又系新嘅一日，加油啊！,6.4,kept,train,"6.40s in [5.0, 30.0]"
1562,./audio/1562.wav,./audio/ref_voice/alienkevin.wav,天气好moody，一会hot，一会cold，唔知咋dress好。,10.6454,kept,eval,"10.65s in [5.0, 30.0]"
1563,./audio/1563.wav,./audio/ref_voice/alienkevin.wav,这个泰式凉拌鸡，chicken tender and flavorful，再配上spicy and sour sauce，差点让我忘记自己在Hong Kong啊…,15.296,kept,train,"15.30s in [5.0, 30.0]"
1564,./audio/1564.wav,./audio/ref_voice/alienkevin.wav,你可能试过很多ravioli，但这个虾饺ravioli，外面smooth and delicate，内里full of juicy shrimp，真的让人有再吃…,20.864,kept,train,"20.86s in [5.0, 30.0]"
1565,./audio/1565.wav,./audio/ref_voice/alienkevin.wav,这个绿茶冰淇淋，green tea味道strong but not overpowering，冰冷清新，吃完instantly feel rejuvenated…,20.928,kept,train,"20.93s in [5.0, 30.0]"
1566,./audio/1566.wav,./audio/ref_voice/alienkevin.wav,这个柠檬烤鸡，用lemon marinated overnight，烤出来chicken skin crispy，肉质moist and tender，每一口都…,23.488,kept,train,"23.49s in [5.0, 30.0]"
1567,./audio/1567.wav,./audio/ref_voice/alienkevin.wav,这个虾爆鳝片，shrimp fresh and springy，eel slices soft and melty，每一口都是seafood delight，让…,16.0,kept,train,"16.00s in [5.0, 30.0]"
1568,./audio/1568.wav,./audio/ref_voice/alienkevin.wav,这个烧鹅，外皮crispy and glazed，内里gooey and succulent，配上lightly sweet sauce，让你味蕾enjoy到不…,19.8827,kept,train,"19.88s in [5.0, 30.0]"
1569,./audio/1569.wav,./audio/ref_voice/alienkevin.wav,这个凤梨油条，pineapple sweet and tangy，油条golden and crisp，combo出来perfectly balanced，甜的…,15.2534,kept,train,"15.25s in [5.0, 30.0]"
1570,./audio/1570.wav,./audio/ref_voice/alienkevin.wav,这个拿铁香港炒面，coffee香港炒面，早餐的完美选择，salty，sweet and slight bitterness，唤醒你所有的taste senses…,18.6454,kept,eval,"18.65s in [5.0, 30.0]"
1571,./audio/1571.wav,./audio/ref_voice/alienkevin.wav,"喺Italy嘅Venice 坐過gondola, 你會發現一個完全romantic 嘅world！",10.368,kept,train,"10.37s in [5.0, 30.0]"
1572,./audio/1572.wav,./audio/ref_voice/alienkevin.wav,"喺Japan嘅Sakura season, cherry blossoms 開嘅時候，真係breathtaking 嘅natural beauty！",14.5707,kept,train,"14.57s in [5.0, 30.0]"
1573,./audio/1573.wav,./audio/ref_voice/alienkevin.wav,如果喺Australia嘅Outback camp過，會明白到咩叫做epic嘅wilderness escape！,11.415,kept,train,"11.41s in [5.0, 30.0]"
1574,./audio/1574.wav,./audio/ref_voice/alienkevin.wav,喺France嚟個wine tour，品嘗呢班exquisite嘅wines，真係高貴嘅gourmet experience！,13.248,kept,train,"13.25s in [5.0, 30.0]"
1575,./audio/1575.wav,./audio/ref_voice/alienkevin.wav,喺USA嘅New York 做過shopping spree，就知道咩叫做ultimate嘅fashion paradise！,9.536,kept,train,"9.54s in [5.0, 30.0]"
1576,./audio/1576.wav,./audio/ref_voice/alienkevin.wav,喺South Africa做過safari，瞓過於wild animals，就會明白乜嘢叫做adrenaline-pumping嘅adventure！,16.256,kept,train,"16.26s in [5.0, 30.0]"
1577,./audio/1577.wav,./audio/ref_voice/alienkevin.wav,喺New Zealand嘅Hobbiton 走過，就好似入咗嗰個enchanted嘅fantasy land！,10.24,kept,train,"10.24s in [5.0, 30.0]"
1578,./audio/1578.wav,./audio/ref_voice/alienkevin.wav,喺Thailand嘅Bangkok 嘅street markets 行過，一定會覺得好vibrant 嘅cultural experience！,11.7547,kept,train,"11.75s in [5.0, 30.0]"
1579,./audio/1579.wav,./audio/ref_voice/alienkevin.wav,要喺Greece嘅Santorini看過sunset，你會覺得鬼斧神工嘅unparalleled beauty！,12.224,kept,train,"12.22s in [5.0, 30.0]"
1580,./audio/1580.wav,./audio/ref_voice/alienkevin.wav,喺Scotland嘅Edinburgh Castle 參觀過，感受到嘅，係majestic嘅historical marvel！,13.184,kept,train,"13.18s in [5.0, 30.0]"
1581,./audio/1581.wav,./audio/ref_voice/alienkevin.wav,我鍾意去concert，聽下我最愛嘅band嘅live performance，真係非常嘅exciting.,10.263,kept,eval,"10.26s in [5.0, 30.0]"
1582,./audio/1582.wav,./audio/ref_voice/alienkevin.wav,周末我都會安排下去cinema，睇下最新嘅Hollywood blockbuster，放鬆下自己.,10.496,kept,train,"10.50s in [5.0, 30.0]"
1583,./audio/1583.wav,./audio/ref_voice/alienkevin.wav,我通常喺nightclub度過我嘅夜晚，跳下舞，享受下音樂嘅Vibes.,9.9414,kept,train,"9.94s in [5.0, 30.0]"
1584,./audio/1584.wav,./audio/ref_voice/alienkevin.wav,我好愛去karaoke，同朋友一齊唱song，盡情嘅表達自己，真係好有fun.,10.688,kept,train,"10.69s in [5.0, 30.0]"
1585,./audio/1585.wav,./audio/ref_voice/alienkevin.wav,偶爾我都會去下arcade，玩下舊日嘅video game，搞下nostalgia.,9.536,kept,train,"9.54s in [5.0, 30.0]"
1586,./audio/1586.wav,./audio/ref_voice/alienkevin.wav,我每年都會去Comic Exhibition，買下新出嘅manga同action figure，為我嘅collection加新成員.,13.696,kept,train,"13.70s in [5.0, 30.0]"
1587,./audio/1587.wav,./audio/ref_voice/alienkevin.wav,我喺假日嘅時候，都會享受下去beach party，感受下sunshine同海風嘅調調.,8.5974,kept,train,"8.60s in [5.0, 30.0]"
1588,./audio/1588.wav,./audio/ref_voice/alienkevin.wav,我都會去gym做下exercise，聽住我嘅workout playlist，真係好解放壓力.,9.7067,kept,train,"9.71s in [5.0, 30.0]"
1589,./audio/1589.wav,./audio/ref_voice/alienkevin.wav,我鍾意睇Netflix，follow一部部嘅TV series，真係好投入故事裡面.,9.856,kept,train,"9.86s in [5.0, 30.0]"
1590,./audio/1590.wav,./audio/ref_voice/alienkevin.wav,我都會玩下online game，跟全世界嘅player競爭，感受下global competition嘅緊張感.,11.008,kept,train,"11.01s in [5.0, 30.0]"
1591,./audio/1591.wav,./audio/ref_voice/alienkevin.wav,足球喺一個great team sport，對於提升teamwork skills和stamina好有幫助。,9.3014,kept,train,"9.30s in [5.0, 30.0]"
1592,./audio/1592.wav,./audio/ref_voice/alienkevin.wav,Swimming喺一種full-body workout，能夠鍛鍊你嘅endurance，strengthen你嘅muscles。,12.8214,kept,train,"12.82s in [5.0, 30.0]"
1593,./audio/1593.wav,./audio/ref_voice/alienkevin.wav,健身喺一種讓你保持fit，shape your body 同improve your overall health嘅great method。,9.92,kept,eval,"9.92s in [5.0, 30.0]"
1594,./audio/1594.wav,./audio/ref_voice/alienkevin.wav,跳舞唔只能show your creativity，亦都係一種fun way做運動，能提升你嘅flexibility和coordination。,13.5467,kept,train,"13.55s in [5.0, 30.0]"
1595,./audio/1595.wav,./audio/ref_voice/alienkevin.wav,Cycling喺一種efficient way燃燒calories，同時對於improve joint mobility有好處。,11.136,kept,train,"11.14s in [5.0, 30.0]"
1596,./audio/1596.wav,./audio/ref_voice/alienkevin.wav,無論你是專業人士定初學者，Tennis都喺一種increase hand-eye coordination嘅superior sport。,13.824,kept,train,"13.82s in [5.0, 30.0]"
1597,./audio/1597.wav,./audio/ref_voice/alienkevin.wav,Hiking喺一種increase your heart rate及提升你嘅lung capacity嘅outdoor activity，你可以同時apprec…,16.0,kept,train,"16.00s in [5.0, 30.0]"
1598,./audio/1598.wav,./audio/ref_voice/alienkevin.wav,做Pilates可以幫你improve your core strength同balance調整你嘅posture，並且能係長時間內maintain你嘅flex…,16.0854,kept,train,"16.09s in [5.0, 30.0]"
1599,./audio/1599.wav,./audio/ref_voice/alienkevin.wav,神經肌肉體能訓練（Neuromuscular Training)能夠提升你嘅reaction speed，增加對衝擊力嘅resistance，係種prevent…,17.0027,kept,train,"17.00s in [5.0, 30.0]"
1600,./audio/1600.wav,./audio/ref_voice/alienkevin.wav,High Intensity Interval Training (HIIT)係一種efficiency最高嘅training method，只需要短時間你就可…,17.216,kept,train,"17.22s in [5.0, 30.0]"
1601,./audio/1601.wav,./audio/ref_voice/alienkevin.wav,Work from Home落實得好唔好？ 啱啱我哋研究發現remote work可以大幅度減少交通時間，有助於減低總體carbon emissions。,18.2614,kept,eval,"18.26s in [5.0, 30.0]"
1602,./audio/1602.wav,./audio/ref_voice/alienkevin.wav,"No doubt, 社工打緊前線嘅時候，係需要有首肯support from the government嚟應對可能面對到嘅crisis和挑戰。",13.1627,kept,train,"13.16s in [5.0, 30.0]"
1603,./audio/1603.wav,./audio/ref_voice/alienkevin.wav,Invest in Education，呢點唔可以忽視。我哋要推動life-long learning，讓香港更有競爭力，繼續前行。,14.2294,kept,train,"14.23s in [5.0, 30.0]"
1604,./audio/1604.wav,./audio/ref_voice/alienkevin.wav,Affordable housing係香港嘅長遠目標，但我哋都要正視其中存在嘅financial challenges，理性討論可行嘅solution。,14.8054,kept,train,"14.81s in [5.0, 30.0]"
1605,./audio/1605.wav,./audio/ref_voice/alienkevin.wav,Hong Kong's biodiversity係要我哋嘅保護，每一位市民都有責任參與在環保行動上，做到sustainable living。,14.763,kept,train,"14.76s in [5.0, 30.0]"
1606,./audio/1606.wav,./audio/ref_voice/alienkevin.wav,Mental health呢個問題，不能輕視。我哋需要更多resources，並確保每個 individuals都可以access到優質嘅支援服務。,14.656,kept,train,"14.66s in [5.0, 30.0]"
1607,./audio/1607.wav,./audio/ref_voice/alienkevin.wav,Cultural diversity係我哋香港嘅其中一個strength，我哋嘅社會需要更具inclusivity，並要尊重其他嘅culture and lan…,18.7734,kept,train,"18.77s in [5.0, 30.0]"
1608,./audio/1608.wav,./audio/ref_voice/alienkevin.wav,Urban Development唔應該係單一嘅建設，而應該去balance economic growth同sustainable practices，以達到…,17.751,kept,train,"17.75s in [5.0, 30.0]"
1609,./audio/1609.wav,./audio/ref_voice/alienkevin.wav,我哋要認同香港係一個international city，應該要 keep open，尊重唔同culture and identity，一齊work towar…,15.488,kept,train,"15.49s in [5.0, 30.0]"
1610,./audio/1610.wav,./audio/ref_voice/alienkevin.wav,Tech Startups在香港默默貢獻，係時候我哋應該將重點放在promoting innovation and entrepreneurship，以驅動su…,20.352,kept,train,"20.35s in [5.0, 30.0]"
1611,./audio/1611.wav,./audio/ref_voice/alienkevin.wav,我哋要理解，ready to adapt to changes，無論係climate change或者係新嘅科技發展，都係挑戰同時亦都係機會。,13.8454,kept,train,"13.85s in [5.0, 30.0]"
1612,./audio/1612.wav,./audio/ref_voice/alienkevin.wav,糖酥饼Let's Jam在Causeway Bay开咗新嘅店铺，听说產品好出名，想去试下！,10.839,kept,train,"10.84s in [5.0, 30.0]"
1613,./audio/1613.wav,./audio/ref_voice/alienkevin.wav,Harbour City嘅Zara新季嘅衫已经出咗，下次放工一齐去睇下吖！,11.0507,kept,train,"11.05s in [5.0, 30.0]"
1614,./audio/1614.wav,./audio/ref_voice/alienkevin.wav,去Central嘅IFC買Burberry嘅新款手袋，sales話佢地仲有折扣呢!,13.3547,kept,train,"13.35s in [5.0, 30.0]"
1615,./audio/1615.wav,./audio/ref_voice/alienkevin.wav,今晚打算去Mongkok嘅Sneaker Street睇下新出嘅Nike鞋款，搵下有冇啲好嘅！,11.392,kept,eval,"11.39s in [5.0, 30.0]"
1616,./audio/1616.wav,./audio/ref_voice/alienkevin.wav,聽說在Tsing Yi Mall有Urban Decay新嘅化妝品，想去check out下！,11.2854,kept,train,"11.29s in [5.0, 30.0]"
1617,./audio/1617.wav,./audio/ref_voice/alienkevin.wav,Stanley Market有好多特色嘅手工艺品，適合買做禮物送人！,9.3227,kept,eval,"9.32s in [5.0, 30.0]"
1618,./audio/1618.wav,./audio/ref_voice/alienkevin.wav,"Ladies Market嘅street food真係唔错，shopping边做都可以边食, 好方便！",9.3227,kept,train,"9.32s in [5.0, 30.0]"
1619,./audio/1619.wav,./audio/ref_voice/alienkevin.wav,Hong Kong Brands and Products Expo會展新出嘅產品都幾吸引，我哋可以去睇下！,9.856,kept,train,"9.86s in [5.0, 30.0]"
1620,./audio/1620.wav,./audio/ref_voice/alienkevin.wav,去Pacific Place嘅Lane Crawford買下嚟季嘅衣服，好期待吖！,10.5387,kept,train,"10.54s in [5.0, 30.0]"
1621,./audio/1621.wav,./audio/ref_voice/alienkevin.wav,聽說Tsim Sha Tsui嘅Bookazine有好多新書都已經上架，放假一齐去揀吓好咪？,8.96,kept,train,"8.96s in [5.0, 30.0]"
1622,./audio/1622.wav,./audio/ref_voice/alienkevin.wav,"唔要一直Crunch time, give自己一些休息嘅時間，recharge下再keep on學習。",12.288,kept,eval,"12.29s in [5.0, 30.0]"
1623,./audio/1623.wav,./audio/ref_voice/alienkevin.wav,不好再last minute開始revise嘅習慣，好好plan你嘅study time.,7.936,kept,train,"7.94s in [5.0, 30.0]"
1624,./audio/1624.wav,./audio/ref_voice/alienkevin.wav,Try你最好，但記住唔該唔好overstress自己。學習嘅同時keep你嘅mental health.,9.4294,kept,train,"9.43s in [5.0, 30.0]"
1625,./audio/1625.wav,./audio/ref_voice/alienkevin.wav,"問問題係唔會令人望低你，ask if你唔明,那樣你可以學到更多喔！",10.1334,kept,train,"10.13s in [5.0, 30.0]"
1626,./audio/1626.wav,./audio/ref_voice/alienkevin.wav,唔好唯一focus呢個grade，重點係你學到咗啲咩，咁先至係true learning.,10.688,kept,train,"10.69s in [5.0, 30.0]"
1627,./audio/1627.wav,./audio/ref_voice/alienkevin.wav,學習嘅時候，唔好keep multitasking，focus do一件事to maximize你的效率。,11.1574,kept,train,"11.16s in [5.0, 30.0]"
1628,./audio/1628.wav,./audio/ref_voice/alienkevin.wav,唔同科目可能需要唔同嘅學習策略，find out你嘅best way of learning.,10.496,kept,train,"10.50s in [5.0, 30.0]"
1629,./audio/1629.wav,./audio/ref_voice/alienkevin.wav,學習唔係越多越好，重要係你digest到你所學嘅知識。,7.1894,kept,train,"7.19s in [5.0, 30.0]"
1630,./audio/1630.wav,./audio/ref_voice/alienkevin.wav,唔好睇低self-learning嘅力量，independent study都係好重要嘅学习技巧。,8.896,kept,train,"8.90s in [5.0, 30.0]"
1631,./audio/1631.wav,./audio/ref_voice/alienkevin.wav,Enjoy你嘅學習旅程，尋找fun嘅學習方法，你會更in love啲呢個學習嘅journey。,10.9654,kept,train,"10.97s in [5.0, 30.0]"
1632,./audio/1632.wav,./audio/ref_voice/alienkevin.wav,Never stop learning，呢个可以令你保持competitive advantage喺你的career development中.,11.4347,kept,train,"11.43s in [5.0, 30.0]"
1633,./audio/1633.wav,./audio/ref_voice/alienkevin.wav,Perseverance係个key to success 喺任何一个profession.,9.8987,kept,train,"9.90s in [5.0, 30.0]"
1634,./audio/1634.wav,./audio/ref_voice/alienkevin.wav,Problem-solving skills 係非常required，即使面对困难都要stay focused.,10.1974,kept,train,"10.20s in [5.0, 30.0]"
1635,./audio/1635.wav,./audio/ref_voice/alienkevin.wav,Respect嘅culture可以俾到你个good working environment同埋improve job satisfaction.,10.9867,kept,train,"10.99s in [5.0, 30.0]"
1636,./audio/1636.wav,./audio/ref_voice/alienkevin.wav,要有flexibility去应付嘅工作变化，只有咁先可以cope with unexpected situations.,13.6534,kept,train,"13.65s in [5.0, 30.0]"
1637,./audio/1637.wav,./audio/ref_voice/alienkevin.wav,Demonstrate你嘅leadership skills 可以帮助你get promoted.,7.4454,kept,train,"7.45s in [5.0, 30.0]"
1638,./audio/1638.wav,./audio/ref_voice/alienkevin.wav,Work-life balance係维持good mental health唔可缺少嘅一部分.,6.9547,kept,eval,"6.95s in [5.0, 30.0]"
1639,./audio/1639.wav,./audio/ref_voice/alienkevin.wav,Professional growth同continuous learning非常重要，可以boost你career prospects.,11.6054,kept,train,"11.61s in [5.0, 30.0]"
1640,./audio/1640.wav,./audio/ref_voice/alienkevin.wav,Work ethics係决定你喺workplace嘅success.,6.6347,kept,train,"6.63s in [5.0, 30.0]"
1641,./audio/1641.wav,./audio/ref_voice/alienkevin.wav,High level嘅responsibility同accountability係你喺工作岗位上表现你嘅professionalism.,14.8054,kept,eval,"14.81s in [5.0, 30.0]"
1642,./audio/1642.wav,./audio/ref_voice/alienkevin.wav,Hot summer day啦，出门唔好唔记得带夠water啊。,6.4,kept,train,"6.40s in [5.0, 30.0]"
1643,./audio/1643.wav,./audio/ref_voice/alienkevin.wav,Typhoon warning出咗，大家ensure安全，即刻返屋企吧。,7.808,kept,train,"7.81s in [5.0, 30.0]"
1644,./audio/1644.wav,./audio/ref_voice/alienkevin.wav,Today天气really凉爽，Outdoor activities好适合哦。,7.296,kept,eval,"7.30s in [5.0, 30.0]"
1645,./audio/1645.wav,./audio/ref_voice/alienkevin.wav,Humidity真系太高，feel到皮肤都sticky咗。,6.9974,kept,train,"7.00s in [5.0, 30.0]"
1646,./audio/1646.wav,./audio/ref_voice/alienkevin.wav,Rainy day today，唔好忘记带umbrella啊。,6.231,kept,train,"6.23s in [5.0, 30.0]"
1647,./audio/1647.wav,./audio/ref_voice/alienkevin.wav,Sunset真系amazing，Sky嘅colour真系好beautiful。,7.36,kept,train,"7.36s in [5.0, 30.0]"
1648,./audio/1648.wav,./audio/ref_voice/alienkevin.wav,Freezing cold今晚，穿足衫出门啊。,5.248,kept,train,"5.25s in [5.0, 30.0]"
1649,./audio/1649.wav,./audio/ref_voice/alienkevin.wav,Next week要high temperature，Prepare吖sunscreen。,6.9334,kept,train,"6.93s in [5.0, 30.0]"
1650,./audio/1650.wav,./audio/ref_voice/alienkevin.wav,Surprise噶，今晚居然有meteor shower，赶紧去rooftop睇吓啊。,12.032,kept,train,"12.03s in [5.0, 30.0]"
1651,./audio/1651.wav,./audio/ref_voice/alienkevin.wav,Look outside，大雨變咗小雨，Outdoor plan可以再继续啦。,7.5947,kept,train,"7.59s in [5.0, 30.0]"
1652,./audio/1652.wav,./audio/ref_voice/alienkevin.wav,这个海鲜烩饭，rice是soft and fragrant，海鲜都super fresh，口口都是ocean的味道，简直是seafood lover的dream…,17.92,kept,train,"17.92s in [5.0, 30.0]"
1653,./audio/1653.wav,./audio/ref_voice/alienkevin.wav,这个港式叉烧包，bun是soft and fluffy，叉烧sweet and savory，一个bite就有满口的happiness！,17.9414,kept,eval,"17.94s in [5.0, 30.0]"
1654,./audio/1654.wav,./audio/ref_voice/alienkevin.wav,辣炒蟹这道菜，crab meat香滑中带有spicy kick，味道complex but balanced，真是给人过目不忘的experience！,19.008,kept,train,"19.01s in [5.0, 30.0]"
1655,./audio/1655.wav,./audio/ref_voice/alienkevin.wav,这个香港奶茶，tea有strong的味道，milk creamy and rich，喝完后simple and refreshing的感觉，让我忘记了疲劳！,15.0827,kept,train,"15.08s in [5.0, 30.0]"
1656,./audio/1656.wav,./audio/ref_voice/alienkevin.wav,这个豉油鸡，chicken tender and juicy，再配上dark and flavorful的sauce，每一个bite都让人想再来一份！,18.176,kept,eval,"18.18s in [5.0, 30.0]"
1657,./audio/1657.wav,./audio/ref_voice/alienkevin.wav,这个叉烧饭，barbecue pork是sweet and slightly smoky，再配上fluffy的rice，简直是快乐的taste explosio…,15.68,kept,train,"15.68s in [5.0, 30.0]"
1658,./audio/1658.wav,./audio/ref_voice/alienkevin.wav,这个港式煎太阳蛋，egg是oozy and creamy，底部lightly crisp，配上super smooth的congee，就像morning的sun…,21.4614,kept,train,"21.46s in [5.0, 30.0]"
1659,./audio/1659.wav,./audio/ref_voice/alienkevin.wav,这个烧鹅，goose skin是crispy，meat是soft and flavorful，再配上fruity and tangy的plum sauce，真是…,20.288,kept,eval,"20.29s in [5.0, 30.0]"
1660,./audio/1660.wav,./audio/ref_voice/alienkevin.wav,"这个豆腐花，tofu是super soft，再配上sugary and pure的syrup，每一口都有温暖滑滑的sensation！"" ",12.3307,kept,train,"12.33s in [5.0, 30.0]"
1661,./audio/1661.wav,./audio/ref_voice/alienkevin.wav,这个菠萝包，bread是super light and fluffy，pineapple topping是sweet and crunchy，从morning到…,16.8107,kept,train,"16.81s in [5.0, 30.0]"
1662,./audio/1662.wav,./audio/ref_voice/alienkevin.wav,去過Japan嘅Kyoto，你一定要試下sakura season嘅hanami，真係breathtaking嘅experience！,14.912,kept,train,"14.91s in [5.0, 30.0]"
1663,./audio/1663.wav,./audio/ref_voice/alienkevin.wav,如果你去過France嘅Paris climbing咗up至Eiffel tower top 嘅時候，你就會知道咩叫做stunning嘅city view！,15.8934,kept,train,"15.89s in [5.0, 30.0]"
1664,./audio/1664.wav,./audio/ref_voice/alienkevin.wav,喺Australia嘅Great Barrier Reef 潛下水，你會體驗到一個incredible嘅underwater world！,13.4187,kept,train,"13.42s in [5.0, 30.0]"
1665,./audio/1665.wav,./audio/ref_voice/alienkevin.wav,去過Thailand嘅Bangkok，你試下吃street food，就係一個美食paradise兼埋，真係一個非常memorable嘅trip！,18.1547,kept,train,"18.15s in [5.0, 30.0]"
1666,./audio/1666.wav,./audio/ref_voice/alienkevin.wav,喺UK嘅London，riding on嗰粒巨大既London Eye，你一定會享受到無窮嘅delight！,12.3734,kept,train,"12.37s in [5.0, 30.0]"
1667,./audio/1667.wav,./audio/ref_voice/alienkevin.wav,去過Canada嘅Banff National Park hiking，零距離接觸nature嘅感覺就係so refreshing！,10.5174,kept,train,"10.52s in [5.0, 30.0]"
1668,./audio/1668.wav,./audio/ref_voice/alienkevin.wav,如果你去過Egypt嘅Giza，看過那個iconic嘅Pyramids，你就會明白歷史嘅mystery有幾令人impressed！,18.3894,kept,eval,"18.39s in [5.0, 30.0]"
1669,./audio/1669.wav,./audio/ref_voice/alienkevin.wav,喺Switzerland嘅Alps tour，係一個對於mountain lover 來說就係一個paradise！,11.6907,kept,train,"11.69s in [5.0, 30.0]"
1670,./audio/1670.wav,./audio/ref_voice/alienkevin.wav,如果你去過Greece嘅Santorini，you will definitely fall in love with嗰個breathtaking嘅sunset…,12.9707,kept,train,"12.97s in [5.0, 30.0]"
1671,./audio/1671.wav,./audio/ref_voice/alienkevin.wav,去過Turkey嘅Cappadocia嘅hot air balloon ride，就係一個lifetime嘅memorable experience！,16.6187,kept,train,"16.62s in [5.0, 30.0]"
1672,./audio/1672.wav,./audio/ref_voice/alienkevin.wav,我喺weekend嘅時候最愛玩Playstation，嗰啲game真係好exciting，仲可以同朋友一齊玩，好有team spirit.,13.6534,kept,eval,"13.65s in [5.0, 30.0]"
1673,./audio/1673.wav,./audio/ref_voice/alienkevin.wav,"我總係喺夜晚watch一啲horror movie, 驚到喊，真係感覺超real.",11.6694,kept,train,"11.67s in [5.0, 30.0]"
1674,./audio/1674.wav,./audio/ref_voice/alienkevin.wav,我最like聽K-pop，啲singer唱得好正，仲喺MV dress up得超cool.,11.008,kept,train,"11.01s in [5.0, 30.0]"
1675,./audio/1675.wav,./audio/ref_voice/alienkevin.wav,我平時會喺網上玩一啲online game，嗰啲graphics真係super nice.,8.1707,kept,train,"8.17s in [5.0, 30.0]"
1676,./audio/1676.wav,./audio/ref_voice/alienkevin.wav,喺閒暇時份，我會喺youtube上面search一啲funny videos，笑到肚痛，真係好stress relief.,14.9974,kept,train,"15.00s in [5.0, 30.0]"
1677,./audio/1677.wav,./audio/ref_voice/alienkevin.wav,我鍾意去concert，feel到啲singer嘅energy，真係好震撼.,7.4027,kept,train,"7.40s in [5.0, 30.0]"
1678,./audio/1678.wav,./audio/ref_voice/alienkevin.wav,我好享受自己去hiking嘅時間，喺山上面take photo，真係好refreshing.,8.7894,kept,train,"8.79s in [5.0, 30.0]"
1679,./audio/1679.wav,./audio/ref_voice/alienkevin.wav,我會喺電腦度download啲interesting app，玩下圖像編輯或者做下GIF，感覺自己好creative.,11.712,kept,train,"11.71s in [5.0, 30.0]"
1680,./audio/1680.wav,./audio/ref_voice/alienkevin.wav,喺睇完一部感人movie之後，我會喺social media上面post吓我嘅感想，和朋友互動下，好有interaction.,12.928,kept,eval,"12.93s in [5.0, 30.0]"
1681,./audio/1681.wav,./audio/ref_voice/alienkevin.wav,我會喺Spotify上面follow一啲new artist，每日都有新歌可以聽，真係好exciting.,10.263,kept,eval,"10.26s in [5.0, 30.0]"
1682,./audio/1682.wav,./audio/ref_voice/alienkevin.wav,打Basketball唔只係可以increase你嘅cardiovascular fitness，仲可以幫你提高hand-eye coordination。,13.9094,kept,train,"13.91s in [5.0, 30.0]"
1683,./audio/1683.wav,./audio/ref_voice/alienkevin.wav,做Yoga唔單可以係要improve flexibility，都可以幫你係長時間內保持peace of mind。,12.544,kept,train,"12.54s in [5.0, 30.0]"
1684,./audio/1684.wav,./audio/ref_voice/alienkevin.wav,做Swimming既能係有利於提升你嘅stamina，又可以好好咁tone up你嘅body。,10.4534,kept,train,"10.45s in [5.0, 30.0]"
1685,./audio/1685.wav,./audio/ref_voice/alienkevin.wav,晨跑可以係有助提升你嘅metabolism，同埋係有助於你嘅overall mental health。,12.9707,kept,train,"12.97s in [5.0, 30.0]"
1686,./audio/1686.wav,./audio/ref_voice/alienkevin.wav,玩Tennis可以增强你嘅agility，又可以improve你嘅muscle tone。,10.7734,kept,train,"10.77s in [5.0, 30.0]"
1687,./audio/1687.wav,./audio/ref_voice/alienkevin.wav,Hiking唔單可以係有助於burnout calories，仲可以賞到美麗嘅scenery，有益身心。,12.096,kept,eval,"12.10s in [5.0, 30.0]"
1688,./audio/1688.wav,./audio/ref_voice/alienkevin.wav,做Karate可以讓你improve self-discipline同boost你嘅self-confidence。,10.5387,kept,train,"10.54s in [5.0, 30.0]"
1689,./audio/1689.wav,./audio/ref_voice/alienkevin.wav,玩volleyball既可以提升你嘅teamwork spirit，又可以係有助於improve你嘅hand-eye coordination。,11.2427,kept,train,"11.24s in [5.0, 30.0]"
1690,./audio/1690.wav,./audio/ref_voice/alienkevin.wav,跳舞唔只可以keep you fit，仲可以讓你enjoy the music同時express yourself。,7.936,kept,train,"7.94s in [5.0, 30.0]"
1691,./audio/1691.wav,./audio/ref_voice/alienkevin.wav,做gymnastics可以幫你improve嘅body control，並且能係長時間內maintain你嘅strength。,12.2454,kept,train,"12.25s in [5.0, 30.0]"
1692,./audio/1692.wav,./audio/ref_voice/alienkevin.wav,MTR線路擴建係要付出大量嘅financial resources，但見返都可以提升大眾嘅生活質素，各位立法會議員都要衡量下。,17.92,kept,train,"17.92s in [5.0, 30.0]"
1693,./audio/1693.wav,./audio/ref_voice/alienkevin.wav,Hong Kong的property market一直都起落不定，我哋對於自己嘅investment strategy要好好思考下。,14.0374,kept,train,"14.04s in [5.0, 30.0]"
1694,./audio/1694.wav,./audio/ref_voice/alienkevin.wav,Education reform要改革，但係要顧及學生嘅mental health，並給予足夠support服務嚟保護學生。,13.248,kept,train,"13.25s in [5.0, 30.0]"
1695,./audio/1695.wav,./audio/ref_voice/alienkevin.wav,Covid-19疫苗免費為香港市民打，government要做足publicity推動市民接種。,9.8987,kept,train,"9.90s in [5.0, 30.0]"
1696,./audio/1696.wav,./audio/ref_voice/alienkevin.wav,Air pollution喺香港係一個嚴重問題，政府需要藉吓green energy減少環境污染。,12.6934,kept,train,"12.69s in [5.0, 30.0]"
1697,./audio/1697.wav,./audio/ref_voice/alienkevin.wav,Affordable housing係大家共同期望，政府應該重視public opinions，並作出適當嘅策略及政策。,13.143,kept,eval,"13.14s in [5.0, 30.0]"
1698,./audio/1698.wav,./audio/ref_voice/alienkevin.wav,Cybersecurity嘅議題越來越重要，我哋要提高自己嘅awareness，防止任何potential threats。,13.719,kept,train,"13.72s in [5.0, 30.0]"
1699,./audio/1699.wav,./audio/ref_voice/alienkevin.wav,香港嘅unemployment rate上升，政府需要提供support，幫助受影響嘅人繼續生活。,9.2587,kept,train,"9.26s in [5.0, 30.0]"
1700,./audio/1700.wav,./audio/ref_voice/alienkevin.wav,"社交廣場成為我哋表達意見嘅platform，我哋要珍惜並保護言論自由。"" ",9.536,kept,train,"9.54s in [5.0, 30.0]"
1701,./audio/1701.wav,./audio/ref_voice/alienkevin.wav,Traffic congestion喺Peak hour變得普遍，政府需要實行effective measures解決。,9.92,kept,eval,"9.92s in [5.0, 30.0]"
1702,./audio/1702.wav,./audio/ref_voice/alienkevin.wav,DFS Galleria嗰度有好多品牌可以揀，買完後仲可以去Victoria Peak chill一下呀！,12.8214,kept,train,"12.82s in [5.0, 30.0]"
1703,./audio/1703.wav,./audio/ref_voice/alienkevin.wav,Sneaker Street喺Mong Kok，有好多最新款嘅波鞋，啱晒喺尋找新球鞋嘅你！,12.4374,kept,train,"12.44s in [5.0, 30.0]"
1704,./audio/1704.wav,./audio/ref_voice/alienkevin.wav,Temple Street Night Market好似一個大型嘅嘈市，你可以揾到好多特式嘅souvenir.,10.88,kept,train,"10.88s in [5.0, 30.0]"
1705,./audio/1705.wav,./audio/ref_voice/alienkevin.wav,"H&M嗰度嘅新一季collection出咗，我明天去Times Square一探究竟！"" ",10.9867,kept,train,"10.99s in [5.0, 30.0]"
1706,./audio/1706.wav,./audio/ref_voice/alienkevin.wav,OOCL Plaza有好多優質嘅衣服，而且價錢都唔貴，值得一睇！,10.6027,kept,train,"10.60s in [5.0, 30.0]"
1707,./audio/1707.wav,./audio/ref_voice/alienkevin.wav,"SASA香港嘅化妝品價錢比較平，一齊去shopping啦！"" ",7.616,kept,train,"7.62s in [5.0, 30.0]"
1708,./audio/1708.wav,./audio/ref_voice/alienkevin.wav,銅鑼灣嘅G.O.D 個設計好有香港風味，下次我哋可以去睇下！,8.2987,kept,train,"8.30s in [5.0, 30.0]"
1709,./audio/1709.wav,./audio/ref_voice/alienkevin.wav,"去完Ladies' Market後，我哋可以去附近嘅韓國餐館食嘢，適合shopping後放鬆下!"" ",11.1574,kept,train,"11.16s in [5.0, 30.0]"
1710,./audio/1710.wav,./audio/ref_voice/alienkevin.wav,"Harbour City嘅新品牌都有好多款式，而且今個月仲有discount，快啲去shopping啦！"" ",10.6454,kept,train,"10.65s in [5.0, 30.0]"
1711,./audio/1711.wav,./audio/ref_voice/alienkevin.wav,"我用咗Black Friday h哋優惠買咗好多衣服，真係十分money-worth！"" ",12.7787,kept,eval,"12.78s in [5.0, 30.0]"
1712,./audio/1712.wav,./audio/ref_voice/alienkevin.wav,Citygate Outlets平時嘅折扣就已經好誘人，之前嘅End Season Sale就更加唔可同日而語！,13.4614,kept,train,"13.46s in [5.0, 30.0]"
1713,./audio/1713.wav,./audio/ref_voice/alienkevin.wav,"我去Year-end sale買咗好多名牌衣服，all on sale，真係非常開心！"" ",8.4907,kept,train,"8.49s in [5.0, 30.0]"
1714,./audio/1714.wav,./audio/ref_voice/alienkevin.wav,Admiralty嗰度嘅Pacific Place有好多upscale嘅品牌，講真，我更鍾意港島嗰側嘅shopping地方！,14.272,kept,train,"14.27s in [5.0, 30.0]"
1715,./audio/1715.wav,./audio/ref_voice/alienkevin.wav,唔好feel pressure，learning process中嘅失败同困難都係不可或缺嘅一部分。,11.9254,kept,train,"11.93s in [5.0, 30.0]"
1716,./audio/1716.wav,./audio/ref_voice/alienkevin.wav,利用effective method去优化你嘅学习时间，可以比hands-on experience更efficient嘅帮手。,12.9067,kept,train,"12.91s in [5.0, 30.0]"
1717,./audio/1717.wav,./audio/ref_voice/alienkevin.wav,享受learning，唔好只係focus on grades.,5.9947,kept,train,"5.99s in [5.0, 30.0]"
1718,./audio/1718.wav,./audio/ref_voice/alienkevin.wav,唔好忽略保持consistent revision嘅重要性，呢个有助于你喺exams中表现得更好。,11.648,kept,train,"11.65s in [5.0, 30.0]"
1719,./audio/1719.wav,./audio/ref_voice/alienkevin.wav,與其worry about failure，唔如利用呢个opportunity去了解同提升自己嘅capabilities。,14.144,kept,train,"14.14s in [5.0, 30.0]"
1720,./audio/1720.wav,./audio/ref_voice/alienkevin.wav,做个active learner吧，唔好只等着被feed knowledge.,7.5734,kept,train,"7.57s in [5.0, 30.0]"
1721,./audio/1721.wav,./audio/ref_voice/alienkevin.wav,領域內嘅新資訊非常重要，keep up to date，唔好停止自我提升嘅步伐。,9.8987,kept,eval,"9.90s in [5.0, 30.0]"
1722,./audio/1722.wav,./audio/ref_voice/alienkevin.wav,Being curious 係一種好嘅學習習慣，問問題同找答案能加深你對知識嘅理解。,12.0534,kept,train,"12.05s in [5.0, 30.0]"
1723,./audio/1723.wav,./audio/ref_voice/alienkevin.wav,自學唔代表要學所有嘅事情，選擇你interested in嘅topic，唔好浪費時間去追求你唔鍾意嘅東西。,12.8427,kept,train,"12.84s in [5.0, 30.0]"
1724,./audio/1724.wav,./audio/ref_voice/alienkevin.wav,唔可以underestimate嘅就係你嘅hard work，只有你堅持到最後，你就會看到结果。,8.9174,kept,train,"8.92s in [5.0, 30.0]"
1725,./audio/1725.wav,./audio/ref_voice/alienkevin.wav,"Work smart,唔好只係work hard,咁樣你嘅工作效益会提升.",9.4507,kept,train,"9.45s in [5.0, 30.0]"
1726,./audio/1726.wav,./audio/ref_voice/alienkevin.wav,"Fake it till you make it, 唔好怕初次做错，学习就系出錯中嚟."" ",9.0454,kept,train,"9.05s in [5.0, 30.0]"
1727,./audio/1727.wav,./audio/ref_voice/alienkevin.wav,用你嘅unique skills去申请自己钟意嘅job，咁樣先至能真正enjoy你嘅工作.,11.648,kept,train,"11.65s in [5.0, 30.0]"
1728,./audio/1728.wav,./audio/ref_voice/alienkevin.wav,要有志向喺career path上面，set goals去推動自己不断improve.,9.7067,kept,train,"9.71s in [5.0, 30.0]"
1729,./audio/1729.wav,./audio/ref_voice/alienkevin.wav,唔好怕take risks，有时候outside the comfort zone先至有新嘅opportunities.,11.2427,kept,train,"11.24s in [5.0, 30.0]"
1730,./audio/1730.wav,./audio/ref_voice/alienkevin.wav,"持續upgrade yourself, 咁樣喺工作上面先可以keep up with the pace.",8.4907,kept,train,"8.49s in [5.0, 30.0]"
1731,./audio/1731.wav,./audio/ref_voice/alienkevin.wav,"要时刻保持professional, 唔好因为一时嘅emotions而影响到你嘅judgement.",12.5227,kept,train,"12.52s in [5.0, 30.0]"
1732,./audio/1732.wav,./audio/ref_voice/alienkevin.wav,Time management喺工作上面非常important，懂得分配时间，提升效率.,8.512,kept,train,"8.51s in [5.0, 30.0]"
1733,./audio/1733.wav,./audio/ref_voice/alienkevin.wav,Constructive feedback係好嘅学习机会，用开放嘅心态去accept，令自己grow faster.,12.48,kept,train,"12.48s in [5.0, 30.0]"
1734,./audio/1734.wav,./audio/ref_voice/alienkevin.wav,Remember to achieve a work-life balance，工作再忙都要照顾好自己嘅健康.,9.3654,kept,train,"9.37s in [5.0, 30.0]"
1735,./audio/1735.wav,./audio/ref_voice/alienkevin.wav,"今天Weather真係好清爽，大家要Enjoy户外活动啦。"" ",5.547,kept,train,"5.55s in [5.0, 30.0]"
1736,./audio/1736.wav,./audio/ref_voice/alienkevin.wav,呢几日雨勢好大，記得出門戴傘，Stay safe嘅！,7.04,kept,train,"7.04s in [5.0, 30.0]"
1737,./audio/1737.wav,./audio/ref_voice/alienkevin.wav,今年Winter比較冷，大家记得keep warm添啊!,5.8667,kept,train,"5.87s in [5.0, 30.0]"
1738,./audio/1738.wav,./audio/ref_voice/alienkevin.wav,今晚夜色好美，你them out去海边聽聽Wave sound啊。,7.4454,kept,train,"7.45s in [5.0, 30.0]"
1739,./audio/1739.wav,./audio/ref_voice/alienkevin.wav,呢日Sun又出来了，真的是大好日子，可以go hiking啦。,7.68,kept,train,"7.68s in [5.0, 30.0]"
1740,./audio/1740.wav,./audio/ref_voice/alienkevin.wav,冇嘢比一日早晨嘅Fresh Air 更能Energize 人，真係好舒服喎！,8.128,kept,train,"8.13s in [5.0, 30.0]"
1741,./audio/1741.wav,./audio/ref_voice/alienkevin.wav,"天气变得好快，由sunny變成了rainy, 記得带雨具哊。”",7.1894,kept,train,"7.19s in [5.0, 30.0]"
1742,./audio/1742.wav,./audio/ref_voice/alienkevin.wav,天色好Clear，今晚可以去Rooftop Bar 看星星啊。,6.9974,kept,train,"7.00s in [5.0, 30.0]"
1743,./audio/1743.wav,./audio/ref_voice/alienkevin.wav,今日嘅風真係夠Big，出街要小心唔好被blow走啊。” ,7.4027,kept,train,"7.40s in [5.0, 30.0]"
1744,./audio/1744.wav,./audio/ref_voice/alienkevin.wav,总觉得Autumn气氛最美，呢个Season周围嘅颜色好vibrant色彩繽紛。”,9.3014,kept,train,"9.30s in [5.0, 30.0]"
1745,./audio/1745.wav,./audio/ref_voice/alienkevin.wav,这个烧鹅饭，rice非常fragrant，鹅肉juicy and crispy，还有够rich的flavor，实在是dinner的perfect choice！,14.9334,kept,train,"14.93s in [5.0, 30.0]"
1746,./audio/1746.wav,./audio/ref_voice/alienkevin.wav,这个糖水蓮子糕，lotus seeds非常soft and sweet，而且low calories，是我们Cantonese people的healthy d…,16.512,kept,train,"16.51s in [5.0, 30.0]"
1747,./audio/1747.wav,./audio/ref_voice/alienkevin.wav,这个炒面，noodles是Springy and chewy，配上我们的secret sauce，就是lunch time的absolute treat！,16.768,kept,train,"16.77s in [5.0, 30.0]"
1748,./audio/1748.wav,./audio/ref_voice/alienkevin.wav,这个港式奶茶，tea是rich and aromatic，还有滑滑creamy的牛奶，无论是morning dose还是afternoon pick me up…,16.512,kept,train,"16.51s in [5.0, 30.0]"
1749,./audio/1749.wav,./audio/ref_voice/alienkevin.wav,榴莲酥，durian filling是creamy and flavorful，过外面的pastry是flaky and light，是high tea的mus…,17.3014,kept,train,"17.30s in [5.0, 30.0]"
1750,./audio/1750.wav,./audio/ref_voice/alienkevin.wav,这个糖醋鸡，chicken是super tender and juicy，酱料sweet and tangy，也是Sunday family dinner的hi…,13.12,kept,eval,"13.12s in [5.0, 30.0]"
1751,./audio/1751.wav,./audio/ref_voice/alienkevin.wav,这个虾饺，shrimp是crisp and flavorful，配上那透明的dumpling skin，真的是dim sum heaven！,11.136,kept,train,"11.14s in [5.0, 30.0]"
1752,./audio/1752.wav,./audio/ref_voice/alienkevin.wav,这个马蹄糕，water chestnut是crunchy，还有甜甜的coconut milk，是我们Cantonese dessert的representati…,14.295,kept,train,"14.29s in [5.0, 30.0]"
1753,./audio/1753.wav,./audio/ref_voice/alienkevin.wav,去過Italy嘅Rome，你就會感受到古老世界嘅magnificent美,8.704,kept,train,"8.70s in [5.0, 30.0]"
1754,./audio/1754.wav,./audio/ref_voice/alienkevin.wav,如果你去過Japan，就會知道Sakura嘅beauty可以將人mesmerize,7.4454,kept,train,"7.45s in [5.0, 30.0]"
1755,./audio/1755.wav,./audio/ref_voice/alienkevin.wav,我鐘意去New Zealand trekking，其natural landscape真係令人breathtaking,10.1974,kept,train,"10.20s in [5.0, 30.0]"
1756,./audio/1756.wav,./audio/ref_voice/alienkevin.wav,去過India嘅Taj Mahal你就會明白人類嘅artistic achievement係幾powerful,12.608,kept,train,"12.61s in [5.0, 30.0]"
1757,./audio/1757.wav,./audio/ref_voice/alienkevin.wav,如果你去過Australia，你就會對那嘅wildlife好intrigued,10.304,kept,train,"10.30s in [5.0, 30.0]"
1758,./audio/1758.wav,./audio/ref_voice/alienkevin.wav,France嘅Paris，尤其係嗰個iconic嘅Eiffel Tower，真係一個romantic嘅destination,11.648,kept,train,"11.65s in [5.0, 30.0]"
1759,./audio/1759.wav,./audio/ref_voice/alienkevin.wav,去過US嘅Grand Canyon就會明白大自然嘅力量有幾awe-inspiring,10.1334,kept,train,"10.13s in [5.0, 30.0]"
1760,./audio/1760.wav,./audio/ref_voice/alienkevin.wav,如果你去過Thailand，你會Halloween嘅Floating Lantern Festival有幾magical,12.459,kept,train,"12.46s in [5.0, 30.0]"
1761,./audio/1761.wav,./audio/ref_voice/alienkevin.wav,我去過England嘅Stonehenge，dat ancient site嘅mystery真係令人fascinated,12.5867,kept,train,"12.59s in [5.0, 30.0]"
1762,./audio/1762.wav,./audio/ref_voice/alienkevin.wav,去過Mexico嘅Chichen Itza就會realize古文明嘅wisdom與mystery,9.8347,kept,train,"9.83s in [5.0, 30.0]"
1763,./audio/1763.wav,./audio/ref_voice/alienkevin.wav,我最喜歡喺周末去clubbing，跳到全身都係sweat，真係一個好好嘅stress buster.,9.472,kept,train,"9.47s in [5.0, 30.0]"
1764,./audio/1764.wav,./audio/ref_voice/alienkevin.wav,食完飯之後，一家人喺家睇下Netflix，一齊笑，一齊驚，真係超warm.,10.688,kept,train,"10.69s in [5.0, 30.0]"
1765,./audio/1765.wav,./audio/ref_voice/alienkevin.wav,我好多時喺晚飯後個兩個鐘頭會去打Game，我的strategy game真係好玩架.,12.5867,kept,train,"12.59s in [5.0, 30.0]"
1766,./audio/1766.wav,./audio/ref_voice/alienkevin.wav,雖然唔多鍾意做運動，但我鍾意喺家中睇football match，感覺比實際去場地睇更加exciting.,13.9307,kept,train,"13.93s in [5.0, 30.0]"
1767,./audio/1767.wav,./audio/ref_voice/alienkevin.wav,喺公眾假期，我會去hiking，然後駁個potluck，同friend一齊分享食物，一齊chill，真係好relaxing.,13.7814,kept,train,"13.78s in [5.0, 30.0]"
1768,./audio/1768.wav,./audio/ref_voice/alienkevin.wav,每到假期，我同friend就會去Karaoke，唱K同dancing到一個初早，真係好liberating.,11.9467,kept,train,"11.95s in [5.0, 30.0]"
1769,./audio/1769.wav,./audio/ref_voice/alienkevin.wav,我成日都會喺app store度download一啲new game試下，keep up with the trend，玩到好exhilarating.,14.9974,kept,train,"15.00s in [5.0, 30.0]"
1770,./audio/1770.wav,./audio/ref_voice/alienkevin.wav,Sometimes我都會去cinema看下latest movie，喺大screen度睇個感覺真係唔同，超immersive.,14.187,kept,train,"14.19s in [5.0, 30.0]"
1771,./audio/1771.wav,./audio/ref_voice/alienkevin.wav,跑marathon除左要擁有endurance，仲要有自我discipline去堅持完走一個長距離嘅挑戰。,14.72,kept,train,"14.72s in [5.0, 30.0]"
1772,./audio/1772.wav,./audio/ref_voice/alienkevin.wav,打table tennis可以幫你提升quick reflexes，而且仲可以係improve你嘅focus。,12.4374,kept,train,"12.44s in [5.0, 30.0]"
1773,./audio/1773.wav,./audio/ref_voice/alienkevin.wav,玩basketball可以係要保持身體嘅agility，同時仲可以係讓你嘅communication skills有所提升。,11.904,kept,train,"11.90s in [5.0, 30.0]"
1774,./audio/1774.wav,./audio/ref_voice/alienkevin.wav,做gymnastics唔只係提高身體嘅flexibility，仲可以係提升你嘅strength與balance。,10.816,kept,train,"10.82s in [5.0, 30.0]"
1775,./audio/1775.wav,./audio/ref_voice/alienkevin.wav,學習swimming非常有助於提高你嘅cardiovascular health，同時仲可以係improve你嘅lung capacity。,14.6134,kept,train,"14.61s in [5.0, 30.0]"
1776,./audio/1776.wav,./audio/ref_voice/alienkevin.wav,玩soccer唔只係要有很强的teamwork，還要能夠速度與stamina並進。,12.6507,kept,train,"12.65s in [5.0, 30.0]"
1777,./audio/1777.wav,./audio/ref_voice/alienkevin.wav,練習boxing可以幫你提升self-defense skills，仲可以係要提高你嘅strength同endurance。,12.3094,kept,train,"12.31s in [5.0, 30.0]"
1778,./audio/1778.wav,./audio/ref_voice/alienkevin.wav,玩badminton可以係提高你的agility，同時也能强化你的endurance.,10.2827,kept,train,"10.28s in [5.0, 30.0]"
1779,./audio/1779.wav,./audio/ref_voice/alienkevin.wav,COVID-19疫情下，香港人嘅生活變得困難，政府必須提供financial aids嚟幫助有困難嘅市民。,12.0747,kept,train,"12.07s in [5.0, 30.0]"
1780,./audio/1780.wav,./audio/ref_voice/alienkevin.wav,Internet censorship嚟俾阻止網上嘅false information，但係呢件事需保護市民嘅freedom of speech，否則可能引起社…,20.8,kept,train,"20.80s in [5.0, 30.0]"
1781,./audio/1781.wav,./audio/ref_voice/alienkevin.wav,Air pollution係香港一直以嚟嘅問題，必須加強環保education，又或者提供更多public transportation options。,15.168,kept,train,"15.17s in [5.0, 30.0]"
1782,./audio/1782.wav,./audio/ref_voice/alienkevin.wav,Job market盡現嚟係變得越嚟越competitive，年輕人要尋找工作時遇到好多困難，政府需要提供career guidance俾年輕人，同時增加job…,26.688,kept,train,"26.69s in [5.0, 30.0]"
1783,./audio/1783.wav,./audio/ref_voice/alienkevin.wav,Political instability係香港近年嘅主要問題，我哋需要和解、對話，唔可以再繼續violent protest，否則會影響香港嘅社會秩序同eco…,22.0587,kept,train,"22.06s in [5.0, 30.0]"
1784,./audio/1784.wav,./audio/ref_voice/alienkevin.wav,Public healthcare system呢方面呢，香港需要不斷嘅改革，政府必須提供充足嘅resources，包括area嘅醫療設施同足夠嘅medical…,22.4427,kept,train,"22.44s in [5.0, 30.0]"
1785,./audio/1785.wav,./audio/ref_voice/alienkevin.wav,Education equality係社會發展嘅長遠目標，政府要保證所有學生都有機會喺良好嘅educational environment下學習，就算喺rura…,20.928,kept,train,"20.93s in [5.0, 30.0]"
1786,./audio/1786.wav,./audio/ref_voice/alienkevin.wav,Public transport fares愈嚟愈貴，尤其係對於low-income households，政府應該推出更多fare concession嚟幫助…,14.8267,kept,train,"14.83s in [5.0, 30.0]"
1787,./audio/1787.wav,./audio/ref_voice/alienkevin.wav,Urban development要考慮環保，我哋要balance economic growth同sustainable development，咁樣先可以b…,15.232,kept,train,"15.23s in [5.0, 30.0]"
1788,./audio/1788.wav,./audio/ref_voice/alienkevin.wav,Gender equality一直都係一個重要既議題，喺香港，我哋應該俾更多嘅opportunity比女性，改善佢哋嘅social status。,17.28,kept,train,"17.28s in [5.0, 30.0]"
1789,./audio/1789.wav,./audio/ref_voice/alienkevin.wav,Central嗰度嘅IFC Mall有好多brands for shopping，一定滿足到你嘅購物需求！,13.3547,kept,train,"13.35s in [5.0, 30.0]"
1790,./audio/1790.wav,./audio/ref_voice/alienkevin.wav,Pacific Place有好多喺尋找designer labels嘅你，啱晒你既品味！,11.6267,kept,train,"11.63s in [5.0, 30.0]"
1791,./audio/1791.wav,./audio/ref_voice/alienkevin.wav,Tiffany & Co. 喺Times Square有折讓，快啲去買返份專屬嘅禮物俾自己！,14.144,kept,train,"14.14s in [5.0, 30.0]"
1792,./audio/1792.wav,./audio/ref_voice/alienkevin.wav,Harbour City係TST有好多outlets，你可以享受大量嘅discounts!,10.3254,kept,train,"10.33s in [5.0, 30.0]"
1793,./audio/1793.wav,./audio/ref_voice/alienkevin.wav,Sephora嘅新makeup palette出咗，我哋星期六去尋找完美嘅色彩搭配！,8.6614,kept,train,"8.66s in [5.0, 30.0]"
1794,./audio/1794.wav,./audio/ref_voice/alienkevin.wav,快d去check下Causeway Bay嗰度嘅Nike store，新款running shoes入咗貨！,9.003,kept,train,"9.00s in [5.0, 30.0]"
1795,./audio/1795.wav,./audio/ref_voice/alienkevin.wav,Topshop嘅新季度women wear已經喺店面展示，一齊去揀啲新嘅衫褲啦！,10.5174,kept,train,"10.52s in [5.0, 30.0]"
1796,./audio/1796.wav,./audio/ref_voice/alienkevin.wav,Zara喺Festival Walk有門市，啲clothing style真係好潮呀！,7.5734,kept,train,"7.57s in [5.0, 30.0]"
1797,./audio/1797.wav,./audio/ref_voice/alienkevin.wav,LV喺Elements新嘅limited edition背包好型，我打算買一個送俾我女朋友！,11.3494,kept,train,"11.35s in [5.0, 30.0]"
1798,./audio/1798.wav,./audio/ref_voice/alienkevin.wav,Miramar Shopping Centre嗰度嘅New Balance鞋新品上市，我哋應該一齊去買嚟做情侶鞋！,10.752,kept,train,"10.75s in [5.0, 30.0]"
1799,./audio/1799.wav,./audio/ref_voice/alienkevin.wav,記得要將學習嘅時間effectively manage，唔好浪費任何一个可以學新知識嘅機會。,10.5174,kept,eval,"10.52s in [5.0, 30.0]"
1800,./audio/1800.wav,./audio/ref_voice/alienkevin.wav,唔該保持critical thinking嘅態度，唔可以盲從自己嘅立場或觀點。,8.1707,kept,train,"8.17s in [5.0, 30.0]"
1801,./audio/1801.wav,./audio/ref_voice/alienkevin.wav,喺咁多information overload嘅世界裡，學識筛選資訊係相當重要。,9.344,kept,train,"9.34s in [5.0, 30.0]"
1802,./audio/1802.wav,./audio/ref_voice/alienkevin.wav,與其passive learning，不如更加主動去尋找自己感興趣嘅學問。,6.6134,kept,train,"6.61s in [5.0, 30.0]"
1803,./audio/1803.wav,./audio/ref_voice/alienkevin.wav,唔可以唔肯admit mistakes，因為錯誤會讓我哋進步。,7.5947,kept,train,"7.59s in [5.0, 30.0]"
1804,./audio/1804.wav,./audio/ref_voice/alienkevin.wav,喺學習路上，唔好怕failure，追求success之前先要學識接受失敗。,8.5974,kept,train,"8.60s in [5.0, 30.0]"
1805,./audio/1805.wav,./audio/ref_voice/alienkevin.wav,喺learning process中，唔可以忽略了reflect on自己嘅部份。,8.1707,kept,train,"8.17s in [5.0, 30.0]"
1806,./audio/1806.wav,./audio/ref_voice/alienkevin.wav,要喺學習過程中學識appreciate自己嘅成就，咁樣先可以更有努力嘅動力。,12.5867,kept,train,"12.59s in [5.0, 30.0]"
1807,./audio/1807.wav,./audio/ref_voice/alienkevin.wav,自己嘅progress唔可以只靠學科導師嘅feedback，自己都要有自我評價。,10.5174,kept,train,"10.52s in [5.0, 30.0]"
1808,./audio/1808.wav,./audio/ref_voice/alienkevin.wav,學識如何efficiency地學習係一種重要嘅skill，唔要覺得有壓力，要享受學習。,10.9227,kept,train,"10.92s in [5.0, 30.0]"
1809,./audio/1809.wav,./audio/ref_voice/alienkevin.wav,Remember唔好太overwhelm yourself，充份嘅rest同样重要。,8.128,kept,train,"8.13s in [5.0, 30.0]"
1810,./audio/1810.wav,./audio/ref_voice/alienkevin.wav,Work-life balance係一种lifestyle，唔应该被work dominate住。,8.5974,kept,train,"8.60s in [5.0, 30.0]"
1811,./audio/1811.wav,./audio/ref_voice/alienkevin.wav,定期嘅feedback可以帮助改善我哋嘅performance。,5.9734,kept,eval,"5.97s in [5.0, 30.0]"
1812,./audio/1812.wav,./audio/ref_voice/alienkevin.wav,Teamwork係成功嘅key，大家要齐心协力。,5.3334,kept,eval,"5.33s in [5.0, 30.0]"
1813,./audio/1813.wav,./audio/ref_voice/alienkevin.wav,希望你唔好feel discouraged，只要持续嘅effort就会有rewards。,9.5574,kept,train,"9.56s in [5.0, 30.0]"
1814,./audio/1814.wav,./audio/ref_voice/alienkevin.wav,Career goals设定得清楚係plan ahead嘅first step。,8.4054,kept,train,"8.41s in [5.0, 30.0]"
1815,./audio/1815.wav,./audio/ref_voice/alienkevin.wav,A positive attitude对于handle stress喺工作中很重要。,7.36,kept,train,"7.36s in [5.0, 30.0]"
1816,./audio/1816.wav,./audio/ref_voice/alienkevin.wav,Stay organized唔只令你嘅workspace整齐，同时令你work efficiently。,8.9814,kept,train,"8.98s in [5.0, 30.0]"
1817,./audio/1817.wav,./audio/ref_voice/alienkevin.wav,Problem-solving skills对于处理complex issues非常crucial。,8.2987,kept,train,"8.30s in [5.0, 30.0]"
1818,./audio/1818.wav,./audio/ref_voice/alienkevin.wav,Keep learning，保持innovative mind係stay competitive嘅best way。,8.1707,kept,eval,"8.17s in [5.0, 30.0]"
1819,./audio/1819.wav,./audio/ref_voice/alienkevin.wav,唔好忽视personal development，继续upgrade你自己。,6.3574,kept,train,"6.36s in [5.0, 30.0]"
1820,./audio/1820.wav,./audio/ref_voice/alienkevin.wav,今日嘅Weather Forecast話有雨，記得Prepare好雨具喇！,6.8907,kept,train,"6.89s in [5.0, 30.0]"
1821,./audio/1821.wav,./audio/ref_voice/alienkevin.wav,昨日嘅太陽好Bright，我冇咩防曬措施，結果Turn into a lobster咁！,11.8187,kept,train,"11.82s in [5.0, 30.0]"
1822,./audio/1822.wav,./audio/ref_voice/alienkevin.wav,夜晚嘅Breeze真係冷得令我Freeze，冇備好保暖衫又真係好Suffer！,10.3467,kept,train,"10.35s in [5.0, 30.0]"
1823,./audio/1823.wav,./audio/ref_voice/alienkevin.wav,呢幾日嘅Winter真係嚟得好Unexpected，冇威風雨，只有Freezing cold咋！,13.3547,kept,train,"13.35s in [5.0, 30.0]"
1824,./audio/1824.wav,./audio/ref_voice/alienkevin.wav,"今晚星空美得Out of this world，Cold night, warm heart嘅感覺真係Good vibes！",10.048,kept,train,"10.05s in [5.0, 30.0]"
1825,./audio/1825.wav,./audio/ref_voice/alienkevin.wav,依家係Summer time，Sunshine 猛烈到一定要Wear sunscreen保護肌膚嘅。,11.2,kept,train,"11.20s in [5.0, 30.0]"
1826,./audio/1826.wav,./audio/ref_voice/alienkevin.wav,Spring arrived，天氣turn into暖，真係適合喺公園度過Lazy afternoon。,9.4294,kept,train,"9.43s in [5.0, 30.0]"
1827,./audio/1827.wav,./audio/ref_voice/alienkevin.wav,今朝睇到個Sunrise，真係Beautiful到我Speechless，好靚嘅一日便開始咗。,11.4347,kept,train,"11.43s in [5.0, 30.0]"
1828,./audio/1828.wav,./audio/ref_voice/alienkevin.wav,今日嘅Weather好Perfect，希望明日都能持續Keep it up。,6.9547,kept,train,"6.95s in [5.0, 30.0]"
1829,./audio/1829.wav,./audio/ref_voice/alienkevin.wav,被Rainy day困係屋企，真係令人Feel bored，但係成日咁都有啲Chill vibes。,11.264,kept,train,"11.26s in [5.0, 30.0]"
1830,./audio/1830.wav,./audio/ref_voice/alienkevin.wav,这个蛋挞，custard香滑，pastry酥脆，是perfect accompaniment for afternoon tea！,10.7734,kept,train,"10.77s in [5.0, 30.0]"
1831,./audio/1831.wav,./audio/ref_voice/alienkevin.wav,这个菠萝包，糖酥topping口感独特，加上soft and fluffy的面包，早餐的best choice！,11.8614,kept,train,"11.86s in [5.0, 30.0]"
1832,./audio/1832.wav,./audio/ref_voice/alienkevin.wav,"河粉炒得just right,牛肉tender and juicy，带着wok hay的flavor,非常满足！",12.16,kept,train,"12.16s in [5.0, 30.0]"
1833,./audio/1833.wav,./audio/ref_voice/alienkevin.wav,"这个叉烧包，dough软软的, 叉烧filling sweetness和savory balance得很好，是Cantonese dim sum的classic…",16.512,kept,train,"16.51s in [5.0, 30.0]"
1834,./audio/1834.wav,./audio/ref_voice/alienkevin.wav,茶餐厅的奶茶，rich and smooth with strong tea flavor，实在是一天的energy booster！,12.0107,kept,train,"12.01s in [5.0, 30.0]"
1835,./audio/1835.wav,./audio/ref_voice/alienkevin.wav,这个豆腐花，delicately silky，配上姜汁或者红糖，是很classic的Cantonese dessert！,13.2694,kept,train,"13.27s in [5.0, 30.0]"
1836,./audio/1836.wav,./audio/ref_voice/alienkevin.wav,鱼肉炖得非常tender，萝蔬是refreshing，真是healthy and delicious的dinner dish！,12.2667,kept,train,"12.27s in [5.0, 30.0]"
1837,./audio/1837.wav,./audio/ref_voice/alienkevin.wav,这个甜虾，tender succulent，加上sweet and sour的dressing，是一道perfect appetizer！,11.1574,kept,train,"11.16s in [5.0, 30.0]"
1838,./audio/1838.wav,./audio/ref_voice/alienkevin.wav,这个南瓜糖水，pumpkin sweet and soft，配up with coconut milk，是粤菜sweet soup的must try！,15.5947,kept,train,"15.59s in [5.0, 30.0]"
1839,./audio/1839.wav,./audio/ref_voice/alienkevin.wav,这个鲍鱼粥，rice和海鲜的flavor blended perfectly，是一道luxurious comfort food！,10.5814,kept,train,"10.58s in [5.0, 30.0]"
1840,./audio/1840.wav,./audio/ref_voice/alienkevin.wav,"你去過USA嘅New York未，紐約嘅nightlife真係可以令人well-impressed。"" ",11.456,kept,train,"11.46s in [5.0, 30.0]"
1841,./audio/1841.wav,./audio/ref_voice/alienkevin.wav,"你應該去試下Australia出名嘅surfing，夠challenge同好刺激。"" ",9.024,kept,train,"9.02s in [5.0, 30.0]"
1842,./audio/1842.wav,./audio/ref_voice/alienkevin.wav,"如果你喜歡靜靜地appreciate大自然，那你一定要去Canada嘅Banff National Park。"" ",12.5867,kept,train,"12.59s in [5.0, 30.0]"
1843,./audio/1843.wav,./audio/ref_voice/alienkevin.wav,"Bali是個完美嘅地方去relax同享受tropical weather。"" ",10.752,kept,train,"10.75s in [5.0, 30.0]"
1844,./audio/1844.wav,./audio/ref_voice/alienkevin.wav,"當你去過France嘅Paris，你就會明白點解人嗰度嘅art scene咁被讚賞。"" ",13.312,kept,train,"13.31s in [5.0, 30.0]"
1845,./audio/1845.wav,./audio/ref_voice/alienkevin.wav,"如果你喜歡architectural wonders，你一定會愛上Spain嘅Barcelona。"" ",8.0854,kept,train,"8.09s in [5.0, 30.0]"
1846,./audio/1846.wav,./audio/ref_voice/alienkevin.wav,"你去過Thailand嘅Bangkok未， hawker food嘅獨特味道一定會讓你心滿意足。"" ",10.3467,kept,train,"10.35s in [5.0, 30.0]"
1847,./audio/1847.wav,./audio/ref_voice/alienkevin.wav,"去過Germany 嘅 Berlin，你就會見識到咗歷史和現代文化嘅perfect blend。"" ",12.0534,kept,train,"12.05s in [5.0, 30.0]"
1848,./audio/1848.wav,./audio/ref_voice/alienkevin.wav,如果你到過UK嘅London，你會發現嗮倫敦嘅multicultural vibe難以忘懷。,12.2027,kept,train,"12.20s in [5.0, 30.0]"
1849,./audio/1849.wav,./audio/ref_voice/alienkevin.wav,當你去過Greece嘅Santorini，你就會明白幾咩叫做stunning scenery。,11.4347,kept,train,"11.43s in [5.0, 30.0]"
1850,./audio/1850.wav,./audio/ref_voice/alienkevin.wav,我鐘意去concert，聽我最喜愛嘅band演出，佢哋嘅音樂真係好inspiring。,11.264,kept,train,"11.26s in [5.0, 30.0]"
1851,./audio/1851.wav,./audio/ref_voice/alienkevin.wav,喺weekend，我喜歡同friend去KTV唱歌，sound system真係好正！,8.535,kept,train,"8.53s in [5.0, 30.0]"
1852,./audio/1852.wav,./audio/ref_voice/alienkevin.wav,如果有時間，我都會去睇cinema，unwind一下，放鬆吓神經。,8.1067,kept,eval,"8.11s in [5.0, 30.0]"
1853,./audio/1853.wav,./audio/ref_voice/alienkevin.wav,我鍾意喺YouTube睇comedy show，總係能夠令我大笑非常effective。,9.856,kept,train,"9.86s in [5.0, 30.0]"
1854,./audio/1854.wav,./audio/ref_voice/alienkevin.wav,喺空閒時間，我鍾意玩video game，感覺係一個好好嘅escapism。,9.0454,kept,train,"9.05s in [5.0, 30.0]"
1855,./audio/1855.wav,./audio/ref_voice/alienkevin.wav,我好鍾意喺家睇Netflix，點播我喜歡嘅TV series或者電影，真係太convenient。,12.928,kept,train,"12.93s in [5.0, 30.0]"
1856,./audio/1856.wav,./audio/ref_voice/alienkevin.wav,喺聖誕節，我同朋友喺家開party，一齊玩game，簡直係最好嘅celebration。,12.224,kept,train,"12.22s in [5.0, 30.0]"
1857,./audio/1857.wav,./audio/ref_voice/alienkevin.wav,我喺香港迪士尼玩得好開心，坐過山車嘅感覺真係太thrilling！,8.8747,kept,train,"8.87s in [5.0, 30.0]"
1858,./audio/1858.wav,./audio/ref_voice/alienkevin.wav,淨係喺家看電視咁簡單，都可以讓我感到relaxed and comfortable。,8.5974,kept,train,"8.60s in [5.0, 30.0]"
1859,./audio/1859.wav,./audio/ref_voice/alienkevin.wav,我好鍾意唱karaoke，可以唱出我嘅emotion，好享受嘅一個娛樂活動。,8.5547,kept,train,"8.55s in [5.0, 30.0]"
1860,./audio/1860.wav,./audio/ref_voice/alienkevin.wav,做yoga可以改善你的flexibility，同時亦能提升你的inner peace和focus.,9.8987,kept,train,"9.90s in [5.0, 30.0]"
1861,./audio/1861.wav,./audio/ref_voice/alienkevin.wav,"打table tennis可以係训练你嘅co-ordination, 仲可以提升你嘅reaction time.",13.2694,kept,train,"13.27s in [5.0, 30.0]"
1862,./audio/1862.wav,./audio/ref_voice/alienkevin.wav,爬mountain 係一個好exercise，執咗除了能keep fit，仲可以帮你氧吸收更多的fresh air.,14.912,kept,train,"14.91s in [5.0, 30.0]"
1863,./audio/1863.wav,./audio/ref_voice/alienkevin.wav,玩basketball不只能提高你的stamina，佢仲可以强化你的teamwork skills。,11.4987,kept,train,"11.50s in [5.0, 30.0]"
1864,./audio/1864.wav,./audio/ref_voice/alienkevin.wav,參加triathlon比賽除左需要多方面嘅physical strength，仲要有strong willpower去克服嚟自體能上嘅挑戰。,12.544,kept,train,"12.54s in [5.0, 30.0]"
1865,./audio/1865.wav,./audio/ref_voice/alienkevin.wav,打golf可以讓你享受到nature，同時提升你的precision和strategic thinking。,12.3734,kept,train,"12.37s in [5.0, 30.0]"
1866,./audio/1866.wav,./audio/ref_voice/alienkevin.wav,"带住你嘅bicycle出去cycling,都可以keep fit，而家仲係綠色出行嘅第一選擇。",10.9227,kept,train,"10.92s in [5.0, 30.0]"
1867,./audio/1867.wav,./audio/ref_voice/alienkevin.wav,做gymnastics可以增强你嘅flexibility同balance，更可以improve你嘅body control能力呢。,12.6294,kept,train,"12.63s in [5.0, 30.0]"
1868,./audio/1868.wav,./audio/ref_voice/alienkevin.wav,"泳水除左可以build up肌肉，仲可以强化你的lung capacity，仲得閒可以去beach玩得開心咁。"" ",14.8907,kept,train,"14.89s in [5.0, 30.0]"
1869,./audio/1869.wav,./audio/ref_voice/alienkevin.wav,跑sprint可以培育你嘅explosive strength，仲能提升你快速启动嘅能力呢。,9.5147,kept,train,"9.51s in [5.0, 30.0]"
1870,./audio/1870.wav,./audio/ref_voice/alienkevin.wav,Housing crisis一直都係香港最重要嘅社会问题，政府需要提供多啲affordable housing options，而且必须十分transparen…,21.632,kept,train,"21.63s in [5.0, 30.0]"
1871,./audio/1871.wav,./audio/ref_voice/alienkevin.wav,Climate change已經影響到本地嘅天氣pattern，係時候我哋需要take action，例如推行sustainable practices，或者鼓…,18.1334,kept,eval,"18.13s in [5.0, 30.0]"
1872,./audio/1872.wav,./audio/ref_voice/alienkevin.wav,香港嘅youth unemployment rate係一個令人憂慮嘅問題，政府需要提供更多job training programs，同時鼓勵企業hire lo…,17.2374,kept,train,"17.24s in [5.0, 30.0]"
1873,./audio/1873.wav,./audio/ref_voice/alienkevin.wav,Tourism industry係香港經濟嘅重要一環，不過要堅持sustainable tourism，避免over-tourism帶來嘅negative im…,14.72,kept,train,"14.72s in [5.0, 30.0]"
1874,./audio/1874.wav,./audio/ref_voice/alienkevin.wav,Education system需要不斷innovate，同學生現實需求接軌，例如加強21st century skills嘅訓練，同埋鼓勵lifelong l…,16.768,kept,train,"16.77s in [5.0, 30.0]"
1875,./audio/1875.wav,./audio/ref_voice/alienkevin.wav,Healthcare system面對着大量嘅challenges，唔單止係疾病嘅威脅，而且要處理高齡化社會帶來嘅pressure。,13.44,kept,train,"13.44s in [5.0, 30.0]"
1876,./audio/1876.wav,./audio/ref_voice/alienkevin.wav,Public safety係每一個市民都關注嘅問題，政府需要提供adequate resources，以保護我哋嘅communities。,16.2134,kept,train,"16.21s in [5.0, 30.0]"
1877,./audio/1877.wav,./audio/ref_voice/alienkevin.wav,精神健康越嚟越受到重視，呢個問題需要comprehensive approach去處理，例如設立mental health hotlines，同埋提供profe…,24.4907,kept,train,"24.49s in [5.0, 30.0]"
1878,./audio/1878.wav,./audio/ref_voice/alienkevin.wav,Political stability係香港未來發展嘅關鍵，要resolve conflicts，我哋必須透過dialogue並尊重每個人嘅opinions。,21.099,kept,train,"21.10s in [5.0, 30.0]"
1879,./audio/1879.wav,./audio/ref_voice/alienkevin.wav,Cultural diversity係香港一個重要嘅特色，我哋要促進mutual respect，並善於appreciate different culture…,17.3867,kept,train,"17.39s in [5.0, 30.0]"
1880,./audio/1880.wav,./audio/ref_voice/alienkevin.wav,Admiralty嘅PACIFIC PLACE有好多luxury brands，你仲可以sleep商场落面嘅酒店！,12.459,kept,train,"12.46s in [5.0, 30.0]"
1881,./audio/1881.wav,./audio/ref_voice/alienkevin.wav,去YEE WO STREET吖，嗰度一定有你鐘意嘅clothes！,7.275,kept,train,"7.27s in [5.0, 30.0]"
1882,./audio/1882.wav,./audio/ref_voice/alienkevin.wav,今日過去Central嗰度有一個pop-up store，有好多乜都有嘅furniture！,9.3867,kept,train,"9.39s in [5.0, 30.0]"
1883,./audio/1883.wav,./audio/ref_voice/alienkevin.wav,元朗大棠路有個organic farm我成日喺度買food，你可以去贏咗啲便利店嗰啲！,12.6294,kept,train,"12.63s in [5.0, 30.0]"
1884,./audio/1884.wav,./audio/ref_voice/alienkevin.wav,去Mongkok嗰度嘅Argyle Centre搵嗰啲street-style fashion items，相信你冇得失！,11.6054,kept,train,"11.61s in [5.0, 30.0]"
1885,./audio/1885.wav,./audio/ref_voice/alienkevin.wav,我去咗hysan place，有好多喺CWB搵唔到嘅brands喺度！,8.6827,kept,train,"8.68s in [5.0, 30.0]"
1886,./audio/1886.wav,./audio/ref_voice/alienkevin.wav,Stanley Market 有好多souvenir，你去咗淨係嗰啲tourist hotspots買野，一定後悔！,11.3707,kept,train,"11.37s in [5.0, 30.0]"
1887,./audio/1887.wav,./audio/ref_voice/alienkevin.wav,今日去CWB，Sogo嗰度做緊sale，記住快d去check一check啦！,8.832,kept,train,"8.83s in [5.0, 30.0]"
1888,./audio/1888.wav,./audio/ref_voice/alienkevin.wav,去TST，iSquare嗰度既cinema，新上映嘅movie我就成日喺度睇！,10.6667,kept,train,"10.67s in [5.0, 30.0]"
1889,./audio/1889.wav,./audio/ref_voice/alienkevin.wav,你知唔知Langham Place有個很大嘅book store，可以買到好多你搵唔到嘅books？,10.944,kept,train,"10.94s in [5.0, 30.0]"
1890,./audio/1890.wav,./audio/ref_voice/alienkevin.wav,冇諗過學習可以變得咁fun，直到我開始explore自己嘅興趣。,7.04,kept,train,"7.04s in [5.0, 30.0]"
1891,./audio/1891.wav,./audio/ref_voice/alienkevin.wav,唔需要rush，慢慢來，喺學習嘅process中享受每一步。,7.232,kept,train,"7.23s in [5.0, 30.0]"
1892,./audio/1892.wav,./audio/ref_voice/alienkevin.wav,喺咁distracting嘅環境裡，focus喺學習上真係好challenging。,10.1974,kept,train,"10.20s in [5.0, 30.0]"
1893,./audio/1893.wav,./audio/ref_voice/alienkevin.wav,唔要以為學習就一定要burden，可以係enjoyable嘅process one。,8.4907,kept,train,"8.49s in [5.0, 30.0]"
1894,./audio/1894.wav,./audio/ref_voice/alienkevin.wav,重要嘅唔係你學左幾多，而係你嘅learning attitude.,6.9334,kept,train,"6.93s in [5.0, 30.0]"
1895,./audio/1895.wav,./audio/ref_voice/alienkevin.wav,有時候，自學嘅經驗比起formal education仲重要。,6.144,kept,train,"6.14s in [5.0, 30.0]"
1896,./audio/1896.wav,./audio/ref_voice/alienkevin.wav,讀書唔一定要聽lecture，可以有好多interactive嘅方式。,9.472,kept,train,"9.47s in [5.0, 30.0]"
1897,./audio/1897.wav,./audio/ref_voice/alienkevin.wav,讀又唔明，再讀，持之以恒嘅effort永遠唔會浪費。,7.4454,kept,train,"7.45s in [5.0, 30.0]"
1898,./audio/1898.wav,./audio/ref_voice/alienkevin.wav,保持一顆curious嘅心，你會發覺學習既富足又enjoyable對你。,7.7654,kept,train,"7.77s in [5.0, 30.0]"
1899,./audio/1899.wav,./audio/ref_voice/alienkevin.wav,喺多元化嘅知識中尋找自己興趣所在，將會為學習帶來更多motivation。,8.832,kept,train,"8.83s in [5.0, 30.0]"
1900,./audio/1900.wav,./audio/ref_voice/alienkevin.wav,學識變通，願意step out comfort zone，你嘅學習效果會更好。,6.807,kept,train,"6.81s in [5.0, 30.0]"
1901,./audio/1901.wav,./audio/ref_voice/alienkevin.wav,揾工要用heart去做，唔好只为左钱。,5.8027,kept,train,"5.80s in [5.0, 30.0]"
1902,./audio/1902.wav,./audio/ref_voice/alienkevin.wav,Career path唔一定要顺风顺水，有时要dare to take challenges。,7.168,kept,train,"7.17s in [5.0, 30.0]"
1903,./audio/1903.wav,./audio/ref_voice/alienkevin.wav,唔好be afraid of failure，failure係成功的教材。,6.9974,kept,train,"7.00s in [5.0, 30.0]"
1904,./audio/1904.wav,./audio/ref_voice/alienkevin.wav,尝试step out of your comfort zone，才能有personal growth。,6.3574,kept,eval,"6.36s in [5.0, 30.0]"
1905,./audio/1905.wav,./audio/ref_voice/alienkevin.wav,找工作唔係只看salary，更要考虑job satisfaction。,8.8747,kept,train,"8.87s in [5.0, 30.0]"
1906,./audio/1906.wav,./audio/ref_voice/alienkevin.wav,每个人都要有work ethics，唔应该只搏表面功夫。,6.5494,kept,eval,"6.55s in [5.0, 30.0]"
1907,./audio/1907.wav,./audio/ref_voice/alienkevin.wav,Networking係工作中一个好重要的element，多交流多学习。,10.0267,kept,eval,"10.03s in [5.0, 30.0]"
1908,./audio/1908.wav,./audio/ref_voice/alienkevin.wav,Time management係工作中一种好重要的技巧，唔好let procrastination control你。,11.2427,kept,eval,"11.24s in [5.0, 30.0]"
1909,./audio/1909.wav,./audio/ref_voice/alienkevin.wav,有时候，work pressure会好大，但记住唔好let stress overwhelm你。,7.7014,kept,train,"7.70s in [5.0, 30.0]"
1910,./audio/1910.wav,./audio/ref_voice/alienkevin.wav,保持positive attitude，即使面对困难，都要keep pushing forward。,9.152,kept,train,"9.15s in [5.0, 30.0]"
1911,./audio/1911.wav,./audio/ref_voice/alienkevin.wav,Finding a job唔好只看眼前，要look for long-term development。,7.275,kept,train,"7.27s in [5.0, 30.0]"
1912,./audio/1912.wav,./audio/ref_voice/alienkevin.wav,唔好以为work overtime係表现好，其实protect your health更重要。,9.111,kept,train,"9.11s in [5.0, 30.0]"
1913,./audio/1913.wav,./audio/ref_voice/alienkevin.wav,頭先卸咗件Coat佢就Turn up the heat，好似Play tricks on me咁。,9.0454,kept,train,"9.05s in [5.0, 30.0]"
1914,./audio/1914.wav,./audio/ref_voice/alienkevin.wav,這Weather嘅Unpredictability就係喺於無時無刻都會變，人哋叫呢啲人如果Unexpected。,18.2614,kept,train,"18.26s in [5.0, 30.0]"
1915,./audio/1915.wav,./audio/ref_voice/alienkevin.wav,每日阿媽都會問我帶冇帶 Enough clothes，但其實我已經習慣咗呢種Fluctuating temperatures嘅情況嘅啦。,17.152,kept,train,"17.15s in [5.0, 30.0]"
1916,./audio/1916.wav,./audio/ref_voice/alienkevin.wav,我成日都會擔心下一秒會唔會就係一場Rainstorm，因為呢種天氣實在係太Unpredictable。,12.864,kept,train,"12.86s in [5.0, 30.0]"
1917,./audio/1917.wav,./audio/ref_voice/alienkevin.wav,最近嘅Weather丹麥瞬息萬變，由Hot至冷，由Sunny至Rainy，好難handle。,10.9867,kept,train,"10.99s in [5.0, 30.0]"
1918,./audio/1918.wav,./audio/ref_voice/alienkevin.wav,Whole day都係Overcast嘅天氣，令人Feeling down呀。,7.851,kept,eval,"7.85s in [5.0, 30.0]"
1919,./audio/1919.wav,./audio/ref_voice/alienkevin.wav,呢D雪真係令人Surprised，千祈唔好變成一場Blizzard。,9.111,kept,train,"9.11s in [5.0, 30.0]"
1920,./audio/1920.wav,./audio/ref_voice/alienkevin.wav,我覺得呢種Damp weather最適合Stay in bed一整日啦。,6.0374,kept,eval,"6.04s in [5.0, 30.0]"
1921,./audio/1921.wav,./audio/ref_voice/alienkevin.wav,有時天空中個Rainbow真係 Stunning，彷彿God’s artwork一樣。,9.0667,kept,train,"9.07s in [5.0, 30.0]"
1922,./audio/1922.wav,./audio/ref_voice/alienkevin.wav,今日天氣落雨，我想去底下感受個Rain，但怕濕親我啲Phone and wallet。,12.736,kept,train,"12.74s in [5.0, 30.0]"
1923,./audio/1923.wav,./audio/ref_voice/alienkevin.wav,萬般天氣好似人生，有時Sunny，有時Rainy，要慢慢Experience同Appreciate啲嘢嚟學抵應戰.,15.232,kept,train,"15.23s in [5.0, 30.0]"
1924,./audio/1924.wav,./audio/ref_voice/alienkevin.wav,今日嘅Weather forecast 講會下Rain，我就帶咗把Umbrella出門，結果一滴雨都冇，真係Trick me。,14.6774,kept,eval,"14.68s in [5.0, 30.0]"
1925,./audio/1925.wav,./audio/ref_voice/alienkevin.wav,这个烧鹅，肉嫩皮脆，配上特制的plum sauce，真系dinner的highlight！,9.4934,kept,train,"9.49s in [5.0, 30.0]"
1926,./audio/1926.wav,./audio/ref_voice/alienkevin.wav,"这个奶茶, silky smooth的口感，配上脆皮餐包，是perfect match！",7.959,kept,train,"7.96s in [5.0, 30.0]"
1927,./audio/1927.wav,./audio/ref_voice/alienkevin.wav,这个菜心炒虾球，vegetable惹口又清甜，shrimp ball又bouncy，真系很好！,13.5894,kept,train,"13.59s in [5.0, 30.0]"
1928,./audio/1928.wav,./audio/ref_voice/alienkevin.wav,"叉烧饭，咸甜just right，bbq pork又juicy, 睇落好appetizing！",11.712,kept,train,"11.71s in [5.0, 30.0]"
1929,./audio/1929.wav,./audio/ref_voice/alienkevin.wav,这个'鱼蛋，texture又firm，嘅curry sauce好flavourful，最好的street food!,14.72,kept,train,"14.72s in [5.0, 30.0]"
1930,./audio/1930.wav,./audio/ref_voice/alienkevin.wav,这个豉油鸡，入口即化，相当滑tender，full of umami flavour！,9.1947,kept,train,"9.19s in [5.0, 30.0]"
1931,./audio/1931.wav,./audio/ref_voice/alienkevin.wav,这个凤爪，tender to the bone，配搭spicy and aromatic的酱料，finger licking good！,15.0187,kept,eval,"15.02s in [5.0, 30.0]"
1932,./audio/1932.wav,./audio/ref_voice/alienkevin.wav,牛肉丸面，noodles al dente，beef meatball又juicy，soup base又rich，真系冇得挑啊！,16.9814,kept,train,"16.98s in [5.0, 30.0]"
1933,./audio/1933.wav,./audio/ref_voice/alienkevin.wav,这个流沙包，外围bouncy，内里嘅salted egg yolk filling好running，是dim sum的must try！,13.12,kept,train,"13.12s in [5.0, 30.0]"
1934,./audio/1934.wav,./audio/ref_voice/alienkevin.wav,甜品时间，一碗mango sago pomelo，mango super ripe，配上fresh pomelo，特别refreshing！,14.6774,kept,train,"14.68s in [5.0, 30.0]"
1935,./audio/1935.wav,./audio/ref_voice/alienkevin.wav,鲜虾云吞面，wonton皮嫩肉厚，配上thin noodles and rich broth，一send入口就知道系quality stuff！,16.448,kept,train,"16.45s in [5.0, 30.0]"
1936,./audio/1936.wav,./audio/ref_voice/alienkevin.wav,"If你想experience一種與世隔絕嘅感覺，那你應該去Australia嘅Kakadu National Park。"" ",13.5894,kept,train,"13.59s in [5.0, 30.0]"
1937,./audio/1937.wav,./audio/ref_voice/alienkevin.wav,France嘅Eiffel Tower真係可以令人well-amazed，係個check-in點必去嘅。,10.0054,kept,train,"10.01s in [5.0, 30.0]"
1938,./audio/1938.wav,./audio/ref_voice/alienkevin.wav,如果你enjoy藝術同文化，Italy嘅Rome係唔可錯過嘅地方。,7.4027,kept,train,"7.40s in [5.0, 30.0]"
1939,./audio/1939.wav,./audio/ref_voice/alienkevin.wav,Russia嘅Moscow係個歷史同美景並存嘅地方，你會deeply fall in love with it。,12.3947,kept,train,"12.39s in [5.0, 30.0]"
1940,./audio/1940.wav,./audio/ref_voice/alienkevin.wav,如果你鍾意surfing，Hawaii嘅Waikiki Beach你必需去一次。,11.9254,kept,train,"11.93s in [5.0, 30.0]"
1941,./audio/1941.wav,./audio/ref_voice/alienkevin.wav,我覺得如果你喜歡explore古代文明，Egypt嘅Pyramids of Giza你一定要去睇下。,12.459,kept,train,"12.46s in [5.0, 30.0]"
1942,./audio/1942.wav,./audio/ref_voice/alienkevin.wav,如果你喜歡寧靜同陽光，Spain嘅Costa del Sol會好適合你。,10.7734,kept,train,"10.77s in [5.0, 30.0]"
1943,./audio/1943.wav,./audio/ref_voice/alienkevin.wav,Japan嘅Kyoto擁有大量嘅传统temples，係一個完美嘅spot to take photos。,9.6,kept,train,"9.60s in [5.0, 30.0]"
1944,./audio/1944.wav,./audio/ref_voice/alienkevin.wav,New Zealand嘅Milford Sound，真係breathtaking，你驚艷嘅萬分嘅。,8.4907,kept,train,"8.49s in [5.0, 30.0]"
1945,./audio/1945.wav,./audio/ref_voice/alienkevin.wav,如果你鍾意mountain climbing，那你應該去Argentina嘅Mount Fitz Roy。,9.579,kept,train,"9.58s in [5.0, 30.0]"
1946,./audio/1946.wav,./audio/ref_voice/alienkevin.wav,我最like嘅電影類型就係action movie，覺得超吸引、好刺激。,7.232,kept,train,"7.23s in [5.0, 30.0]"
1947,./audio/1947.wav,./audio/ref_voice/alienkevin.wav,每次聽K-pop嘅時候，我就會feel得好興奮，跟住音樂擺動箇身，好舒服呀。,9.152,kept,train,"9.15s in [5.0, 30.0]"
1948,./audio/1948.wav,./audio/ref_voice/alienkevin.wav,聖誕節時，我會喺home party裡玩board game，好好玩，可以同朋友建立好關係。,11.52,kept,train,"11.52s in [5.0, 30.0]"
1949,./audio/1949.wav,./audio/ref_voice/alienkevin.wav,我好鍾意去Karaoke唱歌，可以唱下英文歌，可以唱下粤語歌，好relaxing。,8.6187,kept,train,"8.62s in [5.0, 30.0]"
1950,./audio/1950.wav,./audio/ref_voice/alienkevin.wav,我好喜歡看NBA籃球賽，每次觀看都超exciting，令人熱血沸騰。,10.0267,kept,train,"10.03s in [5.0, 30.0]"
1951,./audio/1951.wav,./audio/ref_voice/alienkevin.wav,我每年都會去Lan Kwai Fong慶祝Halloween，變裝、参加party，好開心哦。,10.0054,kept,train,"10.01s in [5.0, 30.0]"
1952,./audio/1952.wav,./audio/ref_voice/alienkevin.wav,我鍾意追TVB劇，每晚都會喺屋企settle down，睇drama，保證唔悶。,9.6214,kept,train,"9.62s in [5.0, 30.0]"
1953,./audio/1953.wav,./audio/ref_voice/alienkevin.wav,我最近好迷喺Netflix睇劇，可以選擇粤語或者英語字幕，好cool啊。,8.6614,kept,train,"8.66s in [5.0, 30.0]"
1954,./audio/1954.wav,./audio/ref_voice/alienkevin.wav,上網睇YouTube，無論係tutorial定係funny video，都係我嘅最愛。,9.472,kept,train,"9.47s in [5.0, 30.0]"
1955,./audio/1955.wav,./audio/ref_voice/alienkevin.wav,有時去coffee shop，坐一個慢活，讀下books，享受下quiet moment，都幾好。,8.9387,kept,train,"8.94s in [5.0, 30.0]"
1956,./audio/1956.wav,./audio/ref_voice/alienkevin.wav,"每個weekend我哋都會去公園play football,可以improve身體嘅coordination，又可以增强teamwork嘅精神。",12.2027,kept,train,"12.20s in [5.0, 30.0]"
1957,./audio/1957.wav,./audio/ref_voice/alienkevin.wav,去海灘做beach volleyball係一個super fun嘅戶外運動，可以讓你burn calories，而且可以enjoy海風嘅清涼。,13.3334,kept,train,"13.33s in [5.0, 30.0]"
1958,./audio/1958.wav,./audio/ref_voice/alienkevin.wav,Hiking唔單止可以幫你keep fit，都可以令你appreciate大自然嘅美。,8.3414,kept,train,"8.34s in [5.0, 30.0]"
1959,./audio/1959.wav,./audio/ref_voice/alienkevin.wav,每日keep up做yoga，可以幫你relieve壓力，係一個非常good嘅mind-body exercise。,10.0054,kept,train,"10.01s in [5.0, 30.0]"
1960,./audio/1960.wav,./audio/ref_voice/alienkevin.wav,喺swimming pool游泳，唔單可以係熱天cool down，都有助於increase你嘅endurance同cardiovascular fitness…,15.7654,kept,train,"15.77s in [5.0, 30.0]"
1961,./audio/1961.wav,./audio/ref_voice/alienkevin.wav,我會選擇go jogging，因為呢個運動可以improve我嘅lung function同令我嘅心臟變得更healthy。,9.7707,kept,train,"9.77s in [5.0, 30.0]"
1962,./audio/1962.wav,./audio/ref_voice/alienkevin.wav,Basketball係一項非常challenging嘅sport，需要你有好嘅agility、speed同teamwork。,10.3467,kept,train,"10.35s in [5.0, 30.0]"
1963,./audio/1963.wav,./audio/ref_voice/alienkevin.wav,做Pilates可以令你improve joint flexibility、muscular strength同balance。,11.2427,kept,eval,"11.24s in [5.0, 30.0]"
1964,./audio/1964.wav,./audio/ref_voice/alienkevin.wav,跳舞唔單止可以讓你be fit，都可以express自己嘅feelings，真係好有意思嘅運動。,8.96,kept,train,"8.96s in [5.0, 30.0]"
1965,./audio/1965.wav,./audio/ref_voice/alienkevin.wav,打tennis可以加强你嘅upper body strength同eyesight，而且係戶外活動，可以享受到新鮮空氣。,11.3494,kept,train,"11.35s in [5.0, 30.0]"
1966,./audio/1966.wav,./audio/ref_voice/alienkevin.wav,Housing crisis 係香港社會關注嘅大議題，政府需要透過更好地land use planning and policymaking，為市民提供affo…,18.7094,kept,train,"18.71s in [5.0, 30.0]"
1967,./audio/1967.wav,./audio/ref_voice/alienkevin.wav,Lack of political stability搞到香港嘅business environment變得不穩定，呢個問題需要以dialogue and co…,19.7334,kept,train,"19.73s in [5.0, 30.0]"
1968,./audio/1968.wav,./audio/ref_voice/alienkevin.wav,Education reform嘅討論來來去去，體現出我哋對未來generation嘅關注，但一定要確保改革措施適應咗市場嘅demands。,18.6454,kept,train,"18.65s in [5.0, 30.0]"
1969,./audio/1969.wav,./audio/ref_voice/alienkevin.wav,Covid-19 pandemic讓大眾關注返public health問題，呢個時候證明社區和政府嘅cooperation係多麼重要。,15.5947,kept,train,"15.59s in [5.0, 30.0]"
1970,./audio/1970.wav,./audio/ref_voice/alienkevin.wav,Air pollution係香港持續需要對抗嘅問題，需要多加強emission control，並推動sustainable energy solutions。,14.8267,kept,train,"14.83s in [5.0, 30.0]"
1971,./audio/1971.wav,./audio/ref_voice/alienkevin.wav,Food waste問題嘅嚴重性已經被公認，我哋需要透過law enforcement，減少浪費，促進sustainability。,15.3814,kept,train,"15.38s in [5.0, 30.0]"
1972,./audio/1972.wav,./audio/ref_voice/alienkevin.wav,Infrastructure development係香港未來嘅重點，要確保budget allocation能有效滿足市民需求，同時帶動economic gr…,17.4507,kept,train,"17.45s in [5.0, 30.0]"
1973,./audio/1973.wav,./audio/ref_voice/alienkevin.wav,Population ageing 係一個挑戰又係一個opportunity，社會需要更focus喺promoting active ageing，同時提高el…,19.584,kept,train,"19.58s in [5.0, 30.0]"
1974,./audio/1974.wav,./audio/ref_voice/alienkevin.wav,Income inequality係香港持續需面對嘅社會問題，政府需要透過更公平嘅taxation policy來實現wealth redistribution…,20.224,kept,train,"20.22s in [5.0, 30.0]"
1975,./audio/1975.wav,./audio/ref_voice/alienkevin.wav,今次去Mongkok，記得去新世紀廣場睇下喺度有咩新鞋款喎。”,7.9787,kept,train,"7.98s in [5.0, 30.0]"
1976,./audio/1976.wav,./audio/ref_voice/alienkevin.wav,近日有時間我哋去Causeway Bay逛下Zara，此刻嗰度有mid-season sale喎！,11.776,kept,train,"11.78s in [5.0, 30.0]"
1977,./audio/1977.wav,./audio/ref_voice/alienkevin.wav,我D朋友話我TST嗰間Apple Store有新款iPad stock，但我未有時間去買。”,9.472,kept,eval,"9.47s in [5.0, 30.0]"
1978,./audio/1978.wav,./audio/ref_voice/alienkevin.wav,香港嘅Lane Crawford有唔少luxury brands，有時我會買啲時尚單品。”,9.8774,kept,eval,"9.88s in [5.0, 30.0]"
1979,./audio/1979.wav,./audio/ref_voice/alienkevin.wav,上星期去Jordan，發覺Temple Street嗰邊有好多好平又實用嘅小gadgets，我成日去度挑啲好玩嘅stuff。”,17.152,kept,train,"17.15s in [5.0, 30.0]"
1980,./audio/1980.wav,./audio/ref_voice/alienkevin.wav,去Central時我成日會去PMQ買啲local design帶番屋企。”,9.579,kept,train,"9.58s in [5.0, 30.0]"
1981,./audio/1981.wav,./audio/ref_voice/alienkevin.wav,我喺Sheung Shui嗰啲outlet都可以買到唔錯嘅clothes，價錢又平吓。”,10.7094,kept,train,"10.71s in [5.0, 30.0]"
1982,./audio/1982.wav,./audio/ref_voice/alienkevin.wav,太平洋嗰邊有美心蛋糕，我認為佢哋係最好嘅bakery，我成日都去度用tea。”,11.5627,kept,train,"11.56s in [5.0, 30.0]"
1983,./audio/1983.wav,./audio/ref_voice/alienkevin.wav,我想換新嘅skincare products，我將會去銅鑼灣嗰間Sasa睇下有咩適合我。”,11.4987,kept,eval,"11.50s in [5.0, 30.0]"
1984,./audio/1984.wav,./audio/ref_voice/alienkevin.wav,我聽講Admiralty嘅Pacific Place嗰間MUJI有新款傢俬，計劃明天去度check下。”,14.5707,kept,train,"14.57s in [5.0, 30.0]"
1985,./audio/1985.wav,./audio/ref_voice/alienkevin.wav,學習嘅journey中，唔係只睇成果，過程都好重要。,7.6374,kept,train,"7.64s in [5.0, 30.0]"
1986,./audio/1986.wav,./audio/ref_voice/alienkevin.wav,唔好怕fail，失敗係學習嘅一部分。,5.4827,kept,train,"5.48s in [5.0, 30.0]"
1987,./audio/1987.wav,./audio/ref_voice/alienkevin.wav,唔好放棄，remember，持續學習係最好的investment。,6.7627,kept,train,"6.76s in [5.0, 30.0]"
1988,./audio/1988.wav,./audio/ref_voice/alienkevin.wav,全靠self-discipline，保持每日都有學習嘅習慣。,7.9147,kept,train,"7.91s in [5.0, 30.0]"
1989,./audio/1989.wav,./audio/ref_voice/alienkevin.wav,遇到挫折唔好慌，唔好怕問問題，唔知就係學習嘅開始。,7.1467,kept,train,"7.15s in [5.0, 30.0]"
1990,./audio/1990.wav,./audio/ref_voice/alienkevin.wav,學習唔係比賽，唔需要與人比較，focus on自己嘅progress。,7.3387,kept,train,"7.34s in [5.0, 30.0]"
1991,./audio/1991.wav,./audio/ref_voice/alienkevin.wav,寻找你嘅passion，係學習中找到樂趣好重要。,7.872,kept,train,"7.87s in [5.0, 30.0]"
1992,./audio/1992.wav,./audio/ref_voice/alienkevin.wav,做自己嘅learning plan，了解自己嘅學習style係好重要嘅一步。,6.8694,kept,train,"6.87s in [5.0, 30.0]"
1993,./audio/1993.wav,./audio/ref_voice/alienkevin.wav,唔怕改變，keep an open mind，接受新知識和新嘅learning methods。,8.0854,kept,train,"8.09s in [5.0, 30.0]"
1994,./audio/1994.wav,./audio/ref_voice/alienkevin.wav,尊重其他人嘅想法，喺學習中創造constructive dialogue。,8.4694,kept,train,"8.47s in [5.0, 30.0]"
1995,./audio/1995.wav,./audio/ref_voice/alienkevin.wav,你嘅work attitude十分影响你嘅career development，要常常check一下自己嘅表现。,10.56,kept,train,"10.56s in [5.0, 30.0]"
1996,./audio/1996.wav,./audio/ref_voice/alienkevin.wav,有時候，唔係要work harder，而係要work smarter。,5.7387,kept,eval,"5.74s in [5.0, 30.0]"
1997,./audio/1997.wav,./audio/ref_voice/alienkevin.wav,Job satisfaction同money唔一定要相反，有時你最享受嘅work可能就係你最赚嘅。,11.4987,kept,train,"11.50s in [5.0, 30.0]"
1998,./audio/1998.wav,./audio/ref_voice/alienkevin.wav,睇得太远可能會miss住身邊嘅opportunity，即使個目标未到，都要appreciate每一步嘅progress。,12.48,kept,train,"12.48s in [5.0, 30.0]"
1999,./audio/1999.wav,./audio/ref_voice/alienkevin.wav,"Communication skills係workplace上最重要嘅一種skills，有好嘅溝通可以令work變得更有效率。"",",11.264,kept,train,"11.26s in [5.0, 30.0]"
2000,./audio/2000.wav,./audio/ref_voice/alienkevin.wav,願意learn from mistakes係一種professionally mature嘅標誌，人人都会犯错，重要嘅係要从中学习同提升自己。,12.7574,kept,train,"12.76s in [5.0, 30.0]"
2001,./audio/2001.wav,./audio/ref_voice/alienkevin.wav,发展一种work-life balance嘅概念同样重要，work important，但係health同family更重要。,11.8614,kept,train,"11.86s in [5.0, 30.0]"
2002,./audio/2002.wav,./audio/ref_voice/alienkevin.wav,Respect teammates係一種professional ethics，每个人都有自己嘅value同contribution。,11.8187,kept,train,"11.82s in [5.0, 30.0]"
2003,./audio/2003.wav,./audio/ref_voice/alienkevin.wav,多Dappreciate自己嘅hard work，唔好忘记reward自己，你值得一份better的self-treatment。,10.432,kept,train,"10.43s in [5.0, 30.0]"
2004,./audio/2004.wav,./audio/ref_voice/alienkevin.wav,唔好怕去take risks，即使结果唔係你预期嘅，至少你尝试咗，而且你更了解你自己咗。,10.3467,kept,train,"10.35s in [5.0, 30.0]"
2005,./audio/2005.wav,./audio/ref_voice/alienkevin.wav,"雖然天氣Forecast話會落無雨, 但我係件Raincoat都唔敢不帶。",9.216,kept,train,"9.22s in [5.0, 30.0]"
2006,./audio/2006.wav,./audio/ref_voice/alienkevin.wav,冇咩比突然變咗Super hot更能打亂我嘅日程。,7.68,kept,train,"7.68s in [5.0, 30.0]"
2007,./audio/2007.wav,./audio/ref_voice/alienkevin.wav,Already mid-November但天氣都未涼，冇咩冬天嘅感覺。,7.7654,kept,train,"7.77s in [5.0, 30.0]"
2008,./audio/2008.wav,./audio/ref_voice/alienkevin.wav,東邊做咗嗰陣Dark clouds，實在唔想Get wet，得閒睇下Weather app先。,9.579,kept,train,"9.58s in [5.0, 30.0]"
2009,./audio/2009.wav,./audio/ref_voice/alienkevin.wav,我真係對呢D飄忽不定嘅Weather冇辦法，點解唔可以Keep it stable呢？,8.768,kept,train,"8.77s in [5.0, 30.0]"
2010,./audio/2010.wav,./audio/ref_voice/alienkevin.wav,下一秒Sunshine brilliant，轉眼又變咗Heavy rain，唔識咁咪認老天爺？,10.432,kept,train,"10.43s in [5.0, 30.0]"
2011,./audio/2011.wav,./audio/ref_voice/alienkevin.wav,天氣漸漸Turns cold，我都開始Miss嗰Cup of hot milky tea。,8.896,kept,train,"8.90s in [5.0, 30.0]"
2012,./audio/2012.wav,./audio/ref_voice/alienkevin.wav,最Recent update總算預報話明日會Sunny day，可真開心！,8.448,kept,eval,"8.45s in [5.0, 30.0]"
2013,./audio/2013.wav,./audio/ref_voice/alienkevin.wav,整日都係Overcast天氣，我其中嘅Mood都變得好低沉。,10.0054,kept,train,"10.01s in [5.0, 30.0]"
2014,./audio/2014.wav,./audio/ref_voice/alienkevin.wav,每當看到Blue sky同白雲，我就忍唔住抽時間去Enjoy the beautiful weather。,10.048,kept,train,"10.05s in [5.0, 30.0]"
2015,./audio/2015.wav,./audio/ref_voice/alienkevin.wav,这碗鱼蛋粉，fish ball好bouncy，rice noodle滑喉，好satisfying的一餐呀！,11.84,kept,train,"11.84s in [5.0, 30.0]"
2016,./audio/2016.wav,./audio/ref_voice/alienkevin.wav,今晚炖了一锅silky chicken soup，放入了lotus root和peanuts，讲真，这个flavour正！,12.0107,kept,eval,"12.01s in [5.0, 30.0]"
2017,./audio/2017.wav,./audio/ref_voice/alienkevin.wav,香港嘅egg tart，custard填得满满，外皮酥脆，每次吃都有feel like home的味道！,12.992,kept,train,"12.99s in [5.0, 30.0]"
2018,./audio/2018.wav,./audio/ref_voice/alienkevin.wav,今天lunch try了烧鹅饭，roast goose皮crispy且juicy，配埋香醇嘅steam rice，太享受了！,18.304,kept,train,"18.30s in [5.0, 30.0]"
2019,./audio/2019.wav,./audio/ref_voice/alienkevin.wav,点了枝竹滑鸡煲，tofu skin与chicken煮得软糯，flavour深入每个ingredients，吃完都仲想再食！,16.128,kept,train,"16.13s in [5.0, 30.0]"
2020,./audio/2020.wav,./audio/ref_voice/alienkevin.wav,栗子糕，texture好smooth，chestnut香芬四溢，sweet不过分，超级喜欢！,13.6747,kept,train,"13.67s in [5.0, 30.0]"
2021,./audio/2021.wav,./audio/ref_voice/alienkevin.wav,虾饺皮thin透明，shrimp filling新鲜诱人，dipping在酱汁中，完美的dim sum experience！,15.0827,kept,train,"15.08s in [5.0, 30.0]"
2022,./audio/2022.wav,./audio/ref_voice/alienkevin.wav,场香港茶餐厅特色嘅pineapple bun，还热乎，butter溢出，每一bite都是happiness！,13.376,kept,eval,"13.38s in [5.0, 30.0]"
2023,./audio/2023.wav,./audio/ref_voice/alienkevin.wav,叉烧包是极品，bbq pork嘅香味渗har bun，sweet and savoury的perfect balance，赞no end！,15.68,kept,train,"15.68s in [5.0, 30.0]"
2024,./audio/2024.wav,./audio/ref_voice/alienkevin.wav,糖水dessert推介红豆沙，red bean甜度适中，coconut milk帶出返一股南洋味道，好sherbet！,16.023,kept,train,"16.02s in [5.0, 30.0]"
2025,./audio/2025.wav,./audio/ref_voice/alienkevin.wav,Hong Kong嘅Night Market係一個好有趣嘅地方，你可以品嚐到local delicacies並且享受夜晚嘅氛圍。,12.7574,kept,train,"12.76s in [5.0, 30.0]"
2026,./audio/2026.wav,./audio/ref_voice/alienkevin.wav,如果你欣賞藝術同history，那麼你必需去一次France嘅Louvre Museum，你一定會覺得它incredibly amazing。,13.9307,kept,train,"13.93s in [5.0, 30.0]"
2027,./audio/2027.wav,./audio/ref_voice/alienkevin.wav,America嘅Grand Canyon嘅風景real breathtaking，行吓偈同埋拍攝一下美嘅景色，你都會覺得impressively unforge…,16.599,kept,train,"16.60s in [5.0, 30.0]"
2028,./audio/2028.wav,./audio/ref_voice/alienkevin.wav,Thailand嘅Bangkok food street唔止搵到好味嘅食物，仲可以feel到獨特嘅street culture。”,11.392,kept,train,"11.39s in [5.0, 30.0]"
2029,./audio/2029.wav,./audio/ref_voice/alienkevin.wav,Australia嘅Great Barrier Reef會俾你呈現gorgeous underwater world，你會覺得well worth diving…,15.6587,kept,train,"15.66s in [5.0, 30.0]"
2030,./audio/2030.wav,./audio/ref_voice/alienkevin.wav,Italy嘅Venice有著romantic canal，個種乘坐gondola嗰種舒服嘅feeling你必需去一次。,18.0267,kept,train,"18.03s in [5.0, 30.0]"
2031,./audio/2031.wav,./audio/ref_voice/alienkevin.wav,如果你鍾意享受大自然嘅香氣，Japan嘅Cherry Blossom Season就最適合你，你一定會覺得超級beautiful同refreshing。”,14.144,kept,train,"14.14s in [5.0, 30.0]"
2032,./audio/2032.wav,./audio/ref_voice/alienkevin.wav,如果你鐘意享受悠閒嘅holiday，那麼就去一次Maldives嘅beach resort，sunbathing同埋swimming時間會過得好快。” ,14.72,kept,train,"14.72s in [5.0, 30.0]"
2033,./audio/2033.wav,./audio/ref_voice/alienkevin.wav,如果你鍾意挑戰自己嘅極限，可以去一次New Zealand嘅Queenstown，佢嘅bungee jumping你一試就會覺得超級thrilling。”,14.656,kept,train,"14.66s in [5.0, 30.0]"
2034,./audio/2034.wav,./audio/ref_voice/alienkevin.wav,如果你對美食嘅追求無上限，那就應該去一次Singapore嘅Hawker Centre，各式各樣嘅美食waiting for you。”,14.08,kept,train,"14.08s in [5.0, 30.0]"
2035,./audio/2035.wav,./audio/ref_voice/alienkevin.wav,平时不忙，我就会去cinema看下new release的电影，或者跟朋友一起去karaoke唱几首歌。,11.1147,kept,train,"11.11s in [5.0, 30.0]"
2036,./audio/2036.wav,./audio/ref_voice/alienkevin.wav,每个weekend，我都会去hiking，爬几座hill，欣赏下自然风光，体验一下adventure。,9.664,kept,train,"9.66s in [5.0, 30.0]"
2037,./audio/2037.wav,./audio/ref_voice/alienkevin.wav,喜欢在晚上去Tsim Sha Tsui，坐在Star Ferry上，欣赏下Victoria Harbour的night view，心情都会变得好relax。,15.552,kept,train,"15.55s in [5.0, 30.0]"
2038,./audio/2038.wav,./audio/ref_voice/alienkevin.wav,每年都会去去attend Clockenflap music festival，欣赏不同类型的live performances，又可以跟朋友一起chill o…,13.2054,kept,train,"13.21s in [5.0, 30.0]"
2039,./audio/2039.wav,./audio/ref_voice/alienkevin.wav,我最喜欢去Causeway Bay shopping，特别喜欢Sogo和Hysan Place。休息的时候还可以去coffee shop喝杯coffee，享受一…,24.128,kept,train,"24.13s in [5.0, 30.0]"
2040,./audio/2040.wav,./audio/ref_voice/alienkevin.wav,More than shopping，我还喜欢去旺角的sneaker street买鞋，有好多brand的选择，真的超cool的。,12.1174,kept,train,"12.12s in [5.0, 30.0]"
2041,./audio/2041.wav,./audio/ref_voice/alienkevin.wav,几个好友一起去party，喝下cocktail，跳下dance，放松一下，過下happy hour就好舒服。,11.776,kept,train,"11.78s in [5.0, 30.0]"
2042,./audio/2042.wav,./audio/ref_voice/alienkevin.wav,每到年底，我都非常期待去attend countdown party at Lan Kwai Fong，跟大家一起迎接new year，感觉真的非常exciti…,13.952,kept,train,"13.95s in [5.0, 30.0]"
2043,./audio/2043.wav,./audio/ref_voice/alienkevin.wav,如果有时间，我还想参加一次cosplay competition，体验一下不一样的fun。,9.7494,kept,train,"9.75s in [5.0, 30.0]"
2044,./audio/2044.wav,./audio/ref_voice/alienkevin.wav,Cycling係一個好relaxing嘅體育活動，可以幫你keep fit，仲可以欣賞到美麗嘅景色。,9.344,kept,train,"9.34s in [5.0, 30.0]"
2045,./audio/2045.wav,./audio/ref_voice/alienkevin.wav,Running係一種好簡單嘅體育運動，你唔需要購買任何expensive嘅equipment，只需要pair of running shoes就可以啦。,11.7334,kept,train,"11.73s in [5.0, 30.0]"
2046,./audio/2046.wav,./audio/ref_voice/alienkevin.wav,Swimming係一個all-around workout，可以train到你全身嘅muscles，包括你嘅心肺功能。,12.1174,kept,train,"12.12s in [5.0, 30.0]"
2047,./audio/2047.wav,./audio/ref_voice/alienkevin.wav,Climbing唔只要require你嘅physical strength，仲要你有good judgment同冷靜嘅mind。,12.224,kept,train,"12.22s in [5.0, 30.0]"
2048,./audio/2048.wav,./audio/ref_voice/alienkevin.wav,Yoga可以幫你increase你嘅flexibility，仲可以幫你relax，從而reduce stress。,9.664,kept,train,"9.66s in [5.0, 30.0]"
2049,./audio/2049.wav,./audio/ref_voice/alienkevin.wav,Squash可以well workout，帮助你提高agility、speed同precision嘅能力。,11.008,kept,train,"11.01s in [5.0, 30.0]"
2050,./audio/2050.wav,./audio/ref_voice/alienkevin.wav,Soccer係全球最popular嘅運動，需要你有teamwork同strategy嘅skill，真係好吸引人嘅game。,12.4374,kept,train,"12.44s in [5.0, 30.0]"
2051,./audio/2051.wav,./audio/ref_voice/alienkevin.wav,Table tennis可以讓你有quick reflexes並improving嘅hand-eye coordination。,11.456,kept,train,"11.46s in [5.0, 30.0]"
2052,./audio/2052.wav,./audio/ref_voice/alienkevin.wav,Hiking可以享受大自然，仲可以exercise身體，真係one stone two birds。,8.5547,kept,train,"8.55s in [5.0, 30.0]"
2053,./audio/2053.wav,./audio/ref_voice/alienkevin.wav,Cantonese和英语混讲对于深度学习的language recognition来说有不少挑战，不过呢个係我哋AI技术需要面对嘅問題。,15.339,kept,train,"15.34s in [5.0, 30.0]"
2054,./audio/2054.wav,./audio/ref_voice/alienkevin.wav,Housing issue在香港一直係重大話題，政府需要更多groundbreaking solution去解决住屋問題。”,14.3147,kept,train,"14.31s in [5.0, 30.0]"
2055,./audio/2055.wav,./audio/ref_voice/alienkevin.wav,Inflation rate上升對於一般家庭嚟講壓力真係好大，呢個就係我哋記者想focus的議题。”,11.0934,kept,train,"11.09s in [5.0, 30.0]"
2056,./audio/2056.wav,./audio/ref_voice/alienkevin.wav,Recent survey指出香港人对於work-life balance好擔憂，彼此support佢哋就係我哋最重要嘅mission。”,13.2907,kept,train,"13.29s in [5.0, 30.0]"
2057,./audio/2057.wav,./audio/ref_voice/alienkevin.wav,香港嘅Education reform应该听多D家長同學生嘅意見，將教育導向holistic development。”,15.232,kept,train,"15.23s in [5.0, 30.0]"
2058,./audio/2058.wav,./audio/ref_voice/alienkevin.wav,Traffic congestion係一直困擾香港市民嘅問題，我哋需要smart city solutions去解決呢個問題。”,12.0747,kept,train,"12.07s in [5.0, 30.0]"
2059,./audio/2059.wav,./audio/ref_voice/alienkevin.wav,"Climate change同environment protection越嚟越受香港市民重视，呢个係每一個政策制定者需要put in mind的問題。"" ",17.067,kept,train,"17.07s in [5.0, 30.0]"
2060,./audio/2060.wav,./audio/ref_voice/alienkevin.wav,Food safety係一直都深受香港市民重視，government需要持續對food import進行monitor。”,13.3974,kept,train,"13.40s in [5.0, 30.0]"
2061,./audio/2061.wav,./audio/ref_voice/alienkevin.wav,香港人對於freedom of speech保持高度警覺，透明度同公開討論嘅重要性就無需再多言。” ,12.672,kept,train,"12.67s in [5.0, 30.0]"
2062,./audio/2062.wav,./audio/ref_voice/alienkevin.wav,香港unemployment rate上升，政府需要更活躍嘅labor market policy去對抗咗呢個問題。”,15.104,kept,train,"15.10s in [5.0, 30.0]"
2063,./audio/2063.wav,./audio/ref_voice/alienkevin.wav,我喺Harbour City買咗幾件Seiko嘅手錶，好滿意呢次shopping experience。,10.5814,kept,train,"10.58s in [5.0, 30.0]"
2064,./audio/2064.wav,./audio/ref_voice/alienkevin.wav,我喺元朗嘅H&M揾到咗好多個人風格嘅衫，絕對喺我最近最得意嘅fashion discovery。,12.2027,kept,train,"12.20s in [5.0, 30.0]"
2065,./audio/2065.wav,./audio/ref_voice/alienkevin.wav,Gap嘅trousers我好鍾意，我每次去Times Square一定會畀佢吸引住。,9.1947,kept,eval,"9.19s in [5.0, 30.0]"
2066,./audio/2066.wav,./audio/ref_voice/alienkevin.wav,Festival Walk嘅Nike門市系好鬼大，每次行過困，我都會入去pick up啲運動裝。,14.272,kept,train,"14.27s in [5.0, 30.0]"
2067,./audio/2067.wav,./audio/ref_voice/alienkevin.wav,我最近打算去荃灣Plaza嗰間Uniqlo買啲秋冬嘅衫，嗰度D price頗合理。,14.6134,kept,train,"14.61s in [5.0, 30.0]"
2068,./audio/2068.wav,./audio/ref_voice/alienkevin.wav,周大福嘅鑽戒我真係太愛了，Ikea嘅傢俬我都好欣賞，買嘢真系要看quality唔係只看價錢。,17.9414,kept,train,"17.94s in [5.0, 30.0]"
2069,./audio/2069.wav,./audio/ref_voice/alienkevin.wav,我諗我會去銅鑼灣嗰間Forever 21買啲party wear，佢哋嘅collection總是好潮流。,14.08,kept,eval,"14.08s in [5.0, 30.0]"
2070,./audio/2070.wav,./audio/ref_voice/alienkevin.wav,我平時鍾意喺Sheung Shui嘅Gucci store度揀啲high-end accessories，尤其系佢哋嘅bags好有品味。,18.327,kept,train,"18.33s in [5.0, 30.0]"
2071,./audio/2071.wav,./audio/ref_voice/alienkevin.wav,"因爲疫情關係，我而家轉喺online網店喺淘寶買嘢，雖然無啲實物睇，但係好方便又省時。"" ",11.584,kept,train,"11.58s in [5.0, 30.0]"
2072,./audio/2072.wav,./audio/ref_voice/alienkevin.wav,尖沙咀嘅Zara常有new arrivals，每次都有啲非買不可嘅時裝單品。,10.1974,kept,train,"10.20s in [5.0, 30.0]"
2073,./audio/2073.wav,./audio/ref_voice/alienkevin.wav,放輕鬆D，唔好give yourself太多pressure，放低担心，學習就會更順利。,8.7254,kept,train,"8.73s in [5.0, 30.0]"
2074,./audio/2074.wav,./audio/ref_voice/alienkevin.wav,一步一步來，唔好攬灰。Set reasonable goals，按自己嘅步伐去進步。,10.5174,kept,eval,"10.52s in [5.0, 30.0]"
2075,./audio/2075.wav,./audio/ref_voice/alienkevin.wav,問題唔怕多，問得越多，學得越多。Don't be afraid to ask questions，每一個問題都會带領你走向答案。,11.883,kept,train,"11.88s in [5.0, 30.0]"
2076,./audio/2076.wav,./audio/ref_voice/alienkevin.wav,學唔通嘅時候，唔好自我否定。Breathe and take a break，然後再繼續。,8.384,kept,train,"8.38s in [5.0, 30.0]"
2077,./audio/2077.wav,./audio/ref_voice/alienkevin.wav,唔好被困難打倒。Remember，每一個挑戰都係學習新事物嘅機會。,8.1067,kept,eval,"8.11s in [5.0, 30.0]"
2078,./audio/2078.wav,./audio/ref_voice/alienkevin.wav,"知識嘅海洋係無邊無際，唔好覺得學完就完，keep learning, keep growing。",8.192,kept,train,"8.19s in [5.0, 30.0]"
2079,./audio/2079.wav,./audio/ref_voice/alienkevin.wav,唔好太依賴書本學習，實踐係學習嘅重要部分，Learning by doing，你會得到更多。,9.6214,kept,train,"9.62s in [5.0, 30.0]"
2080,./audio/2080.wav,./audio/ref_voice/alienkevin.wav,努力嘅學習會有回報。Believe in yourself，你可以嘅。,7.0827,kept,train,"7.08s in [5.0, 30.0]"
2081,./audio/2081.wav,./audio/ref_voice/alienkevin.wav,"學習唔係為咗考試，而係為了生活。Education is not just about grades, it's about life skills。"" ",10.56,kept,train,"10.56s in [5.0, 30.0]"
2082,./audio/2082.wav,./audio/ref_voice/alienkevin.wav,聽多啲唔同嘅觀點，會令你嘅思維變得更寬闊。Open your mind，keep curious。,11.84,kept,train,"11.84s in [5.0, 30.0]"
2083,./audio/2083.wav,./audio/ref_voice/alienkevin.wav,Deadline係我哋要尊重嘅，但係我哋唔可以逼自己太緊，要give yourself some break.,8.9174,kept,train,"8.92s in [5.0, 30.0]"
2084,./audio/2084.wav,./audio/ref_voice/alienkevin.wav,Teamwork唔係單一個人嘅事，每一個人都需要負責任，都需要put in effort，共同完成我哋嘅目標。,13.12,kept,eval,"13.12s in [5.0, 30.0]"
2085,./audio/2085.wav,./audio/ref_voice/alienkevin.wav,我地要懂得appreciate自己嘅hard work，每次完成一項任務都要reward自己，咁先可以保持motivated。,14.912,kept,train,"14.91s in [5.0, 30.0]"
2086,./audio/2086.wav,./audio/ref_voice/alienkevin.wav,Professionalism唔單止係咁簡單，佢包括尊重colleagues，準時準點，同埋有好嘅work ethic。,16.491,kept,train,"16.49s in [5.0, 30.0]"
2087,./audio/2087.wav,./audio/ref_voice/alienkevin.wav,Problems喺work上係無可避免嘅，重要嘅係我哋要學識咁樣快速同有效咁解決佢。,13.7387,kept,train,"13.74s in [5.0, 30.0]"
2088,./audio/2088.wav,./audio/ref_voice/alienkevin.wav,唔好怕make mistakes，重要嘅係我哋要從錯誤中學習，唔好再犯同樣嘅錯誤。,10.112,kept,train,"10.11s in [5.0, 30.0]"
2089,./audio/2089.wav,./audio/ref_voice/alienkevin.wav,"Work-life balance唔單止係關於工作同休息嘅平衡，佢更係關於點樣把你life嘅其他部分都融入你嘅工作生活之中。"" ",16.8747,kept,train,"16.87s in [5.0, 30.0]"
2090,./audio/2090.wav,./audio/ref_voice/alienkevin.wav,Respect唔單止係尊重人，更加係尊重時間，有啲野唔可以等，我哋必須要respect deadline。,11.5414,kept,eval,"11.54s in [5.0, 30.0]"
2091,./audio/2091.wav,./audio/ref_voice/alienkevin.wav,Adaptability係一個很重要嘅skill，因為工作環境同requirements時常變動，我哋必須要懂得adapt新嘅情況。,14.784,kept,train,"14.78s in [5.0, 30.0]"
2092,./audio/2092.wav,./audio/ref_voice/alienkevin.wav,Time management skills係each and every job都需要嘅，唔係只係關於能夠完成工作，同時更係關於咁樣maximize你嘅wor…,19.6907,kept,train,"19.69s in [5.0, 30.0]"
2093,./audio/2093.wav,./audio/ref_voice/alienkevin.wav,冷氣太強，我都快變成an Ice cube喇！,6.5067,kept,train,"6.51s in [5.0, 30.0]"
2094,./audio/2094.wav,./audio/ref_voice/alienkevin.wav,每次天氣變Hot，心情就會自然Good up!,6.08,kept,train,"6.08s in [5.0, 30.0]"
2095,./audio/2095.wav,./audio/ref_voice/alienkevin.wav,See見佢邊度tropical storm，我都已經快要scare落下。,9.4507,kept,eval,"9.45s in [5.0, 30.0]"
2096,./audio/2096.wav,./audio/ref_voice/alienkevin.wav,呢度唔好玩mobile，Dark and stormy天氣，易出事！,7.2107,kept,train,"7.21s in [5.0, 30.0]"
2097,./audio/2097.wav,./audio/ref_voice/alienkevin.wav,放假但天氣rain全日，好down低喎！,5.5254,kept,train,"5.53s in [5.0, 30.0]"
2098,./audio/2098.wav,./audio/ref_voice/alienkevin.wav,諗落sweater weather先至開始冷，好奇怪！,7.5094,kept,train,"7.51s in [5.0, 30.0]"
2099,./audio/2099.wav,./audio/ref_voice/alienkevin.wav,據報告話今日會有大風，double check下有冇帶umbrella啦！,6.5707,kept,train,"6.57s in [5.0, 30.0]"
2100,./audio/2100.wav,./audio/ref_voice/alienkevin.wav,再唔喝杯Hot chocolate我就要變雪人喇，太cold啦！,6.5494,kept,eval,"6.55s in [5.0, 30.0]"
2101,./audio/2101.wav,./audio/ref_voice/alienkevin.wav,乞頭氣温drop得太快，整個人都feel唔嗰拖。,9.1947,kept,train,"9.19s in [5.0, 30.0]"
2102,./audio/2102.wav,./audio/ref_voice/alienkevin.wav,天氣預報話好大太陽，今日應該係perfect beach day！,6.464,kept,train,"6.46s in [5.0, 30.0]"
2103,./audio/2103.wav,./audio/ref_voice/alienkevin.wav,你见过咁juicy嘅roast goose未呀？那口感，简直indescribable！,11.1787,kept,train,"11.18s in [5.0, 30.0]"
2104,./audio/2104.wav,./audio/ref_voice/alienkevin.wav,"香软嘅egg tart,一bite下去，真系咪一种heavenly的感觉呀。",9.6214,kept,eval,"9.62s in [5.0, 30.0]"
2105,./audio/2105.wav,./audio/ref_voice/alienkevin.wav,这个龙虾饭裹住嘅cheese，simply beyond words！,8.256,kept,train,"8.26s in [5.0, 30.0]"
2106,./audio/2106.wav,./audio/ref_voice/alienkevin.wav,搭配炖汤的瑶柱又带有hint of sweetness，simply fantastic！,9.2374,kept,train,"9.24s in [5.0, 30.0]"
2107,./audio/2107.wav,./audio/ref_voice/alienkevin.wav,虽然只系双皮奶，但个taste真系rich又creamy，落口即溶，满满的满足感呀！,10.432,kept,train,"10.43s in [5.0, 30.0]"
2108,./audio/2108.wav,./audio/ref_voice/alienkevin.wav,试过呢个蛋卷未呀？crispy又fluffy，塞满咗peanut sauce，real pleasure一种食物能带畀你。,16.3627,kept,train,"16.36s in [5.0, 30.0]"
2109,./audio/2109.wav,./audio/ref_voice/alienkevin.wav,"呢个stir-fried pepper crab，peppery又spicy,好过瘾嘅一道菜。"" ",11.84,kept,eval,"11.84s in [5.0, 30.0]"
2110,./audio/2110.wav,./audio/ref_voice/alienkevin.wav,泰国嘅mango sticky rice啊，sweet又香，个mango好fresh，舌尖上嘅tropical paradise呀！,16.8747,kept,train,"16.87s in [5.0, 30.0]"
2111,./audio/2111.wav,./audio/ref_voice/alienkevin.wav,这个炸鲜奶，外壳crispy，入面却满满嘅milky goodness，每次都好期待做一次小surprise！,13.6534,kept,train,"13.65s in [5.0, 30.0]"
2112,./audio/2112.wav,./audio/ref_voice/alienkevin.wav,鹅肝配糖醋排骨嘅combination，sweet和smooth，无敌嘅享受，不得而赏哩！,11.264,kept,eval,"11.26s in [5.0, 30.0]"
2113,./audio/2113.wav,./audio/ref_voice/alienkevin.wav,"如果你想感受下morning嘅fresh air, 早起一趟去Peak嘅hiking trail, 就可以有個perfect starting嘅一日。",13.0774,kept,train,"13.08s in [5.0, 30.0]"
2114,./audio/2114.wav,./audio/ref_voice/alienkevin.wav,如果你鍾意潛水嘅話，你一定要去try一下Australia Great Barrier Reef嘅diving experience，我保證你一生難忘。”,17.2587,kept,train,"17.26s in [5.0, 30.0]"
2115,./audio/2115.wav,./audio/ref_voice/alienkevin.wav,"如果你鍾意美食, 唔該你唔好錯過去Italy嘅pizza同pasta，我保證你特別滿足。”",11.6054,kept,train,"11.61s in [5.0, 30.0]"
2116,./audio/2116.wav,./audio/ref_voice/alienkevin.wav,"如果你鍾意歷史你可以考慮個旅程去Egypt看下Pyramids同Sphinx, 我覺得超級impressive。”",15.6374,kept,train,"15.64s in [5.0, 30.0]"
2117,./audio/2117.wav,./audio/ref_voice/alienkevin.wav,"如果你想有個relax嘅trip, 我建議你去Bali嘅villa度假，享受個private pool同埋sunshine，你會覺得人生好似就此止步。”",19.2214,kept,train,"19.22s in [5.0, 30.0]"
2118,./audio/2118.wav,./audio/ref_voice/alienkevin.wav,如果你想有個adventure，你就去一趟New Zealand嘅skydiving，我保證你驚喜連連。”,11.1574,kept,train,"11.16s in [5.0, 30.0]"
2119,./audio/2119.wav,./audio/ref_voice/alienkevin.wav,"如果你想喺quiet place度假, Japan嘅ryokan就好適合你, 可以喺那裡品嘗traditional嘅Japanese cuisine同埋享受on…",21.4614,kept,train,"21.46s in [5.0, 30.0]"
2120,./audio/2120.wav,./audio/ref_voice/alienkevin.wav,"如果你鍾意shopping的話, 應該去一趟New York嘅Fifth Avenue, 有好多luxury brands同埋designer shops等你揀…",15.5947,kept,train,"15.59s in [5.0, 30.0]"
2121,./audio/2121.wav,./audio/ref_voice/alienkevin.wav,"如果你愛藝術,就去一次France嘅Louvre Museum, 明星作品係Mona Lisa, 你一定要selfie一張。”",16.1707,kept,train,"16.17s in [5.0, 30.0]"
2122,./audio/2122.wav,./audio/ref_voice/alienkevin.wav,我喺weekend嘅时候，都会喺网上约一班朋友一齐玩online game，放松放松。,8.2774,kept,train,"8.28s in [5.0, 30.0]"
2123,./audio/2123.wav,./audio/ref_voice/alienkevin.wav,节假日假期，我都会去追一追我心水嘅live concert，feel到声声入耳实在太享受，完全不同嘅experience。,15.339,kept,train,"15.34s in [5.0, 30.0]"
2124,./audio/2124.wav,./audio/ref_voice/alienkevin.wav,温曦唔嬲，我都会stay home，搵套Netflix新出嘅series binge-watch一整晚。,15.0614,kept,train,"15.06s in [5.0, 30.0]"
2125,./audio/2125.wav,./audio/ref_voice/alienkevin.wav,我成日爱研究一下cooking，试下新嘅recipe，顺便拍几张photo发上Instagram show off一下。,14.6134,kept,train,"14.61s in [5.0, 30.0]"
2126,./audio/2126.wav,./audio/ref_voice/alienkevin.wav,我好爱跳舞，所以喺spare time会跟兴趣班学一下hip hop，为嘅就系为咗有机会参加street dance competition。,15.4027,kept,train,"15.40s in [5.0, 30.0]"
2127,./audio/2127.wav,./audio/ref_voice/alienkevin.wav,我喺度reading，平日都会去book store逛逛，搵搵新release嘅好书。,9.728,kept,train,"9.73s in [5.0, 30.0]"
2128,./audio/2128.wav,./audio/ref_voice/alienkevin.wav,成日都好喜欢唱K，无论系自己去karaoke唱solos，定系约埋一群朋友一鈴唱到天亮都好。,13.9307,kept,train,"13.93s in [5.0, 30.0]"
2129,./audio/2129.wav,./audio/ref_voice/alienkevin.wav,如果唔去健身房做workout，我都会去打打羽毛球或者篮球，保持一下身体fitness。”,9.6,kept,train,"9.60s in [5.0, 30.0]"
2130,./audio/2130.wav,./audio/ref_voice/alienkevin.wav,每年我都会睇ADC嘅annual Award giving ceremony，keep up咗香港嘅art scene发展。,12.352,kept,train,"12.35s in [5.0, 30.0]"
2131,./audio/2131.wav,./audio/ref_voice/alienkevin.wav,"Basketball係一種需要teamwork同cooperation嘅sport, 你要識得pass同catch波先行。",12.0747,kept,train,"12.07s in [5.0, 30.0]"
2132,./audio/2132.wav,./audio/ref_voice/alienkevin.wav,"Soccer運動除咗要有good stamina, 都需要有quick reflexes嚟做goal keeper。",11.264,kept,eval,"11.26s in [5.0, 30.0]"
2133,./audio/2133.wav,./audio/ref_voice/alienkevin.wav,"Yoga唔單止係stretching, 仲要需要呼吸同心態上嘅coordination。",11.2854,kept,train,"11.29s in [5.0, 30.0]"
2134,./audio/2134.wav,./audio/ref_voice/alienkevin.wav,"Swimming可以train到你全身嘅muscles, 係一種好balanced嘅運動。",7.7867,kept,train,"7.79s in [5.0, 30.0]"
2135,./audio/2135.wav,./audio/ref_voice/alienkevin.wav,Cycling唔同於其他type嘅sports，除咗可以增強體能，仲可以享受返自然。,9.2587,kept,train,"9.26s in [5.0, 30.0]"
2136,./audio/2136.wav,./audio/ref_voice/alienkevin.wav,Gymnastics除咗係physical challenge，佢仲提升到你嘅flexibility同balance。,10.496,kept,train,"10.50s in [5.0, 30.0]"
2137,./audio/2137.wav,./audio/ref_voice/alienkevin.wav,跑馬拉松唔只係test你嘅endurance，仲要你有策略去分配energy。,9.344,kept,train,"9.34s in [5.0, 30.0]"
2138,./audio/2138.wav,./audio/ref_voice/alienkevin.wav,Tennis要求你要有fast reaction，以及good control嘅skills去影波。,11.3494,kept,train,"11.35s in [5.0, 30.0]"
2139,./audio/2139.wav,./audio/ref_voice/alienkevin.wav,Boxing唔只係physical strength，仲需要有strategy去打戰。,9.2587,kept,train,"9.26s in [5.0, 30.0]"
2140,./audio/2140.wav,./audio/ref_voice/alienkevin.wav,Badminton需要用hand-eye coordination去接受同擊打球，配合速度同策略。,11.883,kept,eval,"11.88s in [5.0, 30.0]"
2141,./audio/2141.wav,./audio/ref_voice/alienkevin.wav,香港嘅housing crisis持續未見改善，我哋需要更creative嘅policy去解決個issue。,12.3947,kept,train,"12.39s in [5.0, 30.0]"
2142,./audio/2142.wav,./audio/ref_voice/alienkevin.wav,香港政府應該提高public spending落教育同培訓，增強競爭力，幫助市民面對global challenges。,14.3574,kept,train,"14.36s in [5.0, 30.0]"
2143,./audio/2143.wav,./audio/ref_voice/alienkevin.wav,最近過嚟嘅crime rate好令人擔心，唔理係technology立法還是law enforcement，都需要同步提升。,14.208,kept,train,"14.21s in [5.0, 30.0]"
2144,./audio/2144.wav,./audio/ref_voice/alienkevin.wav,新型coronavirus嚴重衝擊香港經濟，係唔係需要考慮推出更援助計劃去support local businesses?,14.592,kept,train,"14.59s in [5.0, 30.0]"
2145,./audio/2145.wav,./audio/ref_voice/alienkevin.wav,香港嘅public transportation系統需要upgrade同改善，方便市民同tourists更efficient咁使用。,15.68,kept,eval,"15.68s in [5.0, 30.0]"
2146,./audio/2146.wav,./audio/ref_voice/alienkevin.wav,政府應該推廣更多嘅green initiatives，去建立sustainable environment，對挽救香港嘅future做出貢獻。,17.344,kept,train,"17.34s in [5.0, 30.0]"
2147,./audio/2147.wav,./audio/ref_voice/alienkevin.wav,香港young generation對於political participation嘅需求呼聲越來越高，政府應該take it seriously並採取相應嘅…,18.624,kept,train,"18.62s in [5.0, 30.0]"
2148,./audio/2148.wav,./audio/ref_voice/alienkevin.wav,政府應該著重於diversify嘅經濟模式，俾機會不同industry發展，令香港嘅economic resilience提高。,16.7467,kept,eval,"16.75s in [5.0, 30.0]"
2149,./audio/2149.wav,./audio/ref_voice/alienkevin.wav,香港lack嘅healthcare resources令到公營醫療系統重壓難當，需要加大投放嘅resources去改善個情況。,16.8107,kept,train,"16.81s in [5.0, 30.0]"
2150,./audio/2150.wav,./audio/ref_voice/alienkevin.wav,對於elderly care嘅demand增加，香港唔得唔需要有一個comprehensive且efficient嘅planning去面對長者嘅needs。,18.3467,kept,train,"18.35s in [5.0, 30.0]"
2151,./audio/2151.wav,./audio/ref_voice/alienkevin.wav,Sogo嗰度嘅Massimo Dutti有好多我心水嘅衫，我每次去都必buy嘅。,13.8027,kept,train,"13.80s in [5.0, 30.0]"
2152,./audio/2152.wav,./audio/ref_voice/alienkevin.wav,YoHo Mall嘅MUJI呢度真係一應俱全，我每次都攞到唔喺hands嘅產品。,12.8854,kept,train,"12.89s in [5.0, 30.0]"
2153,./audio/2153.wav,./audio/ref_voice/alienkevin.wav,Uniqlo for sure係我買平日衫嘅地方，感覺好chill又有型。,11.136,kept,eval,"11.14s in [5.0, 30.0]"
2154,./audio/2154.wav,./audio/ref_voice/alienkevin.wav,我成日都會入H&M，佢啲trendy items每次都吸引到我。,9.92,kept,eval,"9.92s in [5.0, 30.0]"
2155,./audio/2155.wav,./audio/ref_voice/alienkevin.wav,Apple Store嘅tech gadgets好正，每次去都想全部都carry出去。,11.2214,kept,train,"11.22s in [5.0, 30.0]"
2156,./audio/2156.wav,./audio/ref_voice/alienkevin.wav,Landmark嘅LV boutique好高end，feel好好，我經過既時都會進行check啲new collection.,15.0827,kept,train,"15.08s in [5.0, 30.0]"
2157,./audio/2157.wav,./audio/ref_voice/alienkevin.wav,IKEA系我買新家具嘅go-to place，well-designed又實用。”,10.176,kept,train,"10.18s in [5.0, 30.0]"
2158,./audio/2158.wav,./audio/ref_voice/alienkevin.wav,Langham Place嘅Sephora好正，可以try各類化妝產品然後pick喺favorite嘅。,12.544,kept,eval,"12.54s in [5.0, 30.0]"
2159,./audio/2159.wav,./audio/ref_voice/alienkevin.wav,我系Zara买咗好多裙豬，佢啲fashion items都好match我的style.,11.4987,kept,train,"11.50s in [5.0, 30.0]"
2160,./audio/2160.wav,./audio/ref_voice/alienkevin.wav,每次去Harbour City都會去Coach shop啲款式非常nice而且quality都好高。,14.4,kept,eval,"14.40s in [5.0, 30.0]"
2161,./audio/2161.wav,./audio/ref_voice/alienkevin.wav,唔好panic，每個人學習嘅速度都唔同，just focus on your own progress。,9.408,kept,train,"9.41s in [5.0, 30.0]"
2162,./audio/2162.wav,./audio/ref_voice/alienkevin.wav,"Remember, 唔係每次都要strive for perfection，懂得appreciate自己嘅improvement都好重要。",13.2694,kept,train,"13.27s in [5.0, 30.0]"
2163,./audio/2163.wav,./audio/ref_voice/alienkevin.wav,學新嘢係需要time and patience，唔好自己expect得太急，進步唔會overnight嘅。,11.904,kept,train,"11.90s in [5.0, 30.0]"
2164,./audio/2164.wav,./audio/ref_voice/alienkevin.wav,唔好只係看book，多導amplify你嘅knowledge畀一下。,9.664,kept,train,"9.66s in [5.0, 30.0]"
2165,./audio/2165.wav,./audio/ref_voice/alienkevin.wav,學習期間，manage好你嘅time，唔好overwhelm自己。,7.4027,kept,train,"7.40s in [5.0, 30.0]"
2166,./audio/2166.wav,./audio/ref_voice/alienkevin.wav,Learning never stops，無論何時都要keep an open mind去學新嘅東西。,9.2374,kept,train,"9.24s in [5.0, 30.0]"
2167,./audio/2167.wav,./audio/ref_voice/alienkevin.wav,唔好compare自己同其他人，each one of us有自己嘅journey同嘅pace。,11.008,kept,train,"11.01s in [5.0, 30.0]"
2168,./audio/2168.wav,./audio/ref_voice/alienkevin.wav,唔怕make mistakes，错误係學習過程中嘅一部分，從中學嘅就係lesson。,10.3894,kept,train,"10.39s in [5.0, 30.0]"
2169,./audio/2169.wav,./audio/ref_voice/alienkevin.wav,Always be curious，仲有keep asking questions，咁先可以學得更多。,9.216,kept,train,"9.22s in [5.0, 30.0]"
2170,./audio/2170.wav,./audio/ref_voice/alienkevin.wav,學習唔係race，唔好rush yourself，慢慢嚟better than never。,7.0187,kept,train,"7.02s in [5.0, 30.0]"
2171,./audio/2171.wav,./audio/ref_voice/alienkevin.wav,Stick with it，唔好放棄，一路學下去你都會get it的。,8.5974,kept,eval,"8.60s in [5.0, 30.0]"
2172,./audio/2172.wav,./audio/ref_voice/alienkevin.wav,Take breaks，唔需要24/7都讀書，relax一下會keep your mind sharp。,8.7254,kept,train,"8.73s in [5.0, 30.0]"
2173,./audio/2173.wav,./audio/ref_voice/alienkevin.wav,Efficiency佢唔只係工作快，更重要嘅係呢個工作要做得好，要有quality。,11.2214,kept,train,"11.22s in [5.0, 30.0]"
2174,./audio/2174.wav,./audio/ref_voice/alienkevin.wav,一個人嘅career唔係單單以salary去評價嘅，更應評價佢喺呢份工嘅passion同contribution。,15.1894,kept,train,"15.19s in [5.0, 30.0]"
2175,./audio/2175.wav,./audio/ref_voice/alienkevin.wav,Team spirit係任何一份工作都唔可或缺嘅元素。如果冇佢，可能我哋嘅teamwork就變得好困難。,12.224,kept,eval,"12.22s in [5.0, 30.0]"
2176,./audio/2176.wav,./audio/ref_voice/alienkevin.wav,"Constantly learning新嘅skillsets, 知識係move up the career ladder嘅關鍵。",13.2054,kept,train,"13.21s in [5.0, 30.0]"
2177,./audio/2177.wav,./audio/ref_voice/alienkevin.wav,Respect同appreciate你嘅colleagues，可能佢哋會俾到你意想不到嘅surprise。,11.52,kept,eval,"11.52s in [5.0, 30.0]"
2178,./audio/2178.wav,./audio/ref_voice/alienkevin.wav,總有一日你會realize你嘅hard work都係值得嘅，因為佢會帶來成功嘅satisfaction。,11.2,kept,train,"11.20s in [5.0, 30.0]"
2179,./audio/2179.wav,./audio/ref_voice/alienkevin.wav,如果你有夢，勇於朝夢想去strive，唔好驚failure.,8.1067,kept,train,"8.11s in [5.0, 30.0]"
2180,./audio/2180.wav,./audio/ref_voice/alienkevin.wav,"Communicating effectively唔只係講嘴嘅，你要learn咁樣去聽人講野，同埋理解佢哋嘅needs同expectations."" ",17.8774,kept,train,"17.88s in [5.0, 30.0]"
2181,./audio/2181.wav,./audio/ref_voice/alienkevin.wav,Be proactive，唔好all the time都等人派工返嚟你。,9.2587,kept,train,"9.26s in [5.0, 30.0]"
2182,./audio/2182.wav,./audio/ref_voice/alienkevin.wav,Always remember保持work-life balance，唔好過份工作中毒，亦唔好完全忽視咗你嘅工作。,12.9707,kept,train,"12.97s in [5.0, 30.0]"
2183,./audio/2183.wav,./audio/ref_voice/alienkevin.wav,真係太熱喇，我全部嘅ice-cream都melt咗喇！,5.6747,kept,train,"5.67s in [5.0, 30.0]"
2184,./audio/2184.wav,./audio/ref_voice/alienkevin.wav,下雨滂沱大，you can't even see two feet ahead啦！,6.144,kept,train,"6.14s in [5.0, 30.0]"
2185,./audio/2185.wav,./audio/ref_voice/alienkevin.wav,好想去enjoy the sunset喺mountain top啊！,5.4827,kept,train,"5.48s in [5.0, 30.0]"
2186,./audio/2186.wav,./audio/ref_voice/alienkevin.wav,Remember to wear a coat呀，會變得very cold at night！,6.4,kept,train,"6.40s in [5.0, 30.0]"
2187,./audio/2187.wav,./audio/ref_voice/alienkevin.wav,今日天气好overcast，remember to bring an umbrella喔！,6.6347,kept,train,"6.63s in [5.0, 30.0]"
2188,./audio/2188.wav,./audio/ref_voice/alienkevin.wav,預報話會落雪，好想build個snowman喔！,7.808,kept,train,"7.81s in [5.0, 30.0]"
2189,./audio/2189.wav,./audio/ref_voice/alienkevin.wav,今日好high啊，走去beach enjoy the sunshine啦！,7.7867,kept,eval,"7.79s in [5.0, 30.0]"
2190,./audio/2190.wav,./audio/ref_voice/alienkevin.wav,Rain降咗成日喇，當然feeling down喇！,5.632,kept,train,"5.63s in [5.0, 30.0]"
2191,./audio/2191.wav,./audio/ref_voice/alienkevin.wav,Humidity太高喇，好似sleeping in a jungle咁！,9.7067,kept,train,"9.71s in [5.0, 30.0]"
2192,./audio/2192.wav,./audio/ref_voice/alienkevin.wav,天气变得hotter and hotter嘅，remember to stay hydrated喔！,9.152,kept,train,"9.15s in [5.0, 30.0]"
2193,./audio/2193.wav,./audio/ref_voice/alienkevin.wav,預計會有extreme weather，我地need to be prepared喔！,8.192,kept,train,"8.19s in [5.0, 30.0]"
2194,./audio/2194.wav,./audio/ref_voice/alienkevin.wav,煎pan-fried鱼脆脆嘅skin，外边嘅taste就如同海洋的礼物，令人mind-blowing喇！,13.6534,kept,train,"13.65s in [5.0, 30.0]"
2195,./audio/2195.wav,./audio/ref_voice/alienkevin.wav,京葱爆炒牛丁配上一杯chilled鸡尾酒，perfect match！好生活就系咁！,13.824,kept,train,"13.82s in [5.0, 30.0]"
2196,./audio/2196.wav,./audio/ref_voice/alienkevin.wav,Noodles加上滑滑嘅鸡蛋，嚟个egg-tastic早餐，仲等咩快点试试啦！,10.496,kept,train,"10.50s in [5.0, 30.0]"
2197,./audio/2197.wav,./audio/ref_voice/alienkevin.wav,恰北北嘅小龙虾，配上garlic sauce，spicy又香，好赞嘅下酒菜！,14.295,kept,train,"14.29s in [5.0, 30.0]"
2198,./audio/2198.wav,./audio/ref_voice/alienkevin.wav,豆腐配上啲special制作嘅辣椒酱，hot而唔会过滋，让人记挂不已啊！,12.48,kept,train,"12.48s in [5.0, 30.0]"
2199,./audio/2199.wav,./audio/ref_voice/alienkevin.wav,粉丝虾配上crisp lettuce，的真crunchy and refreshing！,13.8667,kept,train,"13.87s in [5.0, 30.0]"
2200,./audio/2200.wav,./audio/ref_voice/alienkevin.wav,叉烧饭加上咁滑嘅egg，香口又appetizing，吃晒都唔够呢！,9.1947,kept,train,"9.19s in [5.0, 30.0]"
2201,./audio/2201.wav,./audio/ref_voice/alienkevin.wav,Vegetable soup配上corn bread，warm and nutritious，真系令人惦记住！,10.5814,kept,train,"10.58s in [5.0, 30.0]"
2202,./audio/2202.wav,./audio/ref_voice/alienkevin.wav,Banana split配上嫩滑雪糕，sweet and creamy，真系馋死我喇！,11.3707,kept,train,"11.37s in [5.0, 30.0]"
2203,./audio/2203.wav,./audio/ref_voice/alienkevin.wav,Dim sum配上Phoenix rolls，traditional yet innovative 好享受呢！,10.4747,kept,train,"10.47s in [5.0, 30.0]"
2204,./audio/2204.wav,./audio/ref_voice/alienkevin.wav,我建議你一定要去Japan嘅cherry blossom season，我保證你會love它嘅美。,10.3894,kept,train,"10.39s in [5.0, 30.0]"
2205,./audio/2205.wav,./audio/ref_voice/alienkevin.wav,你鍾唔鍾意ski？去一次Switzerland，我覺得你會對skiing有新嘅認識。,9.9414,kept,train,"9.94s in [5.0, 30.0]"
2206,./audio/2206.wav,./audio/ref_voice/alienkevin.wav,如果你想體驗一下古代文化，那你一定要去Cairo嘅Pyramids，我保證你會被impressed。,15.872,kept,train,"15.87s in [5.0, 30.0]"
2207,./audio/2207.wav,./audio/ref_voice/alienkevin.wav,你喜歡shopping嘅話，我提議你去New York，我覺得你會喜歡Times Square嘅商店。”,10.3894,kept,train,"10.39s in [5.0, 30.0]"
2208,./audio/2208.wav,./audio/ref_voice/alienkevin.wav,如果你係foodie個種，去一趟Italy食pizza或者pasta，我保譜你會喺心底覺得滿足。”,14.2294,kept,train,"14.23s in [5.0, 30.0]"
2209,./audio/2209.wav,./audio/ref_voice/alienkevin.wav,如果你對wildlife有興趣，那個South Africa嘅safari tour一定會你喺一個無比新鮮嘅experience。”,17.1094,kept,train,"17.11s in [5.0, 30.0]"
2210,./audio/2210.wav,./audio/ref_voice/alienkevin.wav,去Paris欣賞下嗰度嘅art galleries，我覺得你可以發現自己對arts嘅熱愛。”,12.9707,kept,train,"12.97s in [5.0, 30.0]"
2211,./audio/2211.wav,./audio/ref_voice/alienkevin.wav,你鐘唔鍾意beach？去Thailand嘅Phuket造一趟，我覺得你會愛上嗰度嘅太陽和沙灘。”,14.336,kept,train,"14.34s in [5.0, 30.0]"
2212,./audio/2212.wav,./audio/ref_voice/alienkevin.wav,鍾意hiking嘅話，去一次Peru嘅Machu Picchu，我保證你會得到一個unforgettable嘅experience。”,14.784,kept,train,"14.78s in [5.0, 30.0]"
2213,./audio/2213.wav,./audio/ref_voice/alienkevin.wav,你試過上cruise去旅行未？你可以嘗試一下去Italy嘅Mediterranean cruise，我保證你一生難忘。”,18.7307,kept,eval,"18.73s in [5.0, 30.0]"
2214,./audio/2214.wav,./audio/ref_voice/alienkevin.wav,成日都喺Netflix搵唔到想睇嘅movie，所以有时都会打开VPN，搵下其他region嘅电影睇睇。,12.2027,kept,train,"12.20s in [5.0, 30.0]"
2215,./audio/2215.wav,./audio/ref_voice/alienkevin.wav,我好喜欢唱歌，最近都几爱唱那首英文歌曲I don't wanna live forever，打算上传上YouTube分享一下。,13.3974,kept,eval,"13.40s in [5.0, 30.0]"
2216,./audio/2216.wav,./audio/ref_voice/alienkevin.wav,我成日都会喺YouTube上看一下makeup tutorial，然后对着镜学一学，希望能吸引到多啲follower。,14.3787,kept,train,"14.38s in [5.0, 30.0]"
2217,./audio/2217.wav,./audio/ref_voice/alienkevin.wav,"我好爱玩computer game, 最近成日都喺house里面練习League of Legends，希望可以成为professional gamer。",15.424,kept,train,"15.42s in [5.0, 30.0]"
2218,./audio/2218.wav,./audio/ref_voice/alienkevin.wav,我会唔会喺weekend去看一下最新嘅Marvel movie呢？我真的几期待睇佢嘅special effects同storyline。,17.1094,kept,train,"17.11s in [5.0, 30.0]"
2219,./audio/2219.wav,./audio/ref_voice/alienkevin.wav,我好爱做gym，而我最喜欢做嘅就系weight lifting，每次去都想challenge自己嘅limits。,12.736,kept,train,"12.74s in [5.0, 30.0]"
2220,./audio/2220.wav,./audio/ref_voice/alienkevin.wav,我几爱追韩剧，特别系最新嘅series Vincenzo，每集都好exciting，唔想miss呀！,15.7014,kept,train,"15.70s in [5.0, 30.0]"
2221,./audio/2221.wav,./audio/ref_voice/alienkevin.wav,我最近迷上了jazz music，可能会去买一支saxophone，希望可以自学到几支曲。,12.9067,kept,train,"12.91s in [5.0, 30.0]"
2222,./audio/2222.wav,./audio/ref_voice/alienkevin.wav,我喺spare time会组织一下board game party，玩下'Uno'或者'Monopoly'，打发下时间同时都可以跟朋友建立好关系。,13.9094,kept,train,"13.91s in [5.0, 30.0]"
2223,./audio/2223.wav,./audio/ref_voice/alienkevin.wav,我下个月打算去旅游，maybe去日本，因为我真系好喜欢他们嘅anime同manga呀！,13.0134,kept,train,"13.01s in [5.0, 30.0]"
2224,./audio/2224.wav,./audio/ref_voice/alienkevin.wav,"Running係一種可以提升cardio vascular health嘅sport, 你要每日keep up練習先得。",10.0267,kept,eval,"10.03s in [5.0, 30.0]"
2225,./audio/2225.wav,./audio/ref_voice/alienkevin.wav,Swimming唔單止可以improve lung capacity，仲可以全身workout，好多health benefits咁。,10.816,kept,eval,"10.82s in [5.0, 30.0]"
2226,./audio/2226.wav,./audio/ref_voice/alienkevin.wav,"Cycling係一種好relax嘅運動，可以鍛煉到腿部肌肉, 同時可以enjoy大自然。",10.5174,kept,train,"10.52s in [5.0, 30.0]"
2227,./audio/2227.wav,./audio/ref_voice/alienkevin.wav,Wrestling唔係只會test你嘅strength，都要用到策略去對抗對手。,11.6054,kept,train,"11.61s in [5.0, 30.0]"
2228,./audio/2228.wav,./audio/ref_voice/alienkevin.wav,Yoga唔單止係一種可以flexibility training，而家仲可以幫助relieve stress。,12.6294,kept,train,"12.63s in [5.0, 30.0]"
2229,./audio/2229.wav,./audio/ref_voice/alienkevin.wav,"Gymnastics要求使用者嘅flexibility, balance 同 coordination係高水平，要練得好靚唔容易呀。",15.424,kept,train,"15.42s in [5.0, 30.0]"
2230,./audio/2230.wav,./audio/ref_voice/alienkevin.wav,Weightlifting唔只係關於lift重嘅鐵，而係關於如何control嘅你嘅breathing同肌肉。,14.8907,kept,train,"14.89s in [5.0, 30.0]"
2231,./audio/2231.wav,./audio/ref_voice/alienkevin.wav,Dancing同時保持個人嘅fitness level，又可以express個人嘅creativity。,11.328,kept,train,"11.33s in [5.0, 30.0]"
2232,./audio/2232.wav,./audio/ref_voice/alienkevin.wav,Skiing除咗係一種enjoy winter嘅方式，仲可以improves balance同leg strength。,9.92,kept,train,"9.92s in [5.0, 30.0]"
2233,./audio/2233.wav,./audio/ref_voice/alienkevin.wav,"Boxing呢個sport，需要power, speed, agility, 而且要有courage去面對對手。",11.883,kept,train,"11.88s in [5.0, 30.0]"
2234,./audio/2234.wav,./audio/ref_voice/alienkevin.wav,COVID-19疫情下，香港嘅economy遭受挑戰，民眾有失業嘅worry，政府需要提供更多support嚟帮忙他们。,14.3787,kept,eval,"14.38s in [5.0, 30.0]"
2235,./audio/2235.wav,./audio/ref_voice/alienkevin.wav,香港嘅房地產market一直都好高，租金又貴，導致不少citizens冇得買屋，政府需要review佢哋嘅house policy，幫助更多人有地方住。,19.6267,kept,train,"19.63s in [5.0, 30.0]"
2236,./audio/2236.wav,./audio/ref_voice/alienkevin.wav,香港嘅互联网速度同coverage比其他國家落後，需要進行upgrade，甚至consider引入5G技術，提升香港嘅digital生活水平。,18.7094,kept,train,"18.71s in [5.0, 30.0]"
2237,./audio/2237.wav,./audio/ref_voice/alienkevin.wav,最近香港嘅air pollution問題好嚴重，嚴重影響到市民嘅health，政府要implement更加嚴格嘅環保政策，促使工業減少排放。,17.088,kept,train,"17.09s in [5.0, 30.0]"
2238,./audio/2238.wav,./audio/ref_voice/alienkevin.wav,香港嘅教育系統嘅pressure好大，學生嘅mental health受到challenge，需要提供mental health support以及reform…,18.816,kept,train,"18.82s in [5.0, 30.0]"
2239,./audio/2239.wav,./audio/ref_voice/alienkevin.wav,香港嘅income inequality問題嚴重，arm穷gap越拉越大，需要implement更有效嘅welfare policy去解決個問題。,19.6267,kept,train,"19.63s in [5.0, 30.0]"
2240,./audio/2240.wav,./audio/ref_voice/alienkevin.wav,儘管香港嘅healthcare系統已經得到upgrade，但要醫療服務更加accessibility，政府需要投資嘅resources來改善醫療服務嘅需求。,17.5147,kept,train,"17.51s in [5.0, 30.0]"
2241,./audio/2241.wav,./audio/ref_voice/alienkevin.wav,由於社會問題，香港嘅social harmony受到影響，需要政府和公眾共同努力，重建社區嘅cohesion。,14.1227,kept,train,"14.12s in [5.0, 30.0]"
2242,./audio/2242.wav,./audio/ref_voice/alienkevin.wav,我真係痴線上Burberry既風衣，處處顯示出佢地excellent嘅craftsmanship。,12.8,kept,train,"12.80s in [5.0, 30.0]"
2243,./audio/2243.wav,./audio/ref_voice/alienkevin.wav,Pacific Place內嘅Zara真係足夠我spend成日去掃貨，keep up with the latest trends都無問題。,14.0587,kept,train,"14.06s in [5.0, 30.0]"
2244,./audio/2244.wav,./audio/ref_voice/alienkevin.wav,旺角嗰度嘅Nike store款式好有少少street vibe，適合喜歡casual style既我。,13.248,kept,train,"13.25s in [5.0, 30.0]"
2245,./audio/2245.wav,./audio/ref_voice/alienkevin.wav,我每次去New Town Plaza都会check下H&M，佢啲clothing 呢season又超trendy又affordable。,16.8534,kept,train,"16.85s in [5.0, 30.0]"
2246,./audio/2246.wav,./audio/ref_voice/alienkevin.wav,Festival Walk嘅MUJI就喺我最喜歡買household items既地方，minimalistic同埋functional，合我心水。,16.599,kept,train,"16.60s in [5.0, 30.0]"
2247,./audio/2247.wav,./audio/ref_voice/alienkevin.wav,去APM嘅時候，每次都會go check一下Uniqlo，佢嘅heattech系列真係冬天嘅必須品。,15.168,kept,train,"15.17s in [5.0, 30.0]"
2248,./audio/2248.wav,./audio/ref_voice/alienkevin.wav,Landmark嗰度嘅Louis Vuitton對於luxury lover嚟講就係paradise，產品嘅design都好timeless,14.6987,kept,train,"14.70s in [5.0, 30.0]"
2249,./audio/2249.wav,./audio/ref_voice/alienkevin.wav,CK underwear嘅comfort level真係top notch，喺Jardine's Bazaar有好多呢啲貨色可以選.,15.2534,kept,train,"15.25s in [5.0, 30.0]"
2250,./audio/2250.wav,./audio/ref_voice/alienkevin.wav,去元朗嗰度嘅Giordano買咗好多件basic tee，質量好又cheap，大碟震啲貨色。,13.76,kept,train,"13.76s in [5.0, 30.0]"
2251,./audio/2251.wav,./audio/ref_voice/alienkevin.wav,Times Square嘅Sephora我每次去都會搵啲新嘅makeup products試吓，款式又多，好容易就買埋單。,15.5307,kept,train,"15.53s in [5.0, 30.0]"
2252,./audio/2252.wav,./audio/ref_voice/alienkevin.wav,Never stop learning，因為學習就系生活嘅一部分。,5.8667,kept,train,"5.87s in [5.0, 30.0]"
2253,./audio/2253.wav,./audio/ref_voice/alienkevin.wav,"No pain, no gain，學習都要經過一啲困難，keep going。",6.7414,kept,eval,"6.74s in [5.0, 30.0]"
2254,./audio/2254.wav,./audio/ref_voice/alienkevin.wav,Remember to take breaks，唔係學習得越多越好，休息都好重要。,6.7627,kept,eval,"6.76s in [5.0, 30.0]"
2255,./audio/2255.wav,./audio/ref_voice/alienkevin.wav,Variety is the spice of life，學多啲唔同嘅嘢可以開闊你嘅視野。,8.6187,kept,train,"8.62s in [5.0, 30.0]"
2256,./audio/2256.wav,./audio/ref_voice/alienkevin.wav,Learning is a journey，唔好比人趕，慢慢嚟one step at a time。,8.7254,kept,eval,"8.73s in [5.0, 30.0]"
2257,./audio/2257.wav,./audio/ref_voice/alienkevin.wav,唔好怕fail，每次失敗都系學習的一部分，Get up and move on。,10.3467,kept,train,"10.35s in [5.0, 30.0]"
2258,./audio/2258.wav,./audio/ref_voice/alienkevin.wav,Practice makes perfect，多做多練就可以變成真緊要嘅技能。,8.832,kept,train,"8.83s in [5.0, 30.0]"
2259,./audio/2259.wav,./audio/ref_voice/alienkevin.wav,Stay focused，掂度你嘅attention，唔好讓irrelevant嘢干擾你。,9.92,kept,train,"9.92s in [5.0, 30.0]"
2260,./audio/2260.wav,./audio/ref_voice/alienkevin.wav,學習不只在書本上，切記watch the world，observe and learn。,7.383,kept,train,"7.38s in [5.0, 30.0]"
2261,./audio/2261.wav,./audio/ref_voice/alienkevin.wav,唔好將學習視作pressure，enjoy the process，嘅確你會學得更happy。,14.336,kept,train,"14.34s in [5.0, 30.0]"
2262,./audio/2262.wav,./audio/ref_voice/alienkevin.wav,Positive attitude在工作中好重要，唔係drama queen咁任何小事都焦头烂额。,13.611,kept,train,"13.61s in [5.0, 30.0]"
2263,./audio/2263.wav,./audio/ref_voice/alienkevin.wav,Need to take initiative，等事情黎到頭先搵解決方法就已經太遲喇。,10.88,kept,train,"10.88s in [5.0, 30.0]"
2264,./audio/2264.wav,./audio/ref_voice/alienkevin.wav,"Be punctual, 工作唔係黎玩嘅,無理由咁隨便遲到。",6.807,kept,train,"6.81s in [5.0, 30.0]"
2265,./audio/2265.wav,./audio/ref_voice/alienkevin.wav,Hard work每日都要keep going，唔好只係搵嗰些easy蜜嘅工作做。,9.664,kept,train,"9.66s in [5.0, 30.0]"
2266,./audio/2266.wav,./audio/ref_voice/alienkevin.wav,Presentation skills好重要，若果你將你啲ideas講得清楚，你自己都會feel好啲。,8.576,kept,train,"8.58s in [5.0, 30.0]"
2267,./audio/2267.wav,./audio/ref_voice/alienkevin.wav,Good communication是提升工作效率嘅關鍵，以免出現任何誤解或冲突。,9.1734,kept,train,"9.17s in [5.0, 30.0]"
2268,./audio/2268.wav,./audio/ref_voice/alienkevin.wav,Ownership感，唔好儼如無事人般，你嘅工作成果與否都關乎到整個team嘅performance。,14.4854,kept,train,"14.49s in [5.0, 30.0]"
2269,./audio/2269.wav,./audio/ref_voice/alienkevin.wav,Problem-solving skills好緊要，唔好逢事就推，學識面對問題先至係真正嘅professionals。,9.152,kept,train,"9.15s in [5.0, 30.0]"
2270,./audio/2270.wav,./audio/ref_voice/alienkevin.wav,Career development唔會stop嘅，持續學習新知識，提升自己嘅competitive edge。,10.752,kept,train,"10.75s in [5.0, 30.0]"
2271,./audio/2271.wav,./audio/ref_voice/alienkevin.wav,Proper planning可以避免unnecessary stress，有plan嘅工作才會有效率。,9.003,kept,train,"9.00s in [5.0, 30.0]"
2272,./audio/2272.wav,./audio/ref_voice/alienkevin.wav,今日好sunny喎，唔好忘记带sunglasses出门嘅！,6.7414,kept,train,"6.74s in [5.0, 30.0]"
2273,./audio/2273.wav,./audio/ref_voice/alienkevin.wav,Rainy day吖，记得carry你的umbrella呀！,5.9947,kept,train,"5.99s in [5.0, 30.0]"
2274,./audio/2274.wav,./audio/ref_voice/alienkevin.wav,天气变得colder咗，记住wear多点衣服保暖喔！,8.064,kept,train,"8.06s in [5.0, 30.0]"
2275,./audio/2275.wav,./audio/ref_voice/alienkevin.wav,感觉windy吖咁，会吹乱你的hairstyle咖！,7.3387,kept,eval,"7.34s in [5.0, 30.0]"
2276,./audio/2276.wav,./audio/ref_voice/alienkevin.wav,感觉有点gloomy喇，唔出门stay at home都唔错！,6.2507,kept,train,"6.25s in [5.0, 30.0]"
2277,./audio/2277.wav,./audio/ref_voice/alienkevin.wav,Suddenly变得so hot，feel like我在desert咖！,8.535,kept,train,"8.53s in [5.0, 30.0]"
2278,./audio/2278.wav,./audio/ref_voice/alienkevin.wav,呢几日天气比较unpredictable喎，带伞出门比较保险喔！,9.9627,kept,train,"9.96s in [5.0, 30.0]"
2279,./audio/2279.wav,./audio/ref_voice/alienkevin.wav,今日空气质量not so good，記得戴mask喔！,6.5494,kept,train,"6.55s in [5.0, 30.0]"
2280,./audio/2280.wav,./audio/ref_voice/alienkevin.wav,Weather forecast话会有thunderstorm，好charge住你的devices防黑断电！,10.7094,kept,train,"10.71s in [5.0, 30.0]"
2281,./audio/2281.wav,./audio/ref_voice/alienkevin.wav,今日well cloudy吖咁，can't even see the sun！,7.1467,kept,train,"7.15s in [5.0, 30.0]"
2282,./audio/2282.wav,./audio/ref_voice/alienkevin.wav,Dressing in layers会更适应今日的changeable weather喔！,8.9174,kept,train,"8.92s in [5.0, 30.0]"
2283,./audio/2283.wav,./audio/ref_voice/alienkevin.wav,去得Dim Sum餐厅order咗一个Steamed Shrimp Dumplings，嫩实嘅虾肉加上弹牙嘅皮，好滋味！,15.4667,kept,train,"15.47s in [5.0, 30.0]"
2284,./audio/2284.wav,./audio/ref_voice/alienkevin.wav,夜深人静嘅时候，一碗热乎乎嘅Tonkotsu Ramen最能解乏，滑滑嘅面配上香浓嘅汤底，satisfying到不行！,18.944,kept,train,"18.94s in [5.0, 30.0]"
2285,./audio/2285.wav,./audio/ref_voice/alienkevin.wav,开胃嘅Greek Salad配上新鲜嘅lemon juice dressing，轻盈又清新，打开appetite嘅好选李！,15.5307,kept,eval,"15.53s in [5.0, 30.0]"
2286,./audio/2286.wav,./audio/ref_voice/alienkevin.wav,等待烤猪腩肉上菜嘅那刻，excited到好似小朋友等christmas present一样，浓郁嘅咸香配上crispy嘅猪皮，幸福感满满！,22.72,kept,train,"22.72s in [5.0, 30.0]"
2287,./audio/2287.wav,./audio/ref_voice/alienkevin.wav,经典嘅Creme Brulee，糖衣甜而不腻，搭配上below嘅thick custard，令人keep coming back for more！,15.2534,kept,eval,"15.25s in [5.0, 30.0]"
2288,./audio/2288.wav,./audio/ref_voice/alienkevin.wav,"最爱嘅一款Italian pizza就系margherita，简简单单嘅tomato, mozzarella, and basil，令人feel so good…",18.9227,kept,eval,"18.92s in [5.0, 30.0]"
2289,./audio/2289.wav,./audio/ref_voice/alienkevin.wav,中式嘅Roast Duck，肉质juicy且皮crispy，一咬落去就full of flavors，dinner time最佳选项！,17.344,kept,train,"17.34s in [5.0, 30.0]"
2290,./audio/2290.wav,./audio/ref_voice/alienkevin.wav,碟烧肉饭配上红红嘅sweet and sticky sauce，配饭就系最味美嘅！,12.8,kept,train,"12.80s in [5.0, 30.0]"
2291,./audio/2291.wav,./audio/ref_voice/alienkevin.wav,剁椒steamed fish，spicy and fresh，啖啖都系满口新鲜嘅海味！,13.4187,kept,train,"13.42s in [5.0, 30.0]"
2292,./audio/2292.wav,./audio/ref_voice/alienkevin.wav,去一次Japan滑下雪，我覺得你會入嚟個ski resort嘅氣氛。,9.92,kept,train,"9.92s in [5.0, 30.0]"
2293,./audio/2293.wav,./audio/ref_voice/alienkevin.wav,你睇過Thailand嘅beaches？去一次Phi Phi Island，我覺得你會鍾意嗰度嘅sunshine和海浪。,11.5627,kept,train,"11.56s in [5.0, 30.0]"
2294,./audio/2294.wav,./audio/ref_voice/alienkevin.wav,"下次放假，應該去New Zealand自駕遊，睇吓一下嗰度嘅natural landscapes, 絕對唔浪費時間。",10.624,kept,train,"10.62s in [5.0, 30.0]"
2295,./audio/2295.wav,./audio/ref_voice/alienkevin.wav,"如果你喜歡hiking，我建議你去一次Norway，體驗一下嗰度嘅mountains and fjords, 真係一生難忘。”",12.032,kept,train,"12.03s in [5.0, 30.0]"
2296,./audio/2296.wav,./audio/ref_voice/alienkevin.wav,"去Australia見下kangaroos and koalas，感受一下嗰度嘅wildlife, 我覺得你會好享受。",10.1974,kept,train,"10.20s in [5.0, 30.0]"
2297,./audio/2297.wav,./audio/ref_voice/alienkevin.wav,如果你足夠adventurous，一定要去Antarctica睇下南極嘅penguins唔同嘅lifestyle。,11.52,kept,train,"11.52s in [5.0, 30.0]"
2298,./audio/2298.wav,./audio/ref_voice/alienkevin.wav,"去Italy試吓authentic嘅pizza and pasta, 你會明白原來Italian cuisine咁有吸引力。”",15.36,kept,eval,"15.36s in [5.0, 30.0]"
2299,./audio/2299.wav,./audio/ref_voice/alienkevin.wav,去Egypt見下一下金字塔，親身體驗一下嗰度嘅ancient history，真係好震撼。”,12.2454,kept,train,"12.25s in [5.0, 30.0]"
2300,./audio/2300.wav,./audio/ref_voice/alienkevin.wav,你去過Brazil睇過嗰度嘅carnivals未嘅？去一次Rio de Janeiro，我覺得你會被嗰度嘅energy吸引。”,16.1494,kept,train,"16.15s in [5.0, 30.0]"
2301,./audio/2301.wav,./audio/ref_voice/alienkevin.wav,"去一次Canada睇吓Niagara Falls, 我覺得你會被嗰嘅waterfall嘅power所感動。”",12.288,kept,train,"12.29s in [5.0, 30.0]"
2302,./audio/2302.wav,./audio/ref_voice/alienkevin.wav,我真系好爱watch Netflix，特别系我一直follow嘅系 'Breaking Bad'，嗰个storyline真系好captivating。,14.295,kept,train,"14.29s in [5.0, 30.0]"
2303,./audio/2303.wav,./audio/ref_voice/alienkevin.wav,我平时free time会带头住嘅'Dachshund'去hiking，同时自己都可以享受下nature嘅beauty。,12.48,kept,train,"12.48s in [5.0, 30.0]"
2304,./audio/2304.wav,./audio/ref_voice/alienkevin.wav,我每年都好期待 'Halloween'，可以装扮成我最喜欢嘅character，好欢跟朋友一齐party嘅feelings。,16.7894,kept,eval,"16.79s in [5.0, 30.0]"
2305,./audio/2305.wav,./audio/ref_voice/alienkevin.wav,我好喜欢去karaoke，唱下我最爱嘅Cantopop或者英文歌，跟朋友share咗我嘅'happy vibes'。,15.1467,kept,train,"15.15s in [5.0, 30.0]"
2306,./audio/2306.wav,./audio/ref_voice/alienkevin.wav,我系假日好喜欢去'art gallery' 浏览下，欣赏下各种嘅artwork真系可以提升我嘅mood。,11.3707,kept,train,"11.37s in [5.0, 30.0]"
2307,./audio/2307.wav,./audio/ref_voice/alienkevin.wav,我好喜欢尝试不同嘅cooking recipes，特别喜欢baking，每次成功做出新嘅dessert都好有成就感。,13.8027,kept,train,"13.80s in [5.0, 30.0]"
2308,./audio/2308.wav,./audio/ref_voice/alienkevin.wav,我每个weekend都会约friend去'escape room'玩，好喜欢嗰种teamwork同critical thinking嘅element。,12.544,kept,train,"12.54s in [5.0, 30.0]"
2309,./audio/2309.wav,./audio/ref_voice/alienkevin.wav,我好喜欢去live concerts，feel到音乐嘅passion同energy，真系非常unforgettable。,8.6614,kept,train,"8.66s in [5.0, 30.0]"
2310,./audio/2310.wav,./audio/ref_voice/alienkevin.wav,"我平常会玩下computer games，最爱 'League of Legends'，可以同世界各地嘅player竞争，真系好exciting。"" ",12.7574,kept,eval,"12.76s in [5.0, 30.0]"
2311,./audio/2311.wav,./audio/ref_voice/alienkevin.wav,我每个星期都会去 'yoga class'，可以relax下我嘅mind，同时都可以maintain身体嘅flexibility。,9.856,kept,train,"9.86s in [5.0, 30.0]"
2312,./audio/2312.wav,./audio/ref_voice/alienkevin.wav,Football可以提高cardiovascular health，同时又可以增强teamwork skills。,9.0454,kept,train,"9.05s in [5.0, 30.0]"
2313,./audio/2313.wav,./audio/ref_voice/alienkevin.wav,Basketball唔單止可以增强個人嘅endurance，亦都可以提升速度同agility。,9.8134,kept,train,"9.81s in [5.0, 30.0]"
2314,./audio/2314.wav,./audio/ref_voice/alienkevin.wav,Swimming好全面，即係可以tone up body，又可以提升cardio capacity。,12.288,kept,train,"12.29s in [5.0, 30.0]"
2315,./audio/2315.wav,./audio/ref_voice/alienkevin.wav,做Gym唔只係为咗build muscle，同时又係为咗improve body strength。,9.0454,kept,train,"9.05s in [5.0, 30.0]"
2316,./audio/2316.wav,./audio/ref_voice/alienkevin.wav,Hiking唔单止可以欣赏大自然美景，同时又可以boost mental well-being。,8.3627,kept,train,"8.36s in [5.0, 30.0]"
2317,./audio/2317.wav,./audio/ref_voice/alienkevin.wav,跑Marathon可以提升個人嘅stamina，亦都让人学会how to push personal limits。,12.6934,kept,train,"12.69s in [5.0, 30.0]"
2318,./audio/2318.wav,./audio/ref_voice/alienkevin.wav,Playing badminton唔仅可以锻炼coordination skills，又可以enhance reflexes。,9.8987,kept,train,"9.90s in [5.0, 30.0]"
2319,./audio/2319.wav,./audio/ref_voice/alienkevin.wav,做瑜伽Yoga，可以帮助個人maintain flexibility，同埋可以boost immune system。,11.5414,kept,train,"11.54s in [5.0, 30.0]"
2320,./audio/2320.wav,./audio/ref_voice/alienkevin.wav,Cycling係一個low-impact exercise，可以提升cardiovascular fitness 同埋increase leg strength…,12.7147,kept,train,"12.71s in [5.0, 30.0]"
2321,./audio/2321.wav,./audio/ref_voice/alienkevin.wav,跳Rope不单止可以促进cardio health，同时又可以improve coordination 同埋agility。,12.3307,kept,train,"12.33s in [5.0, 30.0]"
2322,./audio/2322.wav,./audio/ref_voice/alienkevin.wav,最近香港嘅housing crisis仍然冇有解決，好多年轻人都難以afford住屋，政府需要努力推行更多嘅public housing政策。,17.92,kept,eval,"17.92s in [5.0, 30.0]"
2323,./audio/2323.wav,./audio/ref_voice/alienkevin.wav,香港嘅education system壓力大到爆，學生被迫追求high grades，冇時間去enjoy childhood，真係需要做一個大改革。,14.9547,kept,train,"14.95s in [5.0, 30.0]"
2324,./audio/2324.wav,./audio/ref_voice/alienkevin.wav,香港大部分嘅commercial districts嘅rent太high，小型商戶難以survive，政府應該intervene去保護本地small busin…,20.032,kept,train,"20.03s in [5.0, 30.0]"
2325,./audio/2325.wav,./audio/ref_voice/alienkevin.wav,香港嘅public transportation費用不断上升，嚴重影響到低income group嘅生活，政府需要review 現行嘅pricing polic…,16.96,kept,train,"16.96s in [5.0, 30.0]"
2326,./audio/2326.wav,./audio/ref_voice/alienkevin.wav,香港地方細，車輛日增，政府需要promote更多嘅green transportation，例如cycling同埋walking，去減少traffic cong…,20.16,kept,train,"20.16s in [5.0, 30.0]"
2327,./audio/2327.wav,./audio/ref_voice/alienkevin.wav,香港一直都係個外資進入嘅樞紐，但隨住全球嘅political tension上升，政府需要implement一個長期嘅strategy去維持咁嘅status。,21.8027,kept,train,"21.80s in [5.0, 30.0]"
2328,./audio/2328.wav,./audio/ref_voice/alienkevin.wav,"香港嘅eat out culture令到大家好難maintain a healthy diet, 希望政府可以推動多啲healthy eating嘅宣傳同埋推行…",15.7654,kept,train,"15.77s in [5.0, 30.0]"
2329,./audio/2329.wav,./audio/ref_voice/alienkevin.wav,"香港近年嘅tourist numbers有所下降，需要有新的strategy去吸引喺COVID-19 疫情後嘅tourists。"" ",14.0587,kept,train,"14.06s in [5.0, 30.0]"
2330,./audio/2330.wav,./audio/ref_voice/alienkevin.wav,香港嘅elderly population越來越多，對於healthcare system係一大挑戰，政府需要適當增加嘅medical resources同埋設…,18.5814,kept,train,"18.58s in [5.0, 30.0]"
2331,./audio/2331.wav,./audio/ref_voice/alienkevin.wav,香港嘅finance sector嘅technological advancement好快，但仍有部分嘅老年人catch唔到，我地應該採取措施去support佢…,18.816,kept,train,"18.82s in [5.0, 30.0]"
2332,./audio/2332.wav,./audio/ref_voice/alienkevin.wav,我都好鍾意去太古廣場嘅Zara，佢嘅服裝設計好chic，仲有呢度常常有sale，真係好抵買呢。,11.6694,kept,train,"11.67s in [5.0, 30.0]"
2333,./audio/2333.wav,./audio/ref_voice/alienkevin.wav,一般我都會夾H&M同Uniqlo，兩家都主打basic款式，但又有各自嘅特色，買完就會好满足啲。,15.552,kept,train,"15.55s in [5.0, 30.0]"
2334,./audio/2334.wav,./audio/ref_voice/alienkevin.wav,灣仔裡園嘅小店超米奇，好多vintage同古董嘅小東西，一搵就可以搵整個下午，總會尋寶般搵到啲心頭好。,18.88,kept,train,"18.88s in [5.0, 30.0]"
2335,./audio/2335.wav,./audio/ref_voice/alienkevin.wav,Pacific Place裡頭嘅MUJI每逢我去我都好想walk in，佢地嘅生活用品同衣物好minimalistic，得我心呢。,16.5547,kept,train,"16.55s in [5.0, 30.0]"
2336,./audio/2336.wav,./audio/ref_voice/alienkevin.wav,在尖沙咀嘅Harbour City shopping，真係一個amazing experience。多啲Brands，有luxury品牌都有street bra…,21.7174,kept,train,"21.72s in [5.0, 30.0]"
2337,./audio/2337.wav,./audio/ref_voice/alienkevin.wav,康怡廣場嘅Bookazine一定要推一推，佢地嘅書籍選擇多得驚人，成日都會有新書推出，一定滿足到你嗰種喜歡讀書嘅心慾。,15.68,kept,train,"15.68s in [5.0, 30.0]"
2338,./audio/2338.wav,./audio/ref_voice/alienkevin.wav,去Central嘅IFC百貨一定唔可以唔入去Lane Crawford 睇下，佢地嘅fashion item都好有質素，可以滿足到我對fashion嘅熱愛。,15.7014,kept,train,"15.70s in [5.0, 30.0]"
2339,./audio/2339.wav,./audio/ref_voice/alienkevin.wav,嘉翠邨Market都好抵去，無論係鮮菜生魚仲是日用品，所有你想到嘅都揾得到，完全cover你嘅daily needs。,19.6054,kept,eval,"19.61s in [5.0, 30.0]"
2340,./audio/2340.wav,./audio/ref_voice/alienkevin.wav,紅磡嘅唐樓shopping quite fun，你會發現好多平民價嘅sam鍋bargains，每次嚟都好彷彿埋寶掘寶咁 interesting。,18.327,kept,train,"18.33s in [5.0, 30.0]"
2341,./audio/2341.wav,./audio/ref_voice/alienkevin.wav,Elements mall好正，裡面好多餐廳同shopping options，好適合去購物以後去搵個地方休息吓，食個afternoon tea。”,13.6747,kept,train,"13.67s in [5.0, 30.0]"
2342,./audio/2342.wav,./audio/ref_voice/alienkevin.wav,唔該appreciate每一次嘅挑戰，因为嗰啲都系学习嘅机会。,6.7627,kept,train,"6.76s in [5.0, 30.0]"
2343,./audio/2343.wav,./audio/ref_voice/alienkevin.wav,无论遇到什么困难，都要remember stay positive，始终保持学习嘅心。,8.768,kept,train,"8.77s in [5.0, 30.0]"
2344,./audio/2344.wav,./audio/ref_voice/alienkevin.wav,唔好只系care封面，真正嘅學習系喺每個細節中。,7.383,kept,train,"7.38s in [5.0, 30.0]"
2345,./audio/2345.wav,./audio/ref_voice/alienkevin.wav,A good attitude is the best teacher，前行嘅道路上，每一步都系學習。,9.536,kept,train,"9.54s in [5.0, 30.0]"
2346,./audio/2346.wav,./audio/ref_voice/alienkevin.wav,学习嘅过程可能会tough，但keep going，未來嘅你会感谢今日努力嘅自己。,10.3894,kept,train,"10.39s in [5.0, 30.0]"
2347,./audio/2347.wav,./audio/ref_voice/alienkevin.wav,犯错冇咩大不了，重要嘅系要learn from your mistakes再起步。,7.808,kept,train,"7.81s in [5.0, 30.0]"
2348,./audio/2348.wav,./audio/ref_voice/alienkevin.wav,勇敢去嘗試，因為failure都系成功嘅一部分。,7.6374,kept,train,"7.64s in [5.0, 30.0]"
2349,./audio/2349.wav,./audio/ref_voice/alienkevin.wav,享受学习嘅过程，唔好只系focus on the destination。,7.04,kept,train,"7.04s in [5.0, 30.0]"
2350,./audio/2350.wav,./audio/ref_voice/alienkevin.wav,Done is better than perfect，咁你就可以keep learning，keep improving。,6.4214,kept,eval,"6.42s in [5.0, 30.0]"
2351,./audio/2351.wav,./audio/ref_voice/alienkevin.wav,Keep an open mind，因为你唔知道下一秒會有咩新嘅學習機會等緊你。,8.8534,kept,train,"8.85s in [5.0, 30.0]"
2352,./audio/2352.wav,./audio/ref_voice/alienkevin.wav,"Work hard, play hard. 工作之余都要懂得休息放松，否则会疲于奔命。",9.3227,kept,train,"9.32s in [5.0, 30.0]"
2353,./audio/2353.wav,./audio/ref_voice/alienkevin.wav,"Stay calm, 解决问题唔可以太冲动，否则只会越搞越糟。",8.3414,kept,train,"8.34s in [5.0, 30.0]"
2354,./audio/2354.wav,./audio/ref_voice/alienkevin.wav,"Take responsibility, 负责任好重要，真係出了问题唔可以随便抹黑其他人。",8.1707,kept,eval,"8.17s in [5.0, 30.0]"
2355,./audio/2355.wav,./audio/ref_voice/alienkevin.wav,"Keep learning, 学无止境，係每个行业都适用嘅。",5.6107,kept,eval,"5.61s in [5.0, 30.0]"
2356,./audio/2356.wav,./audio/ref_voice/alienkevin.wav,"Show respect, 无论对同事定是老板，都应以尊重为前提。",6.72,kept,train,"6.72s in [5.0, 30.0]"
2357,./audio/2357.wav,./audio/ref_voice/alienkevin.wav,"Be flexible, 大家都知道求职市场瞬息万变，唔可以拘泥于一点。",8.192,kept,train,"8.19s in [5.0, 30.0]"
2358,./audio/2358.wav,./audio/ref_voice/alienkevin.wav,"Always prepare, 其实要赢得老板对你嘅信任，无他，係做好自己份内事就得。",9.536,kept,train,"9.54s in [5.0, 30.0]"
2359,./audio/2359.wav,./audio/ref_voice/alienkevin.wav,"Never give up, 遇到困难时，最重要嘅係坚持到底。",6.2507,kept,train,"6.25s in [5.0, 30.0]"
2360,./audio/2360.wav,./audio/ref_voice/alienkevin.wav,"Embrace change, 在工作中难免会面对困难，但这些都是促使自己进步嘅良药。",10.839,kept,train,"10.84s in [5.0, 30.0]"
2361,./audio/2361.wav,./audio/ref_voice/alienkevin.wav,"Speak up, 不敢发言係最大嘅失误，唔讲嘅话，无人会听嘅。",8.0427,kept,train,"8.04s in [5.0, 30.0]"
2362,./audio/2362.wav,./audio/ref_voice/alienkevin.wav,好似rainy day嚟，不如我地呆喺屋企，睇部Netflix movie!,8.896,kept,train,"8.90s in [5.0, 30.0]"
2363,./audio/2363.wav,./audio/ref_voice/alienkevin.wav,天气变得so windy，记住hold紧你嘅umbrella唔好俾风吹跑啦!,8.896,kept,train,"8.90s in [5.0, 30.0]"
2364,./audio/2364.wav,./audio/ref_voice/alienkevin.wav,Sunny day嚟嘞，记住wear你嘅sunscreen保护皮肤啊!,7.808,kept,train,"7.81s in [5.0, 30.0]"
2365,./audio/2365.wav,./audio/ref_voice/alienkevin.wav,今日好似会变得cloudy，可能会有雨，快啲bring你嘅raincoat啦!,9.1307,kept,eval,"9.13s in [5.0, 30.0]"
2366,./audio/2366.wav,./audio/ref_voice/alienkevin.wav,天气变成so cold，不如喺家中煲杯hot chocolate暖和下啦!,7.616,kept,train,"7.62s in [5.0, 30.0]"
2367,./audio/2367.wav,./audio/ref_voice/alienkevin.wav,Feel like热浪来袭，要drink多d水，避免dehydration啊！,7.5307,kept,train,"7.53s in [5.0, 30.0]"
2368,./audio/2368.wav,./audio/ref_voice/alienkevin.wav,预报说会有一场thunderstorm，记得漏电switch off你哋嘅电器啊!,9.4507,kept,train,"9.45s in [5.0, 30.0]"
2369,./audio/2369.wav,./audio/ref_voice/alienkevin.wav,天空出现beautiful rainbow，记得带起手机，snap一张美照吧!,7.424,kept,eval,"7.42s in [5.0, 30.0]"
2370,./audio/2370.wav,./audio/ref_voice/alienkevin.wav,雪天嚟咗，记得wear你嘅gloves同scarf保暖啦!,6.6134,kept,train,"6.61s in [5.0, 30.0]"
2371,./audio/2371.wav,./audio/ref_voice/alienkevin.wav,灿烂嘅sunshine，好似睇咗一杯冰啤酒咁享受啊!,7.8294,kept,train,"7.83s in [5.0, 30.0]"
2372,./audio/2372.wav,./audio/ref_voice/alienkevin.wav,呢款blue cheese pizza咁cheesy，嚟加上thin and crispy嘅pizza dough，令人back and forth嘅唔断!,14.8054,kept,train,"14.81s in [5.0, 30.0]"
2373,./audio/2373.wav,./audio/ref_voice/alienkevin.wav,冬天嚟到，hot sizzling嘅Korean BBQ最适合唔过，醉人嘅grill 同香嘅meat，食一次绝对hook住你!,14.4427,kept,train,"14.44s in [5.0, 30.0]"
2374,./audio/2374.wav,./audio/ref_voice/alienkevin.wav,"讲到street food, 唔少得吃上香酥嘅churros同rich嘅chocolate sauce，one bite and you're in heave…",15.339,kept,train,"15.34s in [5.0, 30.0]"
2375,./audio/2375.wav,./audio/ref_voice/alienkevin.wav,最爱招牌嘅salmon sashimi，鱼肉咁fresh，蘸上tangy嘅soy sauce，绝对worth every penny!,17.024,kept,train,"17.02s in [5.0, 30.0]"
2376,./audio/2376.wav,./audio/ref_voice/alienkevin.wav,想快速一顿，就点份pad thai就得，麵粉咁slippery，配上exciting嘅flavours，definitely make you craving …,16.7254,kept,train,"16.73s in [5.0, 30.0]"
2377,./audio/2377.wav,./audio/ref_voice/alienkevin.wav,朝早Breakfast係咗oatmeal with fresh fruits，healthy又filling，繼續忙碌一日嘅work，fuel up your …,12.3307,kept,train,"12.33s in [5.0, 30.0]"
2378,./audio/2378.wav,./audio/ref_voice/alienkevin.wav,呢款Double cheeseburger，配上thick cut fries，咁juicy 又so satisfying，perfect for lunch!,12.736,kept,train,"12.74s in [5.0, 30.0]"
2379,./audio/2379.wav,./audio/ref_voice/alienkevin.wav,精选嘅spongy嘅cotton cheesecake，一口就瘋狂in love！带有rich嘅cheese flavour，又咁feather-light，令…,17.5147,kept,eval,"17.51s in [5.0, 30.0]"
2380,./audio/2380.wav,./audio/ref_voice/alienkevin.wav,"新鮮嘅steamed lobster，夾上buttery嘅sauce，咁simple又咁delicious，一试就fall in love啦！"" ",14.3787,kept,train,"14.38s in [5.0, 30.0]"
2381,./audio/2381.wav,./audio/ref_voice/alienkevin.wav,想夜宵，杯classic嘅bubble tea就最好喇，珠珠咁chewy，配上sweet嘅milk tea， definitely improve你嘅mood！,17.4934,kept,eval,"17.49s in [5.0, 30.0]"
2382,./audio/2382.wav,./audio/ref_voice/alienkevin.wav,瞓醒就可以見到日落和海灘，去Hawaii真係好放鬆心情。,7.5307,kept,train,"7.53s in [5.0, 30.0]"
2383,./audio/2383.wav,./audio/ref_voice/alienkevin.wav,你可以考慮一下去Japan ski，嗰度嘅powder snow真係無得頂。,8.8534,kept,train,"8.85s in [5.0, 30.0]"
2384,./audio/2384.wav,./audio/ref_voice/alienkevin.wav,我剛剛返嚟自Switzerland，嗰度嘅chocolate和cheese真係好難忘。,11.4987,kept,train,"11.50s in [5.0, 30.0]"
2385,./audio/2385.wav,./audio/ref_voice/alienkevin.wav,"如果你鍾意古蹟，你可以去Egypt睇睇嗰邊嘅pyramids and ancient temples, 真係好震撼。",12.6507,kept,eval,"12.65s in [5.0, 30.0]"
2386,./audio/2386.wav,./audio/ref_voice/alienkevin.wav,周末就去一趟Macau，玩下casino，食吓嗰度嘅Portuguese egg tart，真係好滋味。,12.7574,kept,train,"12.76s in [5.0, 30.0]"
2387,./audio/2387.wav,./audio/ref_voice/alienkevin.wav,去完Australia backcountry camping返嚟，真係覺得自己同nature更加接近啲。,8.9814,kept,train,"8.98s in [5.0, 30.0]"
2388,./audio/2388.wav,./audio/ref_voice/alienkevin.wav,下次有機會你可以去下Italy，試吓嗰度嘅gelato和pasta，味道真係好特別。,14.08,kept,train,"14.08s in [5.0, 30.0]"
2389,./audio/2389.wav,./audio/ref_voice/alienkevin.wav,去一趟Spain，感受下嗰度嘅flamenco dance同bullfight，真係一個非常特別嘅traditional experience。,15.5094,kept,train,"15.51s in [5.0, 30.0]"
2390,./audio/2390.wav,./audio/ref_voice/alienkevin.wav,如果你鐘意奇特嘅fauna and flora，你應該會鍾意去Galapagos Islands。,13.143,kept,train,"13.14s in [5.0, 30.0]"
2391,./audio/2391.wav,./audio/ref_voice/alienkevin.wav,瞓喺France一個vineyard嘅bungalow，品吓wine，感受下嗰地嘅生活文化，真係好享受。,12.567,kept,train,"12.57s in [5.0, 30.0]"
2392,./audio/2392.wav,./audio/ref_voice/alienkevin.wav,如果喜歡diving，你一定要去一次Great Barrier Reef，嗰度嘅marinelife簡直驚人。,12.032,kept,train,"12.03s in [5.0, 30.0]"
2393,./audio/2393.wav,./audio/ref_voice/alienkevin.wav,我个人好喜欢追series，最近都喺Netflix度捧睇‘Stranger Things’啊。太神奇嘅plot twists同suspense我好享受。,19.0934,kept,eval,"19.09s in [5.0, 30.0]"
2394,./audio/2394.wav,./audio/ref_voice/alienkevin.wav,我平日都会去gym做exercise，专门做yoga同HIIT classes，做完之后feel so good。,11.072,kept,train,"11.07s in [5.0, 30.0]"
2395,./audio/2395.wav,./audio/ref_voice/alienkevin.wav,我同我D朋友都好鐘意唱K，Weekend时经常去karaoke，够噪嘅atmosphere好好玩。,12.224,kept,eval,"12.22s in [5.0, 30.0]"
2396,./audio/2396.wav,./audio/ref_voice/alienkevin.wav,我都好喜欢读book，最近喺读‘Murder on the Orient Express’，Agatha Christie嘅story都好intriguing。,16.4694,kept,train,"16.47s in [5.0, 30.0]"
2397,./audio/2397.wav,./audio/ref_voice/alienkevin.wav,我平时都喜欢上YouTube睇vlogs，同埋Instagram上follow一啲travel blogger，嘅lifestyle我都好羡慕。,14.144,kept,train,"14.14s in [5.0, 30.0]"
2398,./audio/2398.wav,./audio/ref_voice/alienkevin.wav,我本人鍾意打video games，例如‘The Last of Us’同‘Call of Duty’，都好喜欢嗰种challenge同excitement。,14.3147,kept,train,"14.31s in [5.0, 30.0]"
2399,./audio/2399.wav,./audio/ref_voice/alienkevin.wav,我常常同朋友去movies，上个weekend我地睇咗‘Avengers: Endgame’，Marvel嘅universe我觉得好fascinating。,14.528,kept,train,"14.53s in [5.0, 30.0]"
2400,./audio/2400.wav,./audio/ref_voice/alienkevin.wav,我个人都好喜欢学dance，喺dance studio度上咗好多hip-hop同K-pop dance classes。,11.136,kept,train,"11.14s in [5.0, 30.0]"
2401,./audio/2401.wav,./audio/ref_voice/alienkevin.wav,MMA training 唔只可以improve你嘅strength and stamina，同时仲可以增加你嘅flexibility和balance。,12.3307,kept,train,"12.33s in [5.0, 30.0]"
2402,./audio/2402.wav,./audio/ref_voice/alienkevin.wav,Basketball 既能够提升你嘅teamwork skills，又可以improve你嘅hand-eye coordination。,9.792,kept,train,"9.79s in [5.0, 30.0]"
2403,./audio/2403.wav,./audio/ref_voice/alienkevin.wav,跑Marathon係一個great endurance test，可以challenge你自己嘅mental和physical limits。,13.056,kept,train,"13.06s in [5.0, 30.0]"
2404,./audio/2404.wav,./audio/ref_voice/alienkevin.wav,Squash 埋可以增強你嘅agility，同时又可以improve你嘅strategic thinking skills。,11.2854,kept,train,"11.29s in [5.0, 30.0]"
2405,./audio/2405.wav,./audio/ref_voice/alienkevin.wav,Swimming 既可以锻炼你嘅cardiovascular fitness，同时仲可以tone your entire body。,12.2454,kept,train,"12.25s in [5.0, 30.0]"
2406,./audio/2406.wav,./audio/ref_voice/alienkevin.wav,Yoga 可以帮助你improve flexibility 同埋promote mental wellness，维持身心平衡咁。,9.579,kept,eval,"9.58s in [5.0, 30.0]"
2407,./audio/2407.wav,./audio/ref_voice/alienkevin.wav,Hiking 除咗可以appreciate大自然，亦都可以improve cardiovascular health 同埋strengthen lower bo…,13.8667,kept,train,"13.87s in [5.0, 30.0]"
2408,./audio/2408.wav,./audio/ref_voice/alienkevin.wav,"做Gymnastics 可以提升你嘅agility, strength 同埋coordination，同时仲可以improve discipline及 pati…",19.712,kept,eval,"19.71s in [5.0, 30.0]"
2409,./audio/2409.wav,./audio/ref_voice/alienkevin.wav,Pilates 除左提升body awareness，同时仲可以increase core strength 同埋flexibility。,10.752,kept,train,"10.75s in [5.0, 30.0]"
2410,./audio/2410.wav,./audio/ref_voice/alienkevin.wav,Practicing Tai Chi 既可以promote relaxation，同时又可以improve balance同coordination。,12.6507,kept,train,"12.65s in [5.0, 30.0]"
2411,./audio/2411.wav,./audio/ref_voice/alienkevin.wav,香港嘅housing problem越来越serious，政府需要有策略性嘅approach去解决，例如increase綠化地方式解決。,12.4374,kept,train,"12.44s in [5.0, 30.0]"
2412,./audio/2412.wav,./audio/ref_voice/alienkevin.wav,香港嘅elderly population係持續增加，但係health care facilities似乎未能跟步，嚴重影響到他們嘅quality of lif…,16.0427,kept,train,"16.04s in [5.0, 30.0]"
2413,./audio/2413.wav,./audio/ref_voice/alienkevin.wav,飲食行業嘅working hours太long，對員工嘅physical health有嚴重影響，有需要立即implement適切嘅regulations。,14.6134,kept,train,"14.61s in [5.0, 30.0]"
2414,./audio/2414.wav,./audio/ref_voice/alienkevin.wav,香港嘅air pollution越來越嚴重，影響了public health，政府需要加強monitor和control措施。,12.608,kept,train,"12.61s in [5.0, 30.0]"
2415,./audio/2415.wav,./audio/ref_voice/alienkevin.wav,因為疫情嘅影響，香港嘅unemployment rate上升，政府需要as soon as possible推出more and effective的emplo…,16.0,kept,train,"16.00s in [5.0, 30.0]"
2416,./audio/2416.wav,./audio/ref_voice/alienkevin.wav,移民潮嚴重影響香港嘅population structure，政府需要有針對性嘅policy去應對此問題。,14.144,kept,train,"14.14s in [5.0, 30.0]"
2417,./audio/2417.wav,./audio/ref_voice/alienkevin.wav,香港嘅教育系統under pressure，需要進行大規模嘅reform以應對future challenges。,9.6,kept,train,"9.60s in [5.0, 30.0]"
2418,./audio/2418.wav,./audio/ref_voice/alienkevin.wav,對低收入家庭，支持network不足，政府應該援助，例如提供adequate social welfare。,12.0747,kept,train,"12.07s in [5.0, 30.0]"
2419,./audio/2419.wav,./audio/ref_voice/alienkevin.wav,為了建設smart city，香港應該投資在technology的development and adaptation上。,11.883,kept,train,"11.88s in [5.0, 30.0]"
2420,./audio/2420.wav,./audio/ref_voice/alienkevin.wav,香港嘅plastic waste越來越多，政府需要更strict的enforcement和更big effort去encourage recycling。,16.2774,kept,train,"16.28s in [5.0, 30.0]"
2421,./audio/2421.wav,./audio/ref_voice/alienkevin.wav,Mong Kok嘅Ladies' Market一定要去，感覺好似喺大型露天mall度行逛咁，啲街檔仔貨品種類繁多，款式新穎，而且啲價錢好合理。,19.2214,kept,train,"19.22s in [5.0, 30.0]"
2422,./audio/2422.wav,./audio/ref_voice/alienkevin.wav,Sneaker Street嘅毒霸運動鞋專門店好出名，凡係搵緊新款或者限量版嘅球鞋嘅朋友一定會喺度尋到寶。,15.5947,kept,train,"15.59s in [5.0, 30.0]"
2423,./audio/2423.wav,./audio/ref_voice/alienkevin.wav,Sogo百貨公司嘅電器部有好多最新款嘅電器產品，你可以試下選擇一部smartphone或者買一部新的laptop。,15.0827,kept,train,"15.08s in [5.0, 30.0]"
2424,./audio/2424.wav,./audio/ref_voice/alienkevin.wav,活方Plaza嘅Curves Boutique有各種美妝產品，而且佢哋每季都會有各種promotion，一定比你滿足到嗰種喜歡嘆美容產品嘅你。,20.928,kept,train,"20.93s in [5.0, 30.0]"
2425,./audio/2425.wav,./audio/ref_voice/alienkevin.wav,Stanley Market係攞曬handmade嘅souvenirs，你可以搵到本土藝術家製作嘅各種別緻嘅東西，啱晒想買啲獨一無二嘅禮物人士。”,22.1014,kept,train,"22.10s in [5.0, 30.0]"
2426,./audio/2426.wav,./audio/ref_voice/alienkevin.wav,元朗Central Walk嘅Uniqlo一定值得一去，佢地嘅服裝款式既實用又時尚，而且尺碼齊全，以及啲價格唔會好貴.,16.7894,kept,train,"16.79s in [5.0, 30.0]"
2427,./audio/2427.wav,./audio/ref_voice/alienkevin.wav,旺角電腦中心絕對係tech lovers嘅天堂，你可以搵到所有你需要嘅電腦配件，無論係外置硬盤定係USB-C充電線。,15.0827,kept,train,"15.08s in [5.0, 30.0]"
2428,./audio/2428.wav,./audio/ref_voice/alienkevin.wav,小西灣淘大商場嘅超市超級方便，有所有你一週內食物嘅所需，而且嘅食物新鮮度都相當高。”,15.168,kept,train,"15.17s in [5.0, 30.0]"
2429,./audio/2429.wav,./audio/ref_voice/alienkevin.wav,学习嘅时候，唔好只系在乎成绩，more importantly is to enjoy the process。,9.579,kept,train,"9.58s in [5.0, 30.0]"
2430,./audio/2430.wav,./audio/ref_voice/alienkevin.wav,唔好觉得学习系负担，instead，应该consider it as a journey full of new discoveries。,11.4987,kept,train,"11.50s in [5.0, 30.0]"
2431,./audio/2431.wav,./audio/ref_voice/alienkevin.wav,无论学习环境多么tough，都要keep pushing yourself，相信你会有progress。,10.4747,kept,train,"10.47s in [5.0, 30.0]"
2432,./audio/2432.wav,./audio/ref_voice/alienkevin.wav,学习嘅过程中，唔好怕犯错误，remember，错误能帮你learn and grow。,7.9147,kept,train,"7.91s in [5.0, 30.0]"
2433,./audio/2433.wav,./audio/ref_voice/alienkevin.wav,有时候，你feel frustrated因为学习太困难。但唔好放弃，就快会see the daylight。,13.184,kept,train,"13.18s in [5.0, 30.0]"
2434,./audio/2434.wav,./audio/ref_voice/alienkevin.wav,记住，never stop learning，因为life never stops teaching。,5.6107,kept,train,"5.61s in [5.0, 30.0]"
2435,./audio/2435.wav,./audio/ref_voice/alienkevin.wav,唔论你现在拼reading，雖然辛苦，但呢个过程會make you stronger。,9.92,kept,eval,"9.92s in [5.0, 30.0]"
2436,./audio/2436.wav,./audio/ref_voice/alienkevin.wav,再难嘅题目都唔怕，remember，practice makes perfect。,6.6134,kept,train,"6.61s in [5.0, 30.0]"
2437,./audio/2437.wav,./audio/ref_voice/alienkevin.wav,无论遇到什么挑战，remember，每个挑战都是你学习嘅opportunity。,8.535,kept,train,"8.53s in [5.0, 30.0]"
2438,./audio/2438.wav,./audio/ref_voice/alienkevin.wav,学习并非走一条straight line，可能会有ups and downs，但唔要忘记你嘅目标。,10.7094,kept,train,"10.71s in [5.0, 30.0]"
2439,./audio/2439.wav,./audio/ref_voice/alienkevin.wav,"Always be curious, 學無止境, 世界變化瞬息万变，唔嫌多学一样新东西。",9.4294,kept,train,"9.43s in [5.0, 30.0]"
2440,./audio/2440.wav,./audio/ref_voice/alienkevin.wav,"Be honest, 在工作上做人最重要係诚实，否则自己都会对自己失去信心。",9.4294,kept,train,"9.43s in [5.0, 30.0]"
2441,./audio/2441.wav,./audio/ref_voice/alienkevin.wav,"Take responsibility, 做错嘢就承认，坚守自己嘅责任，否者自己都会失去别人嘅信任。",11.712,kept,train,"11.71s in [5.0, 30.0]"
2442,./audio/2442.wav,./audio/ref_voice/alienkevin.wav,"Step out of your comfort zone, 唔好怕难，每个挑战都可以成为自己嘅成长机会。",9.6,kept,eval,"9.60s in [5.0, 30.0]"
2443,./audio/2443.wav,./audio/ref_voice/alienkevin.wav,"Focus on goal, 工作需要目标導向，否则就可能会互相冲撞，影响工作嘅效率。",10.263,kept,train,"10.26s in [5.0, 30.0]"
2444,./audio/2444.wav,./audio/ref_voice/alienkevin.wav,"Details matter, 留意细节，即使係最小嘅問題，都可能导致大问题嘅发生。",8.535,kept,train,"8.53s in [5.0, 30.0]"
2445,./audio/2445.wav,./audio/ref_voice/alienkevin.wav,"Be patient, 要学会耐心，解决问题唔可能一蹴而就，时间会证明一切。",11.991,kept,train,"11.99s in [5.0, 30.0]"
2446,./audio/2446.wav,./audio/ref_voice/alienkevin.wav,"Embrace teamwork, 开放性思考, 互相協助，一团和气，成果自然不同。",8.6614,kept,train,"8.66s in [5.0, 30.0]"
2447,./audio/2447.wav,./audio/ref_voice/alienkevin.wav,"Reserve time for yourself, 工作重要，但保持生活工作平衡更加重要，唔好忘记关顾自己个心情健康。",12.0107,kept,train,"12.01s in [5.0, 30.0]"
2448,./audio/2448.wav,./audio/ref_voice/alienkevin.wav,"Avoid overwork, 留意身心健康，唔好过度工作，識得调整自己嘅节奏係极其重要嘅。",12.096,kept,train,"12.10s in [5.0, 30.0]"
2449,./audio/2449.wav,./audio/ref_voice/alienkevin.wav,"Continuous learning, 要懂得自我学习，工作唔代表学习嘅结束，反而只是开始。",9.8134,kept,train,"9.81s in [5.0, 30.0]"
2450,./audio/2450.wav,./audio/ref_voice/alienkevin.wav,"Be proactive, 主动为困难找方法解决，等待问题嘅解决係無用嘅。",9.8987,kept,train,"9.90s in [5.0, 30.0]"
2451,./audio/2451.wav,./audio/ref_voice/alienkevin.wav,"唉, 呢度嘅humidity真系好high，我全部身上都系sweat!",9.5147,kept,train,"9.51s in [5.0, 30.0]"
2452,./audio/2452.wav,./audio/ref_voice/alienkevin.wav,加紧买下sunscreen，預備好迎接夏天嘅热烈sunshine!,10.9867,kept,train,"10.99s in [5.0, 30.0]"
2453,./audio/2453.wav,./audio/ref_voice/alienkevin.wav,"cloudy day, 好适合帶本book出街，落低公园度享受一下peaceful嘅time.",11.328,kept,train,"11.33s in [5.0, 30.0]"
2454,./audio/2454.wav,./audio/ref_voice/alienkevin.wav,"呢嗰weekend好像有bad weather, 似乎有typoon嚟襲，講真我地要提早prepare啊!",11.6694,kept,train,"11.67s in [5.0, 30.0]"
2455,./audio/2455.wav,./audio/ref_voice/alienkevin.wav,今日外面嘅wind好strong，我嘅umbrella一出門就break了!,6.6774,kept,train,"6.68s in [5.0, 30.0]"
2456,./audio/2456.wav,./audio/ref_voice/alienkevin.wav,"雖然sun系high,不過因為有风吹，所以其实还算cooling.",7.7654,kept,train,"7.77s in [5.0, 30.0]"
2457,./audio/2457.wav,./audio/ref_voice/alienkevin.wav,明日嘅forecast話系sunny day，唔洗带umbrella!,7.232,kept,train,"7.23s in [5.0, 30.0]"
2458,./audio/2458.wav,./audio/ref_voice/alienkevin.wav,唉，心情就好似今日嘅gloomy weather，全日都系rainin，唔開心喎!,9.472,kept,train,"9.47s in [5.0, 30.0]"
2459,./audio/2459.wav,./audio/ref_voice/alienkevin.wav,唔带太陽眼鏡喺sunny day出街，一定會被dazzle著!,8.0427,kept,train,"8.04s in [5.0, 30.0]"
2460,./audio/2460.wav,./audio/ref_voice/alienkevin.wav,唔好忘记带jacket，因为night time會变得well chilly!,6.9547,kept,eval,"6.95s in [5.0, 30.0]"
2461,./audio/2461.wav,./audio/ref_voice/alienkevin.wav,今日lunch食咗经典嘅fish and chips，用嘅係fresh嘅cod，炸皮crispy嘅chips，太满足了！,12.8427,kept,train,"12.84s in [5.0, 30.0]"
2462,./audio/2462.wav,./audio/ref_voice/alienkevin.wav,晚餐嗮咗authentic日本嘅sushi platter，一咬就感到ocean嘅freshness，完全beyond words！,13.611,kept,train,"13.61s in [5.0, 30.0]"
2463,./audio/2463.wav,./audio/ref_voice/alienkevin.wav,搵咗cute嘅little coffee shop，喝杯rich嘅latte，配乌嗱嗱嘅chocolate cake，够我happy整个afternoon！,17.3014,kept,train,"17.30s in [5.0, 30.0]"
2464,./audio/2464.wav,./audio/ref_voice/alienkevin.wav,下午茶點咗一份fluffy嘅pancakes，spread上一层滑滑嘅butter，再pour上maple syrup，好儿一d有holiday feels！,22.848,kept,train,"22.85s in [5.0, 30.0]"
2465,./audio/2465.wav,./audio/ref_voice/alienkevin.wav,晚上relax下，饮杯warm嘅camomile tea，配上classic嘅egg tart，easy又comforting，呢种simple joys唔多过…,17.472,kept,train,"17.47s in [5.0, 30.0]"
2466,./audio/2466.wav,./audio/ref_voice/alienkevin.wav,逢周末我就嗮一碗wonton noodles，滋霖firm嘅noodles，過海嘅prawn wonton，好正嘅Hong Kong taste！,17.088,kept,train,"17.09s in [5.0, 30.0]"
2467,./audio/2467.wav,./audio/ref_voice/alienkevin.wav,最近緊追咗好多新开嘅gourmet burger店，burgers盖實top quality beef patties，配炒金菇和gooey cheese，一顿…,23.2747,kept,train,"23.27s in [5.0, 30.0]"
2468,./audio/2468.wav,./audio/ref_voice/alienkevin.wav,早餐嘅favourite就讲炼牛奶配芝士蛋滑，再配上一杯classic嘅HK milk tea，perfect start to the day!,15.552,kept,train,"15.55s in [5.0, 30.0]"
2469,./audio/2469.wav,./audio/ref_voice/alienkevin.wav,试咗新开嘅dim sum place，叉烧包juicy嘅叉烧，皮又soft，够我over the moon！,11.2,kept,train,"11.20s in [5.0, 30.0]"
2470,./audio/2470.wav,./audio/ref_voice/alienkevin.wav,周末泡咗pasta biolognese，sauce rich且flavourful，肉香又满足，令人heartwarming嘅comfort food！,16.6187,kept,train,"16.62s in [5.0, 30.0]"
2471,./audio/2471.wav,./audio/ref_voice/alienkevin.wav,其實去New Zealand唔只睇得到壮丽嘅mountains，仲可以试吓bungee jump同skydive嘅刺激.,15.744,kept,train,"15.74s in [5.0, 30.0]"
2472,./audio/2472.wav,./audio/ref_voice/alienkevin.wav,去一趟Japan，除咗欣賞嗰度嘅cherry blossoms，仲要试试嘅sushi同sashimi，真係非常精彩嘅culinary adventure。,21.4827,kept,train,"21.48s in [5.0, 30.0]"
2473,./audio/2473.wav,./audio/ref_voice/alienkevin.wav,如果你想要享受吓luxury resort嘅服务，最好嘅選擇就係去一趟Maldives咯。,12.5867,kept,train,"12.59s in [5.0, 30.0]"
2474,./audio/2474.wav,./audio/ref_voice/alienkevin.wav,有冇考虑过去India去睇吓嗰度嘅historic temples同他地嘅traditional festivals？我保证你会有个特別嘅cultural ex…,15.9574,kept,train,"15.96s in [5.0, 30.0]"
2475,./audio/2475.wav,./audio/ref_voice/alienkevin.wav,去Thailand象岛感受下和elephants同住嘅experience，真係一种獨特嘅travel experience。,11.5414,kept,train,"11.54s in [5.0, 30.0]"
2476,./audio/2476.wav,./audio/ref_voice/alienkevin.wav,如果你鐘意outdoor activities，我好推荐你去Canada做做hiking或者是canoeing，你一定会喜欢嘅。,13.0987,kept,train,"13.10s in [5.0, 30.0]"
2477,./audio/2477.wav,./audio/ref_voice/alienkevin.wav,去一趟Switzerland吃吓地道嘅cheese fondue同唔同我地印象中嘅巧克力，仲有欣赏吓嗰度美麗嘅Alpine scenery，绝对係一个值得嘅tr…,22.08,kept,train,"22.08s in [5.0, 30.0]"
2478,./audio/2478.wav,./audio/ref_voice/alienkevin.wav,如果你鐘意探索underwater world，去一趟Australia Great Barrier Reef snorkelling，你一定会畀嗰度嘅cora…,18.88,kept,train,"18.88s in [5.0, 30.0]"
2479,./audio/2479.wav,./audio/ref_voice/alienkevin.wav,去Italy欣賞嗰度嘅historic monuments，食吓地道嘅pizza pasta，一定会令到你有个unforgettable experience嘅…,16.0854,kept,train,"16.09s in [5.0, 30.0]"
2480,./audio/2480.wav,./audio/ref_voice/alienkevin.wav,去England街头感受下嗰度嘅pub culture，然后再去趟museum围睇吓嗰度嘅royal history，相信你会有个非常深入嘅cultural i…,24.555,kept,train,"24.55s in [5.0, 30.0]"
2481,./audio/2481.wav,./audio/ref_voice/alienkevin.wav,"我鍾意周日喺屋企binge-watching Netflix, 最近我喺睇'Breaking Bad', 嗰個plot twist真係好unpredictabl…",19.712,kept,train,"19.71s in [5.0, 30.0]"
2482,./audio/2482.wav,./audio/ref_voice/alienkevin.wav,我最喜歡去Lan Kwai Fong party，有好多club同bar可以跳舞同喝酒，好chill嘅atmosphere。,16.512,kept,train,"16.51s in [5.0, 30.0]"
2483,./audio/2483.wav,./audio/ref_voice/alienkevin.wav,噚日我喺遊戲機搞咗一個新嘅high score，我嘅friends都讚我game skill好強。,9.9414,kept,train,"9.94s in [5.0, 30.0]"
2484,./audio/2484.wav,./audio/ref_voice/alienkevin.wav,我去年去咗Disneyland，玩咗好多rides同埋睇show，幾happy嘅day trip。,11.2854,kept,train,"11.29s in [5.0, 30.0]"
2485,./audio/2485.wav,./audio/ref_voice/alienkevin.wav,"我成日都會update Spotify嘅playlist, 最近我個favourite嘅singer係Billie Eilish, 佢嘅music style我…",16.6187,kept,eval,"16.62s in [5.0, 30.0]"
2486,./audio/2486.wav,./audio/ref_voice/alienkevin.wav,"我昨晚binge-watch咗全季'Friends',睇完後我感覺好nostalgic.",10.9227,kept,train,"10.92s in [5.0, 30.0]"
2487,./audio/2487.wav,./audio/ref_voice/alienkevin.wav,我下個月計劃去Ocean Park，我尤其期待鯊魚水族館，應該會好exciting。,10.4534,kept,train,"10.45s in [5.0, 30.0]"
2488,./audio/2488.wav,./audio/ref_voice/alienkevin.wav,"我對Casino games有興趣，特別係Poker和Blackjack，但係我都知道要play responsibly。"" ",14.08,kept,eval,"14.08s in [5.0, 30.0]"
2489,./audio/2489.wav,./audio/ref_voice/alienkevin.wav,我好期待喺summer可以去beach party，與朋友一齊玩volleyball同BBQ，去年嘅party我仲記得好清楚。,13.184,kept,train,"13.18s in [5.0, 30.0]"
2490,./audio/2490.wav,./audio/ref_voice/alienkevin.wav,"我下星期六去睇咗一齣Broadway show，我對theatre有好大嘅passion, 感覺好exciting。",13.5254,kept,train,"13.53s in [5.0, 30.0]"
2491,./audio/2491.wav,./audio/ref_voice/alienkevin.wav,"Kickboxing, 除咗可以提升你個筋肉强度，亦都可以improve你嘅coordination同埋flexibility。",13.719,kept,train,"13.72s in [5.0, 30.0]"
2492,./audio/2492.wav,./audio/ref_voice/alienkevin.wav,當你去Swimming，你會exercise到你身體上下嘅肌肉，同時又可以improve lung capacity。,11.8614,kept,train,"11.86s in [5.0, 30.0]"
2493,./audio/2493.wav,./audio/ref_voice/alienkevin.wav,上瑜伽堂可以幫助你relax，同埋improve你嘅core strength 同balance。,7.7014,kept,train,"7.70s in [5.0, 30.0]"
2494,./audio/2494.wav,./audio/ref_voice/alienkevin.wav,Running係一種好嘅cardio exercise，可以增强heart health 同埋burn calories。,10.5174,kept,eval,"10.52s in [5.0, 30.0]"
2495,./audio/2495.wav,./audio/ref_voice/alienkevin.wav,Playing football會improve你嘅teamwork skills，同時又可以increase你嘅stamina 同速度。,11.136,kept,train,"11.14s in [5.0, 30.0]"
2496,./audio/2496.wav,./audio/ref_voice/alienkevin.wav,Dancing 唔单止可以express你的creativity，亦都可以improve你嘅flexibility 同balance。,9.92,kept,train,"9.92s in [5.0, 30.0]"
2497,./audio/2497.wav,./audio/ref_voice/alienkevin.wav,去健身室除咗可以强化你嘅muscles，仲可以improve你嘅metabolic rate.,10.752,kept,train,"10.75s in [5.0, 30.0]"
2498,./audio/2498.wav,./audio/ref_voice/alienkevin.wav,做Pilates 可以boost你嘅core strength 同埋improve posture同flexibility。,11.0507,kept,train,"11.05s in [5.0, 30.0]"
2499,./audio/2499.wav,./audio/ref_voice/alienkevin.wav,Playing table tennis 可以improve你嘅hand-eye coordination，係咁玩又keep你active喇。,15.4027,kept,train,"15.40s in [5.0, 30.0]"
2500,./audio/2500.wav,./audio/ref_voice/alienkevin.wav,Basketball 唔单止可以improve你嘅hand-eye coordination，亦都能夠strengthen你嘅endurance 同physic…,15.744,kept,train,"15.74s in [5.0, 30.0]"
2501,./audio/2501.wav,./audio/ref_voice/alienkevin.wav,由於經常發生的protests，香港的social stability受到嚴重威脅。,8.576,kept,eval,"8.58s in [5.0, 30.0]"
2502,./audio/2502.wav,./audio/ref_voice/alienkevin.wav,新型冠狀病毒(Covid-19)對於香港嘅economy制造了巨大嘅impact，特別是在tourism和retail industry上。,16.576,kept,train,"16.58s in [5.0, 30.0]"
2503,./audio/2503.wav,./audio/ref_voice/alienkevin.wav,香港嘅youth unemployment rate持續上升，政府需要提供更多opportunities俾年青人發展career。,14.5067,kept,train,"14.51s in [5.0, 30.0]"
2504,./audio/2504.wav,./audio/ref_voice/alienkevin.wav,香港嘅housing problem對低收入家庭嘅生活quality影響深重，呼籲政府應對此issue提出具體嘅solution。,15.1467,kept,train,"15.15s in [5.0, 30.0]"
2505,./audio/2505.wav,./audio/ref_voice/alienkevin.wav,global warming同降温嘅climate change已經開始對香港嘅weather pattern構成影響，我哋應該關注並採取action。,15.1894,kept,train,"15.19s in [5.0, 30.0]"
2506,./audio/2506.wav,./audio/ref_voice/alienkevin.wav,香港政府需要加大力度推動sustainable development，包括renewable energy、waste management等方面。,13.3974,kept,eval,"13.40s in [5.0, 30.0]"
2507,./audio/2507.wav,./audio/ref_voice/alienkevin.wav,為了解決traffic congestion嘅問題，香港需要發展更有效嘅public transportation system。,10.2827,kept,train,"10.28s in [5.0, 30.0]"
2508,./audio/2508.wav,./audio/ref_voice/alienkevin.wav,香港嘅education system面臨新嘅挑戰，包括online learning、STEM教育等方面需要加以改革。,10.8587,kept,train,"10.86s in [5.0, 30.0]"
2509,./audio/2509.wav,./audio/ref_voice/alienkevin.wav,"世界嘅economic landscape持續變化，香港需要adapt同stay competitive。"" ",11.2427,kept,train,"11.24s in [5.0, 30.0]"
2510,./audio/2510.wav,./audio/ref_voice/alienkevin.wav,香港嘅fin-tech industry有大量嘅growth potential，應該進一步促進這個sector嘅development。,14.4854,kept,train,"14.49s in [5.0, 30.0]"
2511,./audio/2511.wav,./audio/ref_voice/alienkevin.wav,Yau Ma Tei嘅Temple Street Night Market真係買souvenirs嘅好地方，你可以揾到好多unique嘅小物件。,15.6374,kept,eval,"15.64s in [5.0, 30.0]"
2512,./audio/2512.wav,./audio/ref_voice/alienkevin.wav,如果你鍾意獨特同手工kawaii嘅手作物品，可以去攪掂Tung Choi Street嘅Goldfish Market睇吓。,17.1947,kept,train,"17.19s in [5.0, 30.0]"
2513,./audio/2513.wav,./audio/ref_voice/alienkevin.wav,Elements Mall度嘅品牌店鋪好多，有high-end嘅luxury brands，亦都有budget-friendly嘅fast fashion款式。,14.912,kept,train,"14.91s in [5.0, 30.0]"
2514,./audio/2514.wav,./audio/ref_voice/alienkevin.wav,Times Square所有mall都值得去，喺度可以買到最新嘅beauty產品同時又可以享用美食。,11.1574,kept,train,"11.16s in [5.0, 30.0]"
2515,./audio/2515.wav,./audio/ref_voice/alienkevin.wav,如果你想買一對新嘅sports shoes，可以去Jordan嘅Sneaker Street攬吓。,8.427,kept,eval,"8.43s in [5.0, 30.0]"
2516,./audio/2516.wav,./audio/ref_voice/alienkevin.wav,Langham Place商場嘅fashion boutiques一定會令你非常滿意，因為佢哋嘅選擇非常廣泛並且款式很modern。,15.104,kept,train,"15.10s in [5.0, 30.0]"
2517,./audio/2517.wav,./audio/ref_voice/alienkevin.wav,New Town Plaza嘅bookstore係一般書店嘅兩三倍大，係香港人嘅文化天堂。,10.2827,kept,train,"10.28s in [5.0, 30.0]"
2518,./audio/2518.wav,./audio/ref_voice/alienkevin.wav,Harbour City係real deal，喺度你可以買到各種high-end brands，真係shopping heaven咁。,13.632,kept,eval,"13.63s in [5.0, 30.0]"
2519,./audio/2519.wav,./audio/ref_voice/alienkevin.wav,ICC嘅Sky100就係一個大型shopping complex，喺度你可以買書、衫、鞋同埋各種electronic gadgets。,16.1707,kept,train,"16.17s in [5.0, 30.0]"
2520,./audio/2520.wav,./audio/ref_voice/alienkevin.wav,Mira Mall度有一間專門賣vintage clothes嘅店，可以試下去揾吓bargains。,11.2427,kept,eval,"11.24s in [5.0, 30.0]"
2521,./audio/2521.wav,./audio/ref_voice/alienkevin.wav,每日不妨记得tell yourself这句：我有potential嚟改变我嘅未来。,9.687,kept,eval,"9.69s in [5.0, 30.0]"
2522,./audio/2522.wav,./audio/ref_voice/alienkevin.wav,學嘅唔好，即使你feel frustrated，都唔好放棄，keep going，因为有好多东西等待你去explore。,11.6907,kept,train,"11.69s in [5.0, 30.0]"
2523,./audio/2523.wav,./audio/ref_voice/alienkevin.wav,Trust yourself，你真係可以做到，只要你willing to put in the effort喺学习上。,10.1334,kept,eval,"10.13s in [5.0, 30.0]"
2524,./audio/2524.wav,./audio/ref_voice/alienkevin.wav,唔好生气，唔好feel bad，失败只不过係成功之母，learn from it而咪再迈向成功。,12.9707,kept,eval,"12.97s in [5.0, 30.0]"
2525,./audio/2525.wav,./audio/ref_voice/alienkevin.wav,學習，就好似跑马拉松，唔在快，只在持久，so，keep up the good work，你一定可以做到嘅。,11.3494,kept,train,"11.35s in [5.0, 30.0]"
2526,./audio/2526.wav,./audio/ref_voice/alienkevin.wav,記住，唔要因為太怕失敗，而阻止咗自己去嘗試新嘢，dare to try，咁先可以learn more。,11.904,kept,train,"11.90s in [5.0, 30.0]"
2527,./audio/2527.wav,./audio/ref_voice/alienkevin.wav,學習嘅路上，你可能會encounter obstacles。不过，咁样先可以令你更加strong，更加了解自己。,11.904,kept,train,"11.90s in [5.0, 30.0]"
2528,./audio/2528.wav,./audio/ref_voice/alienkevin.wav,記住，唔好全神贯注在結果上，而係要享受學習嘅journey同埋學到嘅每一樣嘢。,10.2827,kept,train,"10.28s in [5.0, 30.0]"
2529,./audio/2529.wav,./audio/ref_voice/alienkevin.wav,唔好因為怕嘲笑，阻止咗你去學新嘢，你唔需要去理會其他人talk what，你只需要focus on your own progress。,14.0374,kept,train,"14.04s in [5.0, 30.0]"
2530,./audio/2530.wav,./audio/ref_voice/alienkevin.wav,你有能力穿越所有障礙，只要你believe in yourself，學習就會成為你嘅盔甲同埋武器。,11.3707,kept,train,"11.37s in [5.0, 30.0]"
2531,./audio/2531.wav,./audio/ref_voice/alienkevin.wav,令自己immerse喺學習嘅環境中，你就可以從中得到inspiration和motivation。,11.0934,kept,train,"11.09s in [5.0, 30.0]"
2532,./audio/2532.wav,./audio/ref_voice/alienkevin.wav,學習唔只係得高分，你嘅growth和self-improvement咁重要。,9.0454,kept,train,"9.05s in [5.0, 30.0]"
2533,./audio/2533.wav,./audio/ref_voice/alienkevin.wav,"Stay organized, 把工作安排得井井有条，无论什么时候都要保持清醒嘅头脑。",10.4107,kept,train,"10.41s in [5.0, 30.0]"
2534,./audio/2534.wav,./audio/ref_voice/alienkevin.wav,"Be respectful, 理解并尊重每一个同事嘅想法，我们都系团队嘅一份子。",9.4294,kept,eval,"9.43s in [5.0, 30.0]"
2535,./audio/2535.wav,./audio/ref_voice/alienkevin.wav,"Prioritize, 优先处理重要嘅工作，减少不必要嘅压力和焦虑。",8.384,kept,train,"8.38s in [5.0, 30.0]"
2536,./audio/2536.wav,./audio/ref_voice/alienkevin.wav,"Keep improving, 努力向前，咩都唔应该让你停下来学习嘅脚步。",8.8107,kept,eval,"8.81s in [5.0, 30.0]"
2537,./audio/2537.wav,./audio/ref_voice/alienkevin.wav,"Embrace change, 迎接变化，因为这正系公司发展嘅必然路程。",10.688,kept,train,"10.69s in [5.0, 30.0]"
2538,./audio/2538.wav,./audio/ref_voice/alienkevin.wav,"Maintain balance, 工作同生活要保持平衡，你嘅身体同心理健康同样重要。",10.4107,kept,train,"10.41s in [5.0, 30.0]"
2539,./audio/2539.wav,./audio/ref_voice/alienkevin.wav,"Be professional, 做工要专业，你嘅工作态度代表你嘅专业性。",9.024,kept,train,"9.02s in [5.0, 30.0]"
2540,./audio/2540.wav,./audio/ref_voice/alienkevin.wav,"Solve problems, 问题总会出现，务必学习如何解决，而唔系逃避。",8.576,kept,train,"8.58s in [5.0, 30.0]"
2541,./audio/2541.wav,./audio/ref_voice/alienkevin.wav,"Work hard, 努力做工，把每天嘅时间都用嚟提高自己嘅能力。",8.0427,kept,train,"8.04s in [5.0, 30.0]"
2542,./audio/2542.wav,./audio/ref_voice/alienkevin.wav,"Aim high, 立志要登噶嘅山峰，别只看到前面嘅石头。",8.3414,kept,eval,"8.34s in [5.0, 30.0]"
2543,./audio/2543.wav,./audio/ref_voice/alienkevin.wav,"Be patient, 做事要有耐心，成功嘅果实往往要经过长时间嘅等待。",8.9174,kept,train,"8.92s in [5.0, 30.0]"
2544,./audio/2544.wav,./audio/ref_voice/alienkevin.wav,成日都喺indoor嘅我，出返度check下今天嘅weather，係唔係戴帽都要考慮!,10.0694,kept,train,"10.07s in [5.0, 30.0]"
2545,./audio/2545.wav,./audio/ref_voice/alienkevin.wav,"冇乜嘢比沖涼後，打開window見到個sunny day嘅天空更開心!"" ",7.3387,kept,train,"7.34s in [5.0, 30.0]"
2546,./audio/2546.wav,./audio/ref_voice/alienkevin.wav,"夜晚喺terrace chill，實在冇咩比starry night更令人舒服!"" ",10.0907,kept,train,"10.09s in [5.0, 30.0]"
2547,./audio/2547.wav,./audio/ref_voice/alienkevin.wav,雨季快到，記得買d雨嘅gear，穿起雨靴，帶d雨衣喺rainy day出街!,11.968,kept,train,"11.97s in [5.0, 30.0]"
2548,./audio/2548.wav,./audio/ref_voice/alienkevin.wav,天氣好chill 喎，可以喺beach嘅sand上赤膊晒太陽!,7.5734,kept,train,"7.57s in [5.0, 30.0]"
2549,./audio/2549.wav,./audio/ref_voice/alienkevin.wav,"D冬天喺corner，大家都需要arm up with sweaters嘅時候已經到喇!"" ",11.3707,kept,train,"11.37s in [5.0, 30.0]"
2550,./audio/2550.wav,./audio/ref_voice/alienkevin.wav,"風起嘅時候, 要帶盞strong one果種umbrella, 大把風都唔怕!"" ",9.5147,kept,train,"9.51s in [5.0, 30.0]"
2551,./audio/2551.wav,./audio/ref_voice/alienkevin.wav,"氣候轉換嘅日子, 唔好忘記帶d light jacket 防備!",5.2054,kept,train,"5.21s in [5.0, 30.0]"
2552,./audio/2552.wav,./audio/ref_voice/alienkevin.wav,"據weather forecast，會有big storm，唔好輕易出街喺壞天氣!"" ",8.192,kept,train,"8.19s in [5.0, 30.0]"
2553,./audio/2553.wav,./audio/ref_voice/alienkevin.wav,唔係sunny day都可以享受下生活嘅美好，即使喺rainy day都仲有靈感!,9.3867,kept,train,"9.39s in [5.0, 30.0]"
2554,./audio/2554.wav,./audio/ref_voice/alienkevin.wav,今晚打算食日本cuisine，想番一份salmon sashimi，加上一份unagi don，好期待！,11.904,kept,train,"11.90s in [5.0, 30.0]"
2555,./audio/2555.wav,./audio/ref_voice/alienkevin.wav,"这个weekend去咗一家Italian restaurant, order咗一份classic嘅spaghetti carbonara，真系好满足！",13.2054,kept,train,"13.21s in [5.0, 30.0]"
2556,./audio/2556.wav,./audio/ref_voice/alienkevin.wav,晚饭想来点light，准备自己cook个salad，有生菜儿、cucumber、tomato，再加几片smoked salmon，健康又美味！,16.6614,kept,train,"16.66s in [5.0, 30.0]"
2557,./audio/2557.wav,./audio/ref_voice/alienkevin.wav,今日去咗粤菜餐厅，点咗一只roast duck，肉质soft，皮焦香，一流！,10.5814,kept,train,"10.58s in [5.0, 30.0]"
2558,./audio/2558.wav,./audio/ref_voice/alienkevin.wav,这个早晨alfresco食brunch，有croissant配coffee，坐在outdoor享受个阳光，简直完美！,14.871,kept,train,"14.87s in [5.0, 30.0]"
2559,./audio/2559.wav,./audio/ref_voice/alienkevin.wav,下午想去Central兜个步，饮杯Milk tea，再配份egg tart，周末休闲咁过！,10.624,kept,train,"10.62s in [5.0, 30.0]"
2560,./audio/2560.wav,./audio/ref_voice/alienkevin.wav,周五晚上约咗朋友去Tsim Sha Tsui食street food，热炒、烧烤、pancake，算下来都唔鬼贵，实在太抵食啦！,16.384,kept,eval,"16.38s in [5.0, 30.0]"
2561,./audio/2561.wav,./audio/ref_voice/alienkevin.wav,香港早餐我最爱食polo bun配热奶茶，偶尔再加一个肠粉或者豆腐花，味道正宗，一日之计在于晨啊！,16.7467,kept,train,"16.75s in [5.0, 30.0]"
2562,./audio/2562.wav,./audio/ref_voice/alienkevin.wav,下午茶点杯English style的tea，再配上几块scones和clotted cream，再加少少strawberry jam，一品完全唔输Englan…,17.5574,kept,train,"17.56s in [5.0, 30.0]"
2563,./audio/2563.wav,./audio/ref_voice/alienkevin.wav,如果你想享受吓beach time，去Thailand定係你嘅首选，那琳琅满目嘅street food仲會令你记住味道嘅。,15.6374,kept,train,"15.64s in [5.0, 30.0]"
2564,./audio/2564.wav,./audio/ref_voice/alienkevin.wav,Gambling你嘅cup of tea咩？去Las Vegas試吓手气，或者只为去感受吓嗰度嘅night life都好，你一定唔会失望架。,14.3787,kept,train,"14.38s in [5.0, 30.0]"
2565,./audio/2565.wav,./audio/ref_voice/alienkevin.wav,你又试过未喺一個沙漠中夜宿架？建议你去一趟Morocco，利用吓Camel trekking嘅机会，一定會俾你留低一生难忘嘅experience嘅。,21.12,kept,train,"21.12s in [5.0, 30.0]"
2566,./audio/2566.wav,./audio/ref_voice/alienkevin.wav,喺Japan睇吓桜花，仲有品尝吓嗰度嘅sushi同sake，相信你会肯定Singapore嘅傳統同modern交織嘅美最吸引人。,18.3894,kept,train,"18.39s in [5.0, 30.0]"
2567,./audio/2567.wav,./audio/ref_voice/alienkevin.wav,你有無考虑过去Iceland 睇吓Northern Lights架? 就算都係冬天，但係嗰度嘅Hot spring係一定要试吓嘅，好relax嘅feel喎。,16.2134,kept,train,"16.21s in [5.0, 30.0]"
2568,./audio/2568.wav,./audio/ref_voice/alienkevin.wav,你有冇試過感受吓Latin America嘅Passion同人情味呢？去吓Argentina或者是Brazil係好nice嘅option，你可以吓tango d…,29.2907,kept,train,"29.29s in [5.0, 30.0]"
2569,./audio/2569.wav,./audio/ref_voice/alienkevin.wav,"去吓France行吓wine tour，品尝吓地道嘅wine同cheese，體驗吓浪漫嘅法式lifestyle，相信你会喜歡嘅。"" ",15.0187,kept,train,"15.02s in [5.0, 30.0]"
2570,./audio/2570.wav,./audio/ref_voice/alienkevin.wav,"去一趟Australia買吓土產，體驗吓嗰度嘅wildlife，睇吓嗰度嘅Uluru sunset，都係非常elegant同唔可錯過嘅選擇啊。"" ",18.24,kept,train,"18.24s in [5.0, 30.0]"
2571,./audio/2571.wav,./audio/ref_voice/alienkevin.wav,"如果你鐘意戶外露營，去一趟New Zealand trekking或者野生動物觀賞，絕對會俾你一個耳目一新嘅experience架。"" ",15.744,kept,train,"15.74s in [5.0, 30.0]"
2572,./audio/2572.wav,./audio/ref_voice/alienkevin.wav,去一趟Italy睇吓古羅馬遺跡，賞吓museum裡面嘅Artwork，相信你對這個國家嘅文化同歷史會多認識好多。,13.611,kept,train,"13.61s in [5.0, 30.0]"
2573,./audio/2573.wav,./audio/ref_voice/alienkevin.wav,我最喺鍾意去concert，聽住我最鍾意嘅band live performance，好enjoy嘅experience！,11.904,kept,train,"11.90s in [5.0, 30.0]"
2574,./audio/2574.wav,./audio/ref_voice/alienkevin.wav,我成日都喺玩video games，最近我喺咗Fallout 4，好challenging同埋有好多missions可以完成。,13.6534,kept,train,"13.65s in [5.0, 30.0]"
2575,./audio/2575.wav,./audio/ref_voice/alienkevin.wav,我啱啱喺睇完\'Game of Thrones\'，嗰個ending真係好unexpected！,12.0534,kept,train,"12.05s in [5.0, 30.0]"
2576,./audio/2576.wav,./audio/ref_voice/alienkevin.wav,"我鍾意周六晚喺屋企睇Netflix，最近我喺追‘Stranger Things’, 呢個drama好mysterious又exciting.",13.376,kept,train,"13.38s in [5.0, 30.0]"
2577,./audio/2577.wav,./audio/ref_voice/alienkevin.wav,我最鍾意睇Marvel嘅movies，冇一齣唔喺exciting嘅，而家最期待嘅一定喺’Avengers: Endgame‘。,14.295,kept,train,"14.29s in [5.0, 30.0]"
2578,./audio/2578.wav,./audio/ref_voice/alienkevin.wav,我最近好into Korean drama，好enjoy睇佢哋嘅love story，又touching又romantic。,13.184,kept,train,"13.18s in [5.0, 30.0]"
2579,./audio/2579.wav,./audio/ref_voice/alienkevin.wav,我同朋友成日都會play board games，下次我哋打算去escape room，話說好thrilling架！,10.688,kept,train,"10.69s in [5.0, 30.0]"
2580,./audio/2580.wav,./audio/ref_voice/alienkevin.wav,我鍾意下班後去gym做yoga，佢有助我relax同埋improve我嘅flexibility。,11.7547,kept,eval,"11.75s in [5.0, 30.0]"
2581,./audio/2581.wav,./audio/ref_voice/alienkevin.wav,我假期會去旅行，最近好想去Japan，because我鍾意佢哋嘅anime同埋culture。,10.816,kept,train,"10.82s in [5.0, 30.0]"
2582,./audio/2582.wav,./audio/ref_voice/alienkevin.wav,我鍾意星期六同朋友一齊去karaoke，唱唱喺favorite嘅songs，好relaxing。,8.9174,kept,train,"8.92s in [5.0, 30.0]"
2583,./audio/2583.wav,./audio/ref_voice/alienkevin.wav,打乒乓球係一個excellent嘅cardio workout，同時仲可以improve你嘅hand-eye coordination.,13.8667,kept,train,"13.87s in [5.0, 30.0]"
2584,./audio/2584.wav,./audio/ref_voice/alienkevin.wav,游水可以increase全身嘅muscle tone 同埋improve你嘅cardiovascular fitness.,10.24,kept,train,"10.24s in [5.0, 30.0]"
2585,./audio/2585.wav,./audio/ref_voice/alienkevin.wav,跑步除咗能够burn caloric，仲可以strengthen你嘅lower body 同提升endurance.,11.2427,kept,train,"11.24s in [5.0, 30.0]"
2586,./audio/2586.wav,./audio/ref_voice/alienkevin.wav,踢足球有助提升你teamwork skills，而且可以boost你嘅cardiovascular health.,12.032,kept,train,"12.03s in [5.0, 30.0]"
2587,./audio/2587.wav,./audio/ref_voice/alienkevin.wav,"打网球可以improve你嘅agility, 速度同埋coordination，同時仲能夠build up你嘅lower and upper body stre…",14.9334,kept,train,"14.93s in [5.0, 30.0]"
2588,./audio/2588.wav,./audio/ref_voice/alienkevin.wav,做瑜伽唔单止能relax，更可以stretch你嘅muscles，仲有助improve你嘅flexibility同balance.,11.5627,kept,train,"11.56s in [5.0, 30.0]"
2589,./audio/2589.wav,./audio/ref_voice/alienkevin.wav,玩羽毛球可以improve你嘅reflexes同埋hand-eye coordination，仲可以提升你嘅endurance.,14.656,kept,train,"14.66s in [5.0, 30.0]"
2590,./audio/2590.wav,./audio/ref_voice/alienkevin.wav,去健身室訓練weights，可以build咗你嘅muscle mass，同埋increase你嘅metabolic rate.,13.4827,kept,train,"13.48s in [5.0, 30.0]"
2591,./audio/2591.wav,./audio/ref_voice/alienkevin.wav,學泰拳除咗可以提升你嘅flexibility同strength，仲可以增強self-defense skills.,8.64,kept,train,"8.64s in [5.0, 30.0]"
2592,./audio/2592.wav,./audio/ref_voice/alienkevin.wav,"跳舞不仅可以express emotions,同时仲可以improve你的flexibility同埋balance.",9.1947,kept,train,"9.19s in [5.0, 30.0]"
2593,./audio/2593.wav,./audio/ref_voice/alienkevin.wav,香港嘅education system需要進行reform，讓學生能夠發展自己嘅interest和talent。,10.731,kept,eval,"10.73s in [5.0, 30.0]"
2594,./audio/2594.wav,./audio/ref_voice/alienkevin.wav,香港早前嘅political crisis對我地嘅社會stability造成咗嚴重影響，需要冀望尋找一個balance point。,14.4427,kept,train,"14.44s in [5.0, 30.0]"
2595,./audio/2595.wav,./audio/ref_voice/alienkevin.wav,因為Covid-19 pandemic嘅影響，香港飲食業求生存嘅難度增加，政府需要為佢哋提供financial support。,15.7867,kept,train,"15.79s in [5.0, 30.0]"
2596,./audio/2596.wav,./audio/ref_voice/alienkevin.wav,香港嘅elderly care問題亦愈來愈嚴峻，呼籲政府提供更多resources幫佢哋改善生活quality。,15.232,kept,train,"15.23s in [5.0, 30.0]"
2597,./audio/2597.wav,./audio/ref_voice/alienkevin.wav,香港嘅public transport系統需要更公平嘅pricing strategy，以緩解市民嘅financial burden。,16.4054,kept,train,"16.41s in [5.0, 30.0]"
2598,./audio/2598.wav,./audio/ref_voice/alienkevin.wav,香港空氣污染問題越來越嚴重，政府需要build up更多green city projects以改善嘅环境。,10.731,kept,train,"10.73s in [5.0, 30.0]"
2599,./audio/2599.wav,./audio/ref_voice/alienkevin.wav,香港嘅technology industry有大把potential，政府應該投放更多resources喺呢個sector去promote innovation…,17.643,kept,train,"17.64s in [5.0, 30.0]"
2600,./audio/2600.wav,./audio/ref_voice/alienkevin.wav,香港市民嘅mental health問題應被重視，需要提供足夠嘅psychological support去幫助市民應對stress。,14.144,kept,train,"14.14s in [5.0, 30.0]"
2601,./audio/2601.wav,./audio/ref_voice/alienkevin.wav,香港嘅tourism industry受到疫情打擊，政府需要創造新嘅tourist attractions去吸引更多visitors。,15.8507,kept,train,"15.85s in [5.0, 30.0]"
2602,./audio/2602.wav,./audio/ref_voice/alienkevin.wav,香港唔應單靠依賴finance sectors，而係需要diversify嘅economy發展其他industries。,19.456,kept,eval,"19.46s in [5.0, 30.0]"
2603,./audio/2603.wav,./audio/ref_voice/alienkevin.wav,"IFC mall 裏面有好多嘅high-end brands, 又有大量mid-range嘅產品，正啱serve各種不同budget嘅客人。",15.9574,kept,train,"15.96s in [5.0, 30.0]"
2604,./audio/2604.wav,./audio/ref_voice/alienkevin.wav,Mongkok嘅Ladies' Market係bargain hunter嘅paradise，你可以係度砍價，買到平價又保證質量嘅產品。,14.6774,kept,train,"14.68s in [5.0, 30.0]"
2605,./audio/2605.wav,./audio/ref_voice/alienkevin.wav,Harbour City嘅designer boutiques真係eye-catching，你可以見到好多最新嘅fashion trend。,11.6267,kept,train,"11.63s in [5.0, 30.0]"
2606,./audio/2606.wav,./audio/ref_voice/alienkevin.wav,如果你喜歡retro嘅style，可以去Sheung Wan 嘅vintage shops shopping，產品分好多唔同嘅年代，好吸引人。,15.68,kept,train,"15.68s in [5.0, 30.0]"
2607,./audio/2607.wav,./audio/ref_voice/alienkevin.wav,Causeway Bay嘅Sogo department store真係好多選擇，排滿咗各種brands，有服裝，化妝品，又有家居產品，可以滿足你所有嘅購物需要…,14.5707,kept,train,"14.57s in [5.0, 30.0]"
2608,./audio/2608.wav,./audio/ref_voice/alienkevin.wav,Stanley Market 嘅souvenirs 都幾獨特，有手工藝品，artwork，又有antiques，好適合你揾特別嘅禮物送人。,15.1467,kept,train,"15.15s in [5.0, 30.0]"
2609,./audio/2609.wav,./audio/ref_voice/alienkevin.wav,中環嘅PMQ係creative hub，有好多local designer 嘅店鋪，你可以係度買到一啲獨一無二嘅設計單品。,15.2534,kept,train,"15.25s in [5.0, 30.0]"
2610,./audio/2610.wav,./audio/ref_voice/alienkevin.wav,"尖沙咀嘅K11係一個fusion shopping mall，有art, culture同shopping，真係一個好好嘅消費體驗。"" ",11.904,kept,train,"11.90s in [5.0, 30.0]"
2611,./audio/2611.wav,./audio/ref_voice/alienkevin.wav,Tsim Sha Tsui嘅Harbour City有全香港最大嘅shopping mall，有各種國際brands，shopping experience真係…,12.7147,kept,train,"12.71s in [5.0, 30.0]"
2612,./audio/2612.wav,./audio/ref_voice/alienkevin.wav,馬鞍山嘅MOS Mall有大量嘅lifestyle stores，全日都峰流不息，可以去度過一個購物嘅悠閒日子。,13.0134,kept,train,"13.01s in [5.0, 30.0]"
2613,./audio/2613.wav,./audio/ref_voice/alienkevin.wav,切记，學習嘅process兜越复杂，你喺學習嗰路上會更加了解自己。,9.003,kept,train,"9.00s in [5.0, 30.0]"
2614,./audio/2614.wav,./audio/ref_voice/alienkevin.wav,揾出學習嘅passion，唔好只係睇嘅見吓功課數量，focus在質量呀!,13.2267,kept,train,"13.23s in [5.0, 30.0]"
2615,./audio/2615.wav,./audio/ref_voice/alienkevin.wav,"學習就係like a marathon,唔係一日之計,每一步都好重要.",6.4854,kept,eval,"6.49s in [5.0, 30.0]"
2616,./audio/2616.wav,./audio/ref_voice/alienkevin.wav,Put in the time 去做revision，快啲買書和課程材料好好準備自己。,9.6214,kept,train,"9.62s in [5.0, 30.0]"
2617,./audio/2617.wav,./audio/ref_voice/alienkevin.wav,唔好擔心學唔明嘅，主要係keep up the curiosity去尋找答案!,10.6454,kept,train,"10.65s in [5.0, 30.0]"
2618,./audio/2618.wav,./audio/ref_voice/alienkevin.wav,跨過難關嘅same time也會找到自己嘅potential，每一個挑戰都係growth嘅機會。,11.0507,kept,train,"11.05s in [5.0, 30.0]"
2619,./audio/2619.wav,./audio/ref_voice/alienkevin.wav,學習係open-minded，接納每一種新idea，咁你先會進步。,7.7867,kept,train,"7.79s in [5.0, 30.0]"
2620,./audio/2620.wav,./audio/ref_voice/alienkevin.wav,每一个人學習嘅pace都唔同，你要根據自己嘅rhythm去制定學習計劃。,10.6027,kept,train,"10.60s in [5.0, 30.0]"
2621,./audio/2621.wav,./audio/ref_voice/alienkevin.wav,唔好只係追逐分數，build up嘅knowledge同个人技能才最重要。,7.7867,kept,train,"7.79s in [5.0, 30.0]"
2622,./audio/2622.wav,./audio/ref_voice/alienkevin.wav,Remember to take a break，喺學習嘅時候放鬆自己，然後再繼續嚟one more round.,9.6,kept,train,"9.60s in [5.0, 30.0]"
2623,./audio/2623.wav,./audio/ref_voice/alienkevin.wav,即使有時候碰到bump on the road，也要保持determination去克服佢。,10.048,kept,train,"10.05s in [5.0, 30.0]"
2624,./audio/2624.wav,./audio/ref_voice/alienkevin.wav,香港學習嘅環境好競爭，但你要相信自己能否make it through 唔係只係靠好成績。,12.6294,kept,train,"12.63s in [5.0, 30.0]"
2625,./audio/2625.wav,./audio/ref_voice/alienkevin.wav,"Stay focused, 保持专注，唔可以让自己被琐事分心。",7.0187,kept,eval,"7.02s in [5.0, 30.0]"
2626,./audio/2626.wav,./audio/ref_voice/alienkevin.wav,"Take initiative, 主动性，一直系成功之母。",5.3334,kept,eval,"5.33s in [5.0, 30.0]"
2627,./audio/2627.wav,./audio/ref_voice/alienkevin.wav,"Be professional, 专业精神嘅培养，对任何咁嘅工作都系重要。",8.7254,kept,eval,"8.73s in [5.0, 30.0]"
2628,./audio/2628.wav,./audio/ref_voice/alienkevin.wav,"Be patient, 耐心等待，成果自然会来。",5.44,kept,train,"5.44s in [5.0, 30.0]"
2629,./audio/2629.wav,./audio/ref_voice/alienkevin.wav,"Work smarter, 不单要努力，更要用脑，用对策略。",7.7867,kept,train,"7.79s in [5.0, 30.0]"
2630,./audio/2630.wav,./audio/ref_voice/alienkevin.wav,"Keep learning, 持续学习，唔可成日停留喺自己舒适区。",8.192,kept,eval,"8.19s in [5.0, 30.0]"
2631,./audio/2631.wav,./audio/ref_voice/alienkevin.wav,"Communicate effectively, 高效嘅沟通，有时又等於解决冲突。",8.9174,kept,eval,"8.92s in [5.0, 30.0]"
2632,./audio/2632.wav,./audio/ref_voice/alienkevin.wav,"Embrace teamwork, 拥抱团队精神，好嘅团队等于成功嘅一半。",8.2774,kept,train,"8.28s in [5.0, 30.0]"
2633,./audio/2633.wav,./audio/ref_voice/alienkevin.wav,"Problem-solving, 解决问题嘅能力，最值得我们去锻炼。",6.9547,kept,train,"6.95s in [5.0, 30.0]"
2634,./audio/2634.wav,./audio/ref_voice/alienkevin.wav,"Keep improving, 持续改进，只有这样，我们才能够达到更高嘅境地。",9.92,kept,train,"9.92s in [5.0, 30.0]"
2635,./audio/2635.wav,./audio/ref_voice/alienkevin.wav,"Balance work-life, 工作生活平衡，工作固然重要但生活同样唔可忽视。",9.3654,kept,eval,"9.37s in [5.0, 30.0]"
2636,./audio/2636.wav,./audio/ref_voice/alienkevin.wav,"Respect others, 尊重他人，让大家在工作中享受到友善嘅环境。",8.1707,kept,train,"8.17s in [5.0, 30.0]"
2637,./audio/2637.wav,./audio/ref_voice/alienkevin.wav,"Show gratefulness, 表达感激，一直都系一种挺好嘅习惯。",7.383,kept,train,"7.38s in [5.0, 30.0]"
2638,./audio/2638.wav,./audio/ref_voice/alienkevin.wav,"今朝wake up，見到雨滴喺window，真係有d moody咁!"" ",7.936,kept,train,"7.94s in [5.0, 30.0]"
2639,./audio/2639.wav,./audio/ref_voice/alienkevin.wav,"天氣冷嘅時候，一杯hot chocolate就精神百倍!"" ",6.5494,kept,train,"6.55s in [5.0, 30.0]"
2640,./audio/2640.wav,./audio/ref_voice/alienkevin.wav,"每次看落去個sunny beach都感到超放鬆!"" ",7.851,kept,train,"7.85s in [5.0, 30.0]"
2641,./audio/2641.wav,./audio/ref_voice/alienkevin.wav,"下班後，見到嗰d beautiful sunset背後, 都忘記日頭辛苦度!",9.9414,kept,train,"9.94s in [5.0, 30.0]"
2642,./audio/2642.wav,./audio/ref_voice/alienkevin.wav,"填試卷時，外面嘅雷聲俾咗我無限inspiration!"" ",8.4907,kept,train,"8.49s in [5.0, 30.0]"
2643,./audio/2643.wav,./audio/ref_voice/alienkevin.wav,"每年typhoon季節，都會令我嘅心跳加速!"" ",7.6374,kept,train,"7.64s in [5.0, 30.0]"
2644,./audio/2644.wav,./audio/ref_voice/alienkevin.wav,"走喺rainy street上，都會令我有種romantic嘅感覺!"" ",7.7654,kept,train,"7.77s in [5.0, 30.0]"
2645,./audio/2645.wav,./audio/ref_voice/alienkevin.wav,"天氣turn warm,人哋都開始wear短袖啦!"" ",6.1654,kept,train,"6.17s in [5.0, 30.0]"
2646,./audio/2646.wav,./audio/ref_voice/alienkevin.wav,"嗰陣時候，我哋喺rooftop 睇煙花，感受倒嗰瞬間嘅joy!"" ",13.4614,kept,train,"13.46s in [5.0, 30.0]"
2647,./audio/2647.wav,./audio/ref_voice/alienkevin.wav,"天空落雪, 我哋一齊throw snowballs, 真係超開心!"" ",5.6107,kept,train,"5.61s in [5.0, 30.0]"
2648,./audio/2648.wav,./audio/ref_voice/alienkevin.wav,"日頭出到嚟，我就知道我哋今日可以去海灘BBQ!"" ",8.64,kept,train,"8.64s in [5.0, 30.0]"
2649,./audio/2649.wav,./audio/ref_voice/alienkevin.wav,雲朵飄過天空，好似一幅canvas painting咁!,6.807,kept,train,"6.81s in [5.0, 30.0]"
2650,./audio/2650.wav,./audio/ref_voice/alienkevin.wav,我每晚都會喺我 balcony 睇星星，真係chill到極!,10.1974,kept,train,"10.20s in [5.0, 30.0]"
2651,./audio/2651.wav,./audio/ref_voice/alienkevin.wav,今晚想煮个steak dinner，配上蒜蓉焗马铃薯，最后来杯Red wine，完美！,13.7814,kept,train,"13.78s in [5.0, 30.0]"
2652,./audio/2652.wav,./audio/ref_voice/alienkevin.wav,公司近边有个Japanese sushi shop，lunch break时买返份bento box，甘之咁方便。,14.08,kept,train,"14.08s in [5.0, 30.0]"
2653,./audio/2653.wav,./audio/ref_voice/alienkevin.wav,周五晚上同friend去咗一间new open的中菜馆，食咗個Peking duck，简直好smoky好crispy！,16.1494,kept,train,"16.15s in [5.0, 30.0]"
2654,./audio/2654.wav,./audio/ref_voice/alienkevin.wav,看电影时买咗包popcorn，再配罐Coca Cola，唔怪得人地叫digitai!,10.9654,kept,train,"10.97s in [5.0, 30.0]"
2655,./audio/2655.wav,./audio/ref_voice/alienkevin.wav,中午去咗一间Vietnamese restaurant，order咗一道pho soup，好refreshing安逸舒服！,13.2694,kept,train,"13.27s in [5.0, 30.0]"
2656,./audio/2656.wav,./audio/ref_voice/alienkevin.wav,"最近瘦身，食more fruits低热量, 晚饭时喺supermarket买咗一盒mixed berry，配上yogurt，健康咁来！",17.28,kept,train,"17.28s in [5.0, 30.0]"
2657,./audio/2657.wav,./audio/ref_voice/alienkevin.wav,"昨日去到一间Thai restaurant, 食辣度就超过scale，但dim嘅Tom Yum soup同green curry贼好吃！",18.368,kept,eval,"18.37s in [5.0, 30.0]"
2658,./audio/2658.wav,./audio/ref_voice/alienkevin.wav,"添好运的Custard bun好香，满口都系vanilla嘅味道，真系喺Dim Sum中嘅the best！"" ",16.576,kept,train,"16.58s in [5.0, 30.0]"
2659,./audio/2659.wav,./audio/ref_voice/alienkevin.wav,"宵夜去咗个street food stall，买咗份Egg Waffle配上Ice cream，足够满足！"" ",11.8614,kept,train,"11.86s in [5.0, 30.0]"
2660,./audio/2660.wav,./audio/ref_voice/alienkevin.wav,回家路上经过个local嘅Wet market，买咗几个fresh嘅seafood，晚上煮个Bouillabaisse soup，好味道啊！,13.376,kept,train,"13.38s in [5.0, 30.0]"
2661,./audio/2661.wav,./audio/ref_voice/alienkevin.wav,如果你係個浪漫主义者，去一趟雅典嘅Acropolis欣赏下古希腊嘅architecture，吸收下那份浓厚嘅历史feel，一定会让你喺心中留住一份unforge…,26.6027,kept,train,"26.60s in [5.0, 30.0]"
2662,./audio/2662.wav,./audio/ref_voice/alienkevin.wav,你试过喺一座活火山边上BBQ么？ 去Hawaii Volcanoes National Park，你会有一次最乎人深刻嘅dining experience架。,18.7094,kept,train,"18.71s in [5.0, 30.0]"
2663,./audio/2663.wav,./audio/ref_voice/alienkevin.wav,如果你想要chill一下，去一趟Bali嘅beach，冲浪或者喺沙滩度过一個悠閒嘅afternoon，绝对输舒缓你嘅心情。,14.6774,kept,train,"14.68s in [5.0, 30.0]"
2664,./audio/2664.wav,./audio/ref_voice/alienkevin.wav,你尝试过skydiving未呢？去New Zealand或者Australia体验一下在天空中飞翔嘅感觉，令你嘅adrenaline噴張喺空氣中。,19.2854,kept,train,"19.29s in [5.0, 30.0]"
2665,./audio/2665.wav,./audio/ref_voice/alienkevin.wav,如果你鍾意食嘢，去一趟Japan或者Thailand嘅street food節，一定可以满足你嘅taste buds同埋體驗到各种各样嘅delicacies。,19.2,kept,train,"19.20s in [5.0, 30.0]"
2666,./audio/2666.wav,./audio/ref_voice/alienkevin.wav,"如果你鍾意藝術，咁你應該去一趟Italy欣賞下那儿嘅Renaissance art,一定会給你無比嘅visual enjoyment.",18.4107,kept,train,"18.41s in [5.0, 30.0]"
2667,./audio/2667.wav,./audio/ref_voice/alienkevin.wav,"慢慢嘅漫步/enjoy一番咖啡喺Paris嘅cafés，邊人都會有個完美嘅vacation experience吧。"" ",15.9787,kept,train,"15.98s in [5.0, 30.0]"
2668,./audio/2668.wav,./audio/ref_voice/alienkevin.wav,你鐘意運動嗎？去一趟Switzerland或者Austria嘅skii resorts，享受下冬季嘅fun吧。,14.336,kept,train,"14.34s in [5.0, 30.0]"
2669,./audio/2669.wav,./audio/ref_voice/alienkevin.wav,"你試過乘坐熱氣球體驗大自然嘅壯觀景色未？ 去一遍Australia或者Turkey，你一定會被嗰度嘅scenery震撼到。"" ",16.7254,kept,train,"16.73s in [5.0, 30.0]"
2670,./audio/2670.wav,./audio/ref_voice/alienkevin.wav,如果你愛好潛水，去一趟Caribbean享受一下深海嘅best underwater view，會是一個激动人心的adventure。,14.8267,kept,train,"14.83s in [5.0, 30.0]"
2671,./audio/2671.wav,./audio/ref_voice/alienkevin.wav,我超鍾意周杰倫嘅音樂，佢嘅melodies同lyrics都好unique，每一首都好touching。,12.8214,kept,train,"12.82s in [5.0, 30.0]"
2672,./audio/2672.wav,./audio/ref_voice/alienkevin.wav,我最近喺follow咗一個TV series叫Game of Thrones，劇情plot深厚又插足好多unexpected twists，好吸引!,17.5574,kept,train,"17.56s in [5.0, 30.0]"
2673,./audio/2673.wav,./audio/ref_voice/alienkevin.wav,我鍾意得意嘅animations，像嘅Pixar同Disney，佢哋嘅storytelling都好captivating，我最鍾意嘅係'Toy Story'系列…,18.0054,kept,train,"18.01s in [5.0, 30.0]"
2674,./audio/2674.wav,./audio/ref_voice/alienkevin.wav,我鍾意打機，喺我見過最佳嘅games一定喺'The Witcher 3：Wild Hunt'，佢嘅open world設計，storyline都好engagin…,21.056,kept,train,"21.06s in [5.0, 30.0]"
2675,./audio/2675.wav,./audio/ref_voice/alienkevin.wav,我喺一個movie buff，喺觀賞咗無數嘅films之後，我心目中最好嘅一部一定喺'Inception'，佢嘅plot同埋visual effects都令我印…,21.7387,kept,train,"21.74s in [5.0, 30.0]"
2676,./audio/2676.wav,./audio/ref_voice/alienkevin.wav,周末我通常會去karaoke sing song，唱K咁精神，一班朋友聚埋一齊唱下K歌，真系好entertaining!,15.7867,kept,train,"15.79s in [5.0, 30.0]"
2677,./audio/2677.wav,./audio/ref_voice/alienkevin.wav,我喺追緊Netflix嘅一個series叫'Black Mirror'，都好mind-blowing，每一集都令我重新思考咗好多tech相關嘅ethical i…,17.6,kept,train,"17.60s in [5.0, 30.0]"
2678,./audio/2678.wav,./audio/ref_voice/alienkevin.wav,我喺追緊一部anime叫'Attack on Titan'，佢嘅Story arc同character development都好outstanding，好值得…,12.6934,kept,train,"12.69s in [5.0, 30.0]"
2679,./audio/2679.wav,./audio/ref_voice/alienkevin.wav,踢足球可以improve你嘅coordination，而且仲可以boost你嘅stamina.,8.8534,kept,train,"8.85s in [5.0, 30.0]"
2680,./audio/2680.wav,./audio/ref_voice/alienkevin.wav,打篮球唔单止可以培养team spirit，同时又可以enhance你嘅agility.,9.7067,kept,eval,"9.71s in [5.0, 30.0]"
2681,./audio/2681.wav,./audio/ref_voice/alienkevin.wav,打乒乓球可以sharpen你嘅reflexes，同时仲能够promote嘅hand-eye coordination.,10.6454,kept,train,"10.65s in [5.0, 30.0]"
2682,./audio/2682.wav,./audio/ref_voice/alienkevin.wav,學瑜伽可以improve你嘅flexibility，而且仲有助於relieve stress.,9.1947,kept,train,"9.19s in [5.0, 30.0]"
2683,./audio/2683.wav,./audio/ref_voice/alienkevin.wav,跳舞除咗可以express个人嘅style，同时仲可以increase嘅身體嘅agility 同埋flexibility.,11.712,kept,eval,"11.71s in [5.0, 30.0]"
2684,./audio/2684.wav,./audio/ref_voice/alienkevin.wav,做gym可以build up你的muscle mass，同时仲可以improve你的strength.,8.9174,kept,train,"8.92s in [5.0, 30.0]"
2685,./audio/2685.wav,./audio/ref_voice/alienkevin.wav,游长距离泳可以boost你嘅endurance，同时仲有助於tone up你嘅body.,11.0507,kept,eval,"11.05s in [5.0, 30.0]"
2686,./audio/2686.wav,./audio/ref_voice/alienkevin.wav,学武术可以improve你嘅self-defense skills，同时又可以增强你嘅core strength.,9.5574,kept,train,"9.56s in [5.0, 30.0]"
2687,./audio/2687.wav,./audio/ref_voice/alienkevin.wav,跑marathon可以test你嘅physical limits，同时又有助於build up你嘅mental strength.,10.1974,kept,train,"10.20s in [5.0, 30.0]"
2688,./audio/2688.wav,./audio/ref_voice/alienkevin.wav,玩排球可以improve你嘅teamwork skills，而且仲可以enhance你嘅jumping ability.,9.6214,kept,train,"9.62s in [5.0, 30.0]"
2689,./audio/2689.wav,./audio/ref_voice/alienkevin.wav,一直堅持噉嘅high property prices對於本地citizen好似係一種heavy burden。,12.6294,kept,train,"12.63s in [5.0, 30.0]"
2690,./audio/2690.wav,./audio/ref_voice/alienkevin.wav,處理適應新冠pandemic嘅challenge需要well-coordinated efforts，包括加强public health measures同埋提…,17.792,kept,train,"17.79s in [5.0, 30.0]"
2691,./audio/2691.wav,./audio/ref_voice/alienkevin.wav,香港嘅education system需要讓學生擁有critical thinking skills，幫助香港嘅future development。,10.304,kept,train,"10.30s in [5.0, 30.0]"
2692,./audio/2692.wav,./audio/ref_voice/alienkevin.wav,政府應該加強support嘅small and medium-sized enterprises，俾到佢地喺tough economic environment…,18.432,kept,train,"18.43s in [5.0, 30.0]"
2693,./audio/2693.wav,./audio/ref_voice/alienkevin.wav,香港青年應該積極參與community service，以促進social cohesion同埋增強自身嘅sense of belonging。,16.6614,kept,train,"16.66s in [5.0, 30.0]"
2694,./audio/2694.wav,./audio/ref_voice/alienkevin.wav,政府需要提供更多嘅housing options，解決current housing crisis並提供affordable homes俾低收入嘅家庭。,13.8667,kept,train,"13.87s in [5.0, 30.0]"
2695,./audio/2695.wav,./audio/ref_voice/alienkevin.wav,我地應該重視climate change嘅問題，並投資renewable energy以實現sustainable development。,12.992,kept,train,"12.99s in [5.0, 30.0]"
2696,./audio/2696.wav,./audio/ref_voice/alienkevin.wav,"保護香港嘅human rights同埋freedom of speech係我地社會嘅基石，我地應該繼續捍衛佢。"" ",11.6907,kept,train,"11.69s in [5.0, 30.0]"
2697,./audio/2697.wav,./audio/ref_voice/alienkevin.wav,鼓勵本地企業innovate，同添invest in high tech industries可以幫助香港嘅economy stay competitive。,16.599,kept,train,"16.60s in [5.0, 30.0]"
2698,./audio/2698.wav,./audio/ref_voice/alienkevin.wav,提升嘅public transportation efficiency和improve air quality都係重要嘅urban development is…,12.544,kept,train,"12.54s in [5.0, 30.0]"
2699,./audio/2699.wav,./audio/ref_voice/alienkevin.wav,如果你鍾意嘅brand係Zara或者H&M，你去Causeway Bay係好方便嘅，佢地有好大嘅outlet，可以揾到最新嘅fashion trends。,17.728,kept,train,"17.73s in [5.0, 30.0]"
2700,./audio/2700.wav,./audio/ref_voice/alienkevin.wav,Mong Kok嘅Ladies Market可以買到好多good deals，不過記住要bargain，咁先買到最抵價。,11.3707,kept,train,"11.37s in [5.0, 30.0]"
2701,./audio/2701.wav,./audio/ref_voice/alienkevin.wav,我好喜歡去Stanley Market逛街，喺度你可以買到好多Hong Kong souvenir，价格都好公道，適合send為gifts比朋友。,15.424,kept,train,"15.42s in [5.0, 30.0]"
2702,./audio/2702.wav,./audio/ref_voice/alienkevin.wav,Argyle Centre位於Mong Kok，裏面有好多cheap fashion，適合喜歡fast fashion嘅人。,12.096,kept,train,"12.10s in [5.0, 30.0]"
2703,./audio/2703.wav,./audio/ref_voice/alienkevin.wav,I.T.係一個local的fashion brand，有時仲會有好多新款式，去到Hong Kong一定要check out佢哋嘅店。,15.0187,kept,train,"15.02s in [5.0, 30.0]"
2704,./audio/2704.wav,./audio/ref_voice/alienkevin.wav,Around the corner喺港島嘅各區都有好nice嘅Boutique，當你累咗嘅時候可以stop for a cup嘅coffee。,16.0,kept,train,"16.00s in [5.0, 30.0]"
2705,./audio/2705.wav,./audio/ref_voice/alienkevin.wav,Temple Street Night Market會賣好多unique嘅手工藝品，要是你喜歡特別嘅souvenir，呢度絕對係一個good choice。,14.9547,kept,train,"14.95s in [5.0, 30.0]"
2706,./audio/2706.wav,./audio/ref_voice/alienkevin.wav,唔好冇目標咁學習，set嘅goal就要keep住實現啊!,6.2507,kept,train,"6.25s in [5.0, 30.0]"
2707,./audio/2707.wav,./audio/ref_voice/alienkevin.wav,緊記住，學習唔單單只係讀書，學識部署時間同manage自己都好重要啊!,10.368,kept,train,"10.37s in [5.0, 30.0]"
2708,./audio/2708.wav,./audio/ref_voice/alienkevin.wav,揾唔到學習嘅motivation點解呢? 唔好怕，搵啲inspiring嘅書籍或者视频去boost up自己啦!,14.72,kept,train,"14.72s in [5.0, 30.0]"
2709,./audio/2709.wav,./audio/ref_voice/alienkevin.wav,學習唔應該只係追求完美，嘗試failure，從錯誤中learn嘅經驗好派得著用啊!,12.1387,kept,train,"12.14s in [5.0, 30.0]"
2710,./audio/2710.wav,./audio/ref_voice/alienkevin.wav,唔好只係學科書本上面嘅knowledge，應該要培養critical thinking skills啊!,11.3494,kept,train,"11.35s in [5.0, 30.0]"
2711,./audio/2711.wav,./audio/ref_voice/alienkevin.wav,唔好隨便give up學習，記住，學習係一個life long journey，只要你持續努力，success會跟住嚟既!,11.9467,kept,train,"11.95s in [5.0, 30.0]"
2712,./audio/2712.wav,./audio/ref_voice/alienkevin.wav,學習唔系只係focus在成績，soft skills同communication skills都好重要啊!,8.5974,kept,train,"8.60s in [5.0, 30.0]"
2713,./audio/2713.wav,./audio/ref_voice/alienkevin.wav,"遇到困難唔好怕，問下自己：'我仲可以improve邊度？' 學習係一個continuous process既呀!"" ",11.991,kept,train,"11.99s in [5.0, 30.0]"
2714,./audio/2714.wav,./audio/ref_voice/alienkevin.wav,留意啲current events，對於broaden your perspective都有幫助呀!,8.8107,kept,train,"8.81s in [5.0, 30.0]"
2715,./audio/2715.wav,./audio/ref_voice/alienkevin.wav,每一個學科都有佢嘅潛力，好好explore吓！學多啲，世界就會大啲嘅啦！,9.4294,kept,train,"9.43s in [5.0, 30.0]"
2716,./audio/2716.wav,./audio/ref_voice/alienkevin.wav,"Stay focused, 保持专注，才能够把工作做得更加完成。",8.896,kept,train,"8.90s in [5.0, 30.0]"
2717,./audio/2717.wav,./audio/ref_voice/alienkevin.wav,"Work smart, 智能工作，有效率嘅安排你日常嘅任务，可以为你节省時間。",11.008,kept,train,"11.01s in [5.0, 30.0]"
2718,./audio/2718.wav,./audio/ref_voice/alienkevin.wav,"Be persistent, 保持毅力，即使面对困难，也唔可以放棄。",9.6427,kept,train,"9.64s in [5.0, 30.0]"
2719,./audio/2719.wav,./audio/ref_voice/alienkevin.wav,"Teamwork makes the dream work, 团队合作才能实现你梦想嘅工作。",8.4054,kept,eval,"8.41s in [5.0, 30.0]"
2720,./audio/2720.wav,./audio/ref_voice/alienkevin.wav,"Invest in yourself, 自我投资，提升自己，工作上会更出色。",7.8934,kept,train,"7.89s in [5.0, 30.0]"
2721,./audio/2721.wav,./audio/ref_voice/alienkevin.wav,"Stay humble, 保持谦逊，不论你有多成功，始终保持脚踏实地。",10.731,kept,train,"10.73s in [5.0, 30.0]"
2722,./audio/2722.wav,./audio/ref_voice/alienkevin.wav,"Keep innovating, 持续创新，是工作进步嘅重要元素。",8.9174,kept,train,"8.92s in [5.0, 30.0]"
2723,./audio/2723.wav,./audio/ref_voice/alienkevin.wav,"Never stop learning, 永远不要停止学习，要不断吸收全新嘅技能和知识，这样工作上才不会落后。",13.248,kept,train,"13.25s in [5.0, 30.0]"
2724,./audio/2724.wav,./audio/ref_voice/alienkevin.wav,"Maintain work-life balance, 保持工作生活平衡，你嘅身心健康同样重要。",10.304,kept,eval,"10.30s in [5.0, 30.0]"
2725,./audio/2725.wav,./audio/ref_voice/alienkevin.wav,"Embrace changes, 接纳变化，唔好怕新嘅挑战。",6.784,kept,train,"6.78s in [5.0, 30.0]"
2726,./audio/2726.wav,./audio/ref_voice/alienkevin.wav,塵埃點點，露出落日嘅golden light，一派寧靜咁!,5.76,kept,train,"5.76s in [5.0, 30.0]"
2727,./audio/2727.wav,./audio/ref_voice/alienkevin.wav,冬天嘅cool breeze，令我想起泡熱咖啡嘅日子!,6.3574,kept,train,"6.36s in [5.0, 30.0]"
2728,./audio/2728.wav,./audio/ref_voice/alienkevin.wav,夜晚，月亮同星星照亮咗整片天，就好似night light咁營造出祥和嘅氣氛!,8.768,kept,train,"8.77s in [5.0, 30.0]"
2729,./audio/2729.wav,./audio/ref_voice/alienkevin.wav,"温度落咗好多, 可以穿我最喜愛嘅winter coat了！",5.079,kept,train,"5.08s in [5.0, 30.0]"
2730,./audio/2730.wav,./audio/ref_voice/alienkevin.wav,喺炎夏嘅時候，喺泳池度enjoy sunshine就是一種樂趣.,5.824,kept,train,"5.82s in [5.0, 30.0]"
2731,./audio/2731.wav,./audio/ref_voice/alienkevin.wav,風快速地經過，令到tree leaves因此而震動，感覺好似在聆聽大自然嘅Melody!,8.064,kept,train,"8.06s in [5.0, 30.0]"
2732,./audio/2732.wav,./audio/ref_voice/alienkevin.wav,當陽光灑落地面嗰陣，我哋可以感覺到nature嘅warmth!,5.632,kept,train,"5.63s in [5.0, 30.0]"
2733,./audio/2733.wav,./audio/ref_voice/alienkevin.wav,大雨將落，記得帶把umbrella出門!,4.503,too_short,n/a,4.50s < 5.0
2734,./audio/2734.wav,./audio/ref_voice/alienkevin.wav,聽到thunder嘅聲音就知道將會落大雨!,4.5867,too_short,n/a,4.59s < 5.0
2735,./audio/2735.wav,./audio/ref_voice/alienkevin.wav,雪花如cotton candy般飄落，真係絕美無比!,5.7387,kept,train,"5.74s in [5.0, 30.0]"
2736,./audio/2736.wav,./audio/ref_voice/alienkevin.wav,今日我去咗一间Korean Restaurant，order咗烤肉BBQ，真係delicious到無话讲！,8.0854,kept,train,"8.09s in [5.0, 30.0]"
2737,./audio/2737.wav,./audio/ref_voice/alienkevin.wav,"早晨我同朋友去咗Starbucks, 都係细品咗一杯冷泡coffee, 味道真嘅cool及純正！",8.32,kept,train,"8.32s in [5.0, 30.0]"
2738,./audio/2738.wav,./audio/ref_voice/alienkevin.wav,昨晚我自家做咗一顿Italian pasta，加上番茄同basil sauce，味道就真係amazing無可比擬！,10.9654,kept,train,"10.97s in [5.0, 30.0]"
2739,./audio/2739.wav,./audio/ref_voice/alienkevin.wav, 我上周去咗一間Japanese sushi bar，食咗一個握鮨set，順滑得嚟fresh得驚人。,8.384,kept,train,"8.38s in [5.0, 30.0]"
2740,./audio/2740.wav,./audio/ref_voice/alienkevin.wav,"想食咗一整日嘅French fries，晚餐就果断去咗McDonald's, 正啊呢个脆足足而入口即化。",9.003,kept,train,"9.00s in [5.0, 30.0]"
2741,./audio/2741.wav,./audio/ref_voice/alienkevin.wav,"我朝早买咗个English breakfast, 食埋豆豉同蘑菇再配几片bacon, 真係香口到冇得抵挡。",9.408,kept,train,"9.41s in [5.0, 30.0]"
2742,./audio/2742.wav,./audio/ref_voice/alienkevin.wav,下午茶我去咗一间Taiwanese boba shop，個Pearl milk tea入口即化，好滑咁嘅.,8.535,kept,train,"8.53s in [5.0, 30.0]"
2743,./audio/2743.wav,./audio/ref_voice/alienkevin.wav,你去過World Heritage Site，例如Great Wall of China或者Taj Mahal未？嗰度嘅history同architecture…,13.6534,kept,train,"13.65s in [5.0, 30.0]"
2744,./audio/2744.wav,./audio/ref_voice/alienkevin.wav,喺Japan旅行，你记住唔可以错过嘅就系去睇cherry blossoms，简直系natural beauty嘅完美演绎。,9.003,kept,train,"9.00s in [5.0, 30.0]"
2745,./audio/2745.wav,./audio/ref_voice/alienkevin.wav,你有冇去过Venice，感受過喺將夜晚嘅寂靜中乘坐gondola嘅romantic气氛？,9.8774,kept,train,"9.88s in [5.0, 30.0]"
2746,./audio/2746.wav,./audio/ref_voice/alienkevin.wav,如果你準備去Africa safari，记住帶埋你嘅camera，因為嗰度嘅wildlife會給你提供unforgettable嘅photo opportuni…,10.9654,kept,train,"10.97s in [5.0, 30.0]"
2747,./audio/2747.wav,./audio/ref_voice/alienkevin.wav,你有冇試過喺New York Times Square嘅billboards下面行過，那嗰燈光閃瞎嘅nightlife會好exciting架。,10.7734,kept,train,"10.77s in [5.0, 30.0]"
2748,./audio/2748.wav,./audio/ref_voice/alienkevin.wav,去過Miami嘅South Beach浸浸太陽未？喺那裏你會獲得一個perfect嘅summer experience。,8.3414,kept,train,"8.34s in [5.0, 30.0]"
2749,./audio/2749.wav,./audio/ref_voice/alienkevin.wav,你試過乘坐San Francisco嘅cable car穿越城市未？你可以有全新嘅urban exploration experience架。,12.0534,kept,train,"12.05s in [5.0, 30.0]"
2750,./audio/2750.wav,./audio/ref_voice/alienkevin.wav,如果你鍾意adventure，不如嚟一趟Amazon Rainforest吖，各種unique嘅plants同animals一定令你大開眼界。,10.5387,kept,train,"10.54s in [5.0, 30.0]"
2751,./audio/2751.wav,./audio/ref_voice/alienkevin.wav,我喺最近地鐵去返工時喺聽緊一首歌叫'Bad Guy'，佢由Billie Eilish唱，佢嘅Melody同Lyrics都係好catchy，我好like呢首歌！,14.3574,kept,train,"14.36s in [5.0, 30.0]"
2752,./audio/2752.wav,./audio/ref_voice/alienkevin.wav,Netflix嘅最新mini系列'Queens Gambit'，我覺得好outstanding，講述咗一個chess prodigy嘅Story，我好投入!,11.0934,kept,eval,"11.09s in [5.0, 30.0]"
2753,./audio/2753.wav,./audio/ref_voice/alienkevin.wav,我鍾意閱讀，最近喺讀一本叫'Harry Potter'嘅必讀書，佢嘅Story setting同Magic elements都好吸引，讀到完全係Fascinat…,10.304,kept,train,"10.30s in [5.0, 30.0]"
2754,./audio/2754.wav,./audio/ref_voice/alienkevin.wav,我最愛喺去追stage play，喺香港藝術節睇咗一齣張愛玲嘅'半生緣'，佢嘅performance好到我都覺得我係其中一部分，好amazing！,10.7947,kept,train,"10.79s in [5.0, 30.0]"
2755,./audio/2755.wav,./audio/ref_voice/alienkevin.wav,我最近喺玩一個叫'Among Us'嘅手機game，佢係一個multiplayer online game，我同我朋友一齊玩好Fun，真系可以消磨大把時間！,11.0507,kept,eval,"11.05s in [5.0, 30.0]"
2756,./audio/2756.wav,./audio/ref_voice/alienkevin.wav,"喺我既野餐同BBQ好love用'Spotify'Play歌，有Daytime disco, Chill hits等等潮流嘅playlist仲可以選擇，好方便，又…",15.6587,kept,train,"15.66s in [5.0, 30.0]"
2757,./audio/2757.wav,./audio/ref_voice/alienkevin.wav,喺我好喜歡聽台风Radio，每晚躺漫無目的嘅時候，佢嘅Music selection同DJ唔同嘅風格都好吸引我，睇清楚當下心情，好relaxing！,12.6934,kept,train,"12.69s in [5.0, 30.0]"
2758,./audio/2758.wav,./audio/ref_voice/alienkevin.wav,游泳唔单止提升咗你嘅endurance，仲會improve咗你嘅lung capacity.,8.0,kept,train,"8.00s in [5.0, 30.0]"
2759,./audio/2759.wav,./audio/ref_voice/alienkevin.wav,做瑜伽会加强你嘅flexibility，同时亦都可以de-stress嘅.,7.1894,kept,train,"7.19s in [5.0, 30.0]"
2760,./audio/2760.wav,./audio/ref_voice/alienkevin.wav,行山唔止會enhance你嘅cardiovascular health，同时都會提升你嘅leg strength.,8.9174,kept,train,"8.92s in [5.0, 30.0]"
2761,./audio/2761.wav,./audio/ref_voice/alienkevin.wav,打網球唔止幫助你嘅hand-eye coordination，仲可以improve你嘅footwork.,7.383,kept,train,"7.38s in [5.0, 30.0]"
2762,./audio/2762.wav,./audio/ref_voice/alienkevin.wav,打壁球可以增加你嘅agility，同时仲可以強化你嘅concentration.,6.4,kept,train,"6.40s in [5.0, 30.0]"
2763,./audio/2763.wav,./audio/ref_voice/alienkevin.wav,跑步唔止有助於控制體重，同时仲可以improve咗你嘅mental health.,6.016,kept,train,"6.02s in [5.0, 30.0]"
2764,./audio/2764.wav,./audio/ref_voice/alienkevin.wav,做伏地挺身可以增强你嘅core strength，同时仲可以提升你嘅upper body strength.,6.4427,kept,train,"6.44s in [5.0, 30.0]"
2765,./audio/2765.wav,./audio/ref_voice/alienkevin.wav,進行kickboxing唔止可以增強你嘅fitness level，同時仲可以提升你嘅self-defence skills.,8.4907,kept,train,"8.49s in [5.0, 30.0]"
2766,./audio/2766.wav,./audio/ref_voice/alienkevin.wav,學習舞蹈不僅讓人感到快樂，更可以improve咗你嘅coordination。,5.824,kept,train,"5.82s in [5.0, 30.0]"
2767,./audio/2767.wav,./audio/ref_voice/alienkevin.wav,玩滑板除咗可以增强你嘅balance，仲可以boost你嘅creativity.,5.9307,kept,train,"5.93s in [5.0, 30.0]"
2768,./audio/2768.wav,./audio/ref_voice/alienkevin.wav,最近香港嘅新型冠状病毒cases日增，俾到政府好大pressure，需要加強preventive measures保障市民嘅health and safety。,11.5414,kept,train,"11.54s in [5.0, 30.0]"
2769,./audio/2769.wav,./audio/ref_voice/alienkevin.wav,時至今日，香港嘅housing problem仲未解決，政府需要俾多啲resources去support低收入家庭，改善佢地嘅living conditions…,11.7974,kept,train,"11.80s in [5.0, 30.0]"
2770,./audio/2770.wav,./audio/ref_voice/alienkevin.wav,政府講過要promote嘅green economy，但係香港嘅plastic waste問題仲好serious，需要更加盡快implement嘅waste m…,16.2774,kept,train,"16.28s in [5.0, 30.0]"
2771,./audio/2771.wav,./audio/ref_voice/alienkevin.wav,香港教育嘅course content需要應時改變，尤其係現在世界轉緊向digital era，應該増加coding同digital literacy嘅educ…,16.2987,kept,train,"16.30s in [5.0, 30.0]"
2772,./audio/2772.wav,./audio/ref_voice/alienkevin.wav,香港雖然係一個major financial hub，但係本地旅遊業叫苦連天，政府要立即出面support嘅tourism sector，提供financial…,16.4054,kept,train,"16.41s in [5.0, 30.0]"
2773,./audio/2773.wav,./audio/ref_voice/alienkevin.wav,香港嘅infrastructure projects對boost經濟，創建jobs有優勢，但係我哋要balance吓，唔好影響咗environmental co…,13.056,kept,eval,"13.06s in [5.0, 30.0]"
2774,./audio/2774.wav,./audio/ref_voice/alienkevin.wav,疫情期間，香港嘅unemployment rate上升，政府需要透過政策提供job support，例如提高retraining programs去增強勞工嘅s…,12.0107,kept,train,"12.01s in [5.0, 30.0]"
2775,./audio/2775.wav,./audio/ref_voice/alienkevin.wav,香港未來嘅長遠發展需要依賴innovation and technology，教育遊戲有重大角色，係提高學生嘅creative thinking。,11.7974,kept,train,"11.80s in [5.0, 30.0]"
2776,./audio/2776.wav,./audio/ref_voice/alienkevin.wav,香港嘅high-speed rail link可以帶來trade和tourism opportunities，但係同時我哋需要注意potential envir…,11.392,kept,train,"11.39s in [5.0, 30.0]"
2777,./audio/2777.wav,./audio/ref_voice/alienkevin.wav,香港嘅elderly care services有待提升，尤其在提供adequate healthcare facilities同埋social service…,13.6747,kept,train,"13.67s in [5.0, 30.0]"
2778,./audio/2778.wav,./audio/ref_voice/alienkevin.wav,我好中意去Causeway Bay shopping，哪裡有好多brand shops，款式都好新穎。,7.275,kept,train,"7.27s in [5.0, 30.0]"
2779,./audio/2779.wav,./audio/ref_voice/alienkevin.wav,Times Square真係shopping paradise，有好多designer brands，仲可以試一下香港的fine dining。,7.936,kept,train,"7.94s in [5.0, 30.0]"
2780,./audio/2780.wav,./audio/ref_voice/alienkevin.wav,SASA係我嘅essential trip每次shopping，裡面有好多化妝品選擇，仲有好多係日本和韓,11.8614,kept,train,"11.86s in [5.0, 30.0]"
2781,./audio/2781.wav,./audio/ref_voice/alienkevin.wav,讀書唔只系要memorize答案，你需要理解同apply你所學嘅principles。,9.472,kept,eval,"9.47s in [5.0, 30.0]"
2782,./audio/2782.wav,./audio/ref_voice/alienkevin.wav,唔好喺考試前夜cramming啊，要認真revise並保持consistent revision。,7.5094,kept,train,"7.51s in [5.0, 30.0]"
2783,./audio/2783.wav,./audio/ref_voice/alienkevin.wav,做project嘅時候唔可以只係做自己分內嘅事，要學識teamwork，合作互助先至能夠完成task。,8.7254,kept,train,"8.73s in [5.0, 30.0]"
2784,./audio/2784.wav,./audio/ref_voice/alienkevin.wav,當你遇到困難嘅時候，唔好放棄，學識problem-solving skills，尋找解決方法。,5.9094,kept,train,"5.91s in [5.0, 30.0]"
2785,./audio/2785.wav,./audio/ref_voice/alienkevin.wav,溫習唔係重溫你已經知道嘅嘢，而係尋找並釐清你唔明白嘅concept。,7.851,kept,train,"7.85s in [5.0, 30.0]"
2786,./audio/2786.wav,./audio/ref_voice/alienkevin.wav,學習喺一個lifelong process，所以永遠唔好停止追求新嘅knowledge。,7.4454,kept,train,"7.45s in [5.0, 30.0]"
2787,./audio/2787.wav,./audio/ref_voice/alienkevin.wav,唔好只係學習，還要學習咋reflect喺自己學到啲咩，咁樣先至可以持續improve自己。,13.2694,kept,train,"13.27s in [5.0, 30.0]"
2788,./audio/2788.wav,./audio/ref_voice/alienkevin.wav,提問係學習嘅一部份，doubt唔係代表你無智慧，而係你肯主動探索answer。,11.776,kept,train,"11.78s in [5.0, 30.0]"
2789,./audio/2789.wav,./audio/ref_voice/alienkevin.wav,唔好怕做錯，mistakes可以幫助你learn，更好嘅了解自己喺邊度需要improvement。,9.1307,kept,train,"9.13s in [5.0, 30.0]"
2790,./audio/2790.wav,./audio/ref_voice/alienkevin.wav,讀書唔代表你要放棄所有嘅hobbies，其實effective learning始於work-life balance。,7.1467,kept,train,"7.15s in [5.0, 30.0]"
2791,./audio/2791.wav,./audio/ref_voice/alienkevin.wav,"Give it your all, 全力以赴，工作都要盡全力去做。",5.6747,kept,train,"5.67s in [5.0, 30.0]"
2792,./audio/2792.wav,./audio/ref_voice/alienkevin.wav,"Stay motivated, 保持動力，每日嘅工作要有熱情。",4.608,too_short,n/a,4.61s < 5.0
2793,./audio/2793.wav,./audio/ref_voice/alienkevin.wav,"Teamwork is key, 團隊合作非常重要，一齊共患難共享福。",6.699,kept,train,"6.70s in [5.0, 30.0]"
2794,./audio/2794.wav,./audio/ref_voice/alienkevin.wav,"Keep learning, 持續學習，唔好停止提升自己。",4.416,too_short,n/a,4.42s < 5.0
2795,./audio/2795.wav,./audio/ref_voice/alienkevin.wav,"Think outside the box, 創新思考，唔好做框框內嘅人。",5.0987,kept,train,"5.10s in [5.0, 30.0]"
2796,./audio/2796.wav,./audio/ref_voice/alienkevin.wav,"Take a break, 休息一下，做工唔好過度疲累。",4.4587,too_short,n/a,4.46s < 5.0
2797,./audio/2797.wav,./audio/ref_voice/alienkevin.wav,"Meet deadlines, 準時交工，守時贏得他人尊重。",5.6747,kept,train,"5.67s in [5.0, 30.0]"
2798,./audio/2798.wav,./audio/ref_voice/alienkevin.wav,"Adapt to changes, 適應變化，工作中唔好怕變。",5.8027,kept,eval,"5.80s in [5.0, 30.0]"
2799,./audio/2799.wav,./audio/ref_voice/alienkevin.wav,"Positive attitude, 保持積極態度，啲事都要看開。",5.76,kept,train,"5.76s in [5.0, 30.0]"
2800,./audio/2800.wav,./audio/ref_voice/alienkevin.wav,"Handle pressure, 處理壓力, 唔好讓壓力控制到你。",5.1414,kept,train,"5.14s in [5.0, 30.0]"
2801,./audio/2801.wav,./audio/ref_voice/alienkevin.wav,望住嗰片baby blue嘅天空，一片悠閑咁!,4.7787,too_short,n/a,4.78s < 5.0
2802,./audio/2802.wav,./audio/ref_voice/alienkevin.wav,Dat raindrop跌落落地，像玻璃珠咁shiny，真refreshing!,5.3974,kept,train,"5.40s in [5.0, 30.0]"
2803,./audio/2803.wav,./audio/ref_voice/alienkevin.wav,Humidity咁high，彷彿可以touch到青青嘅葉子，好舒服!,5.655,kept,train,"5.65s in [5.0, 30.0]"
2804,./audio/2804.wav,./audio/ref_voice/alienkevin.wav,Huge thunder 嗰啲rollin' sound，好震撼,5.4187,kept,train,"5.42s in [5.0, 30.0]"
2805,./audio/2805.wav,./audio/ref_voice/alienkevin.wav,Heavy snow 像被paint咗一層white，座城市變咗好淨潔。,7.6587,kept,train,"7.66s in [5.0, 30.0]"
2806,./audio/2806.wav,./audio/ref_voice/alienkevin.wav,個sun嘅光線shines through雲彩，空氣都deeper and crispier咁!,7.5947,kept,train,"7.59s in [5.0, 30.0]"
2807,./audio/2807.wav,./audio/ref_voice/alienkevin.wav,"Swell在海上搖擺，帶嚟一陣cool breeze，好comforting!"" ",7.0827,kept,eval,"7.08s in [5.0, 30.0]"
2808,./audio/2808.wav,./audio/ref_voice/alienkevin.wav,紅嘅sunset reflection在水面，畫出寧靜嘅景色，好迷人呢!,7.4667,kept,train,"7.47s in [5.0, 30.0]"
2809,./audio/2809.wav,./audio/ref_voice/alienkevin.wav,Weather咁good！雲朵肚鳴咗起嚟，準備rain again咁？,7.296,kept,train,"7.30s in [5.0, 30.0]"
2810,./audio/2810.wav,./audio/ref_voice/alienkevin.wav,Misty morning，sun rays silently peek through，一切都好神秘！,8.2774,kept,train,"8.28s in [5.0, 30.0]"
2811,./audio/2811.wav,./audio/ref_voice/alienkevin.wav,"Cold weather，白色嘅breath在air中飄揚，好趣味！"" ",6.72,kept,train,"6.72s in [5.0, 30.0]"
2812,./audio/2812.wav,./audio/ref_voice/alienkevin.wav,Bright sun照喺沙灘上，一片gold嘅paradise，好warm啊!,6.976,kept,eval,"6.98s in [5.0, 30.0]"
2813,./audio/2813.wav,./audio/ref_voice/alienkevin.wav,Windy day，樹葉迎風飄揚，聽落好calm and peaceful！,6.9547,kept,train,"6.95s in [5.0, 30.0]"
2814,./audio/2814.wav,./audio/ref_voice/alienkevin.wav,今早咗块cheese toastie放到厚咗厚咗嘅butter，激滑及香喺我口中melt，真係太爽了。,14.4,kept,train,"14.40s in [5.0, 30.0]"
2815,./audio/2815.wav,./audio/ref_voice/alienkevin.wav,最近我都鍾意飲detox water，自製好麻煩，就去咗supermarket買咗一大罐，好方便又健康。,11.2214,kept,eval,"11.22s in [5.0, 30.0]"
2816,./audio/2816.wav,./audio/ref_voice/alienkevin.wav,我鍾意嚟自家嘅roast chicken，石砬叉燒焗咗2啲鐘頭后，皮足嚟crispy，肉又juicy，好o既滋味真係無人可以勝過。,19.584,kept,train,"19.58s in [5.0, 30.0]"
2817,./audio/2817.wav,./audio/ref_voice/alienkevin.wav,我朋友帶我去咗一間新開嘅Italian restaurant，食咗個pasta，口感簡直al dente到巔峰，啲sauce係creamy嗰種，好好味。,15.2107,kept,train,"15.21s in [5.0, 30.0]"
2818,./audio/2818.wav,./audio/ref_voice/alienkevin.wav,"我喺Thai restaurant食咗個mango sticky rice, 啲糯米配上新鲜嘅芒果，oo嘅texture及甜度真係冇得輸。",14.4427,kept,train,"14.44s in [5.0, 30.0]"
2819,./audio/2819.wav,./audio/ref_voice/alienkevin.wav,有日我用instant pot煲咗碗hot pot，放咗dumplings又加咗蔬菜，熱呼呼嚟滋味充滿嘅湯嚟冬天飲真係爽。,13.8454,kept,train,"13.85s in [5.0, 30.0]"
2820,./audio/2820.wav,./audio/ref_voice/alienkevin.wav,"我上個月喺Instagram見到一個簡單嘅pancake recipe, 自己咪試下煎啦。出嚟嘅effect贏咗我去café飲嘅breakfast。",14.4214,kept,train,"14.42s in [5.0, 30.0]"
2821,./audio/2821.wav,./audio/ref_voice/alienkevin.wav,我自家製嘅avocado toast簡直冇得輸，新鮮嘅酪梨配上我特製嘅sour dough bread，每一口都vals嘅感覺。,15.3174,kept,train,"15.32s in [5.0, 30.0]"
2822,./audio/2822.wav,./audio/ref_voice/alienkevin.wav,我最近好掛住食taco，會喺weekend嗰陣去咗Mexican restaurant，啲烤肉配上fresh guacamole，好正。,10.2187,kept,train,"10.22s in [5.0, 30.0]"
2823,./audio/2823.wav,./audio/ref_voice/alienkevin.wav,我沉迷咗喺homemade burger，牛肉patty烤得好剛好，加咗cheese再配上啲bacon，一咬落去就oozes出來，太叻了！,14.4,kept,train,"14.40s in [5.0, 30.0]"
2824,./audio/2824.wav,./audio/ref_voice/alienkevin.wav,Sydney嘅Harbour Bridge上面有個場地讓你可以去進行climbing，哪個係一個超cool嘅experience。,11.2854,kept,train,"11.29s in [5.0, 30.0]"
2825,./audio/2825.wav,./audio/ref_voice/alienkevin.wav,如果你去過Netherlands，你就要去Keukenhof欣賞一下最漂亮嘅tulip花海，絕對系visual feast嘅極致。,12.4374,kept,train,"12.44s in [5.0, 30.0]"
2826,./audio/2826.wav,./audio/ref_voice/alienkevin.wav,Paris嘅Eiffel Tower喺夜晚嘅時候最美，燈光閃爍猶如一個巨大嘅crystal，令人流連忘返。,10.5814,kept,train,"10.58s in [5.0, 30.0]"
2827,./audio/2827.wav,./audio/ref_voice/alienkevin.wav,San Francisco嘅Golden Gate Bridge臨近sea，搭住海風、吹喺面上，真系极具relaxing嘅feel。,8.704,kept,train,"8.70s in [5.0, 30.0]"
2828,./audio/2828.wav,./audio/ref_voice/alienkevin.wav,去過Italy嘅Venice未？你一定要試試gondola ride，喺水城裏緩緩嘅滑動，享受一種unique嘅romance。,15.7227,kept,train,"15.72s in [5.0, 30.0]"
2829,./audio/2829.wav,./audio/ref_voice/alienkevin.wav,啱啱落機嘅時候，就會見到Las Vegas嘅neon light，而喺夜間造訪Strip，就會感受到一種unreal嘅splendor。,12.3094,kept,train,"12.31s in [5.0, 30.0]"
2830,./audio/2830.wav,./audio/ref_voice/alienkevin.wav,New York嘅Central Park喺秋天最美，金黄嘅loft影落湖上，整個景色好似一幅masterpiece。,10.0694,kept,train,"10.07s in [5.0, 30.0]"
2831,./audio/2831.wav,./audio/ref_voice/alienkevin.wav,遊覽Rome，千祈唔好錯過Colosseum，睇睇古羅馬嘅glory同brutality喺依度重現。,15.3814,kept,train,"15.38s in [5.0, 30.0]"
2832,./audio/2832.wav,./audio/ref_voice/alienkevin.wav,Thailand嘅Bangkok最吸引嘅就系佢嘅night market，係度你可以買到各種bargain，同一邊enjoy authentic Thai fo…,16.2347,kept,train,"16.23s in [5.0, 30.0]"
2833,./audio/2833.wav,./audio/ref_voice/alienkevin.wav,喺India旅行，一定要去Taj Mahal睇一睇，嗰度嘅architecture同design會讓人震撼得speechless。,10.7947,kept,eval,"10.79s in [5.0, 30.0]"
2834,./audio/2834.wav,./audio/ref_voice/alienkevin.wav,Spain嘅Barcelona嘅Sagrada Familia，就係一種brand new嘅perspective去understand咗Gaudi嘅geniu…,16.7254,kept,train,"16.73s in [5.0, 30.0]"
2835,./audio/2835.wav,./audio/ref_voice/alienkevin.wav,如果你彌足珍貴嘅旅行去Antarctica，你必定可以見到最wonderful嘅natural scenery，同埋一種incredible嘅wildlife。,14.871,kept,train,"14.87s in [5.0, 30.0]"
2836,./audio/2836.wav,./audio/ref_voice/alienkevin.wav,去過Bali未？去嗰邊你會有一個relaxing又enjoyable嘅beach vacation，享受一種獨特嘅tropical paradise。,12.5014,kept,train,"12.50s in [5.0, 30.0]"
2837,./audio/2837.wav,./audio/ref_voice/alienkevin.wav,喺Peru旅行，一定要努力去Machu Picchu睇一睇，搭住雲層去睇嗰個sunrise，就係一種breathtaking嘅experience。,13.312,kept,train,"13.31s in [5.0, 30.0]"
2838,./audio/2838.wav,./audio/ref_voice/alienkevin.wav,我最近喺Netflix上發現一部新嘅K-drama，叫做'Squid Game'，真係好intriguing，我整晚都睇到捨不得睡覺！,17.536,kept,train,"17.54s in [5.0, 30.0]"
2839,./audio/2839.wav,./audio/ref_voice/alienkevin.wav,喺我有時間嘅時候，我好鍾意去演唱會，特別係K-Pop concert，我覺得live performance比CD更有感覺，真係太exciting啦！,10.6667,kept,eval,"10.67s in [5.0, 30.0]"
2840,./audio/2840.wav,./audio/ref_voice/alienkevin.wav,我最近喺聽一個中文rap歌手叫GAI，他嘅lyrics寫得好深，同時帶有一種street culture嘅感覺，真係好cool!,11.7334,kept,train,"11.73s in [5.0, 30.0]"
2841,./audio/2841.wav,./audio/ref_voice/alienkevin.wav,我最近喺練習彈鋼琴，尤其係喜歡彈movie soundtrack，例如'La La Land'，我覺得音樂可以表達好多等我無法詮釋嘅情緒，真係very ther…,18.1547,kept,train,"18.15s in [5.0, 30.0]"
2842,./audio/2842.wav,./audio/ref_voice/alienkevin.wav,我最近發現一個新嘅美食節目叫做'Street Food: Asia'，每一集都令我嘅口水直流，同時都激發我的wanderlust，真系好期待下一次嘅food a…,16.7254,kept,train,"16.73s in [5.0, 30.0]"
2843,./audio/2843.wav,./audio/ref_voice/alienkevin.wav,我最近發現一個新嘅podcast叫做'Stuff You Should Know'，好喜歡佢哋講解一啲好interesting嘅topic，好似黑洞、UFO等等…,16.64,kept,train,"16.64s in [5.0, 30.0]"
2844,./audio/2844.wav,./audio/ref_voice/alienkevin.wav,我偶爾會喺YouTube上睇一啲stand-up comedy，好喜歡觀察佢哋咁clever咁用語言來帶出comedy效果，相當entertaining！,18.7307,kept,train,"18.73s in [5.0, 30.0]"
2845,./audio/2845.wav,./audio/ref_voice/alienkevin.wav,我最近喺玩一個叫做'Animal Crossing'嘅game，好快樂能夠創建我自己嘅小島，同時交一些新朋友，真系好relaxing！,12.8,kept,train,"12.80s in [5.0, 30.0]"
2846,./audio/2846.wav,./audio/ref_voice/alienkevin.wav,跑步唔单止可以增加你嘅endurance，同时仲可以improve你嘅cardiovascular health.,10.731,kept,train,"10.73s in [5.0, 30.0]"
2847,./audio/2847.wav,./audio/ref_voice/alienkevin.wav,玩篮球可以提升你嘅agility，同时都能加强你嘅teamwork skills.,8.4694,kept,train,"8.47s in [5.0, 30.0]"
2848,./audio/2848.wav,./audio/ref_voice/alienkevin.wav,学习拳击可以增加你嘅self-defense skills，同时可以帮助你boost你嘅confidence.,8.32,kept,train,"8.32s in [5.0, 30.0]"
2849,./audio/2849.wav,./audio/ref_voice/alienkevin.wav,游泳不仅可以增强你嘅lung capacity，同时亦可以improve你整个body嘅strength.,10.1334,kept,train,"10.13s in [5.0, 30.0]"
2850,./audio/2850.wav,./audio/ref_voice/alienkevin.wav,打羽毛球可以提高你嘅hand-eye coordination，同时仲可以增加你嘅speed.,9.92,kept,train,"9.92s in [5.0, 30.0]"
2851,./audio/2851.wav,./audio/ref_voice/alienkevin.wav,练习跳舞不只可以improve你嘅flexibility同balance，同時仲可以讓你享受到express自己嘅fun.,14.2507,kept,train,"14.25s in [5.0, 30.0]"
2852,./audio/2852.wav,./audio/ref_voice/alienkevin.wav,"射箭可以增强你嘅focus香港力，同时亦可增加你嘅upper body strength."" ",10.6667,kept,train,"10.67s in [5.0, 30.0]"
2853,./audio/2853.wav,./audio/ref_voice/alienkevin.wav,做太极可以增加你嘅mindfulness，同时亦有助于improve你嘅posture.,10.7094,kept,train,"10.71s in [5.0, 30.0]"
2854,./audio/2854.wav,./audio/ref_voice/alienkevin.wav,玩足球无论係提升你嘅stamina定防守技巧都有好大好处，同时打球仲可以讓你提升到teamwork姿態.,13.5254,kept,train,"13.53s in [5.0, 30.0]"
2855,./audio/2855.wav,./audio/ref_voice/alienkevin.wav,爬山唔只可以讓你接觸大自然，同时仲可以improve你的cardiovascular fitness.,8.512,kept,eval,"8.51s in [5.0, 30.0]"
2856,./audio/2856.wav,./audio/ref_voice/alienkevin.wav,香港嘅housing crisis仍然未有解決，政府需要implement更有效嘅housing policies來保障市民嘅住屋权益。,15.296,kept,train,"15.30s in [5.0, 30.0]"
2857,./audio/2857.wav,./audio/ref_voice/alienkevin.wav,觀塘新嘅infrastructure project能夠stimulate本地嘅經濟，但係我哋要consider佢嘅social impacts同埋對周邊居民嘅…,19.392,kept,train,"19.39s in [5.0, 30.0]"
2858,./audio/2858.wav,./audio/ref_voice/alienkevin.wav,香港嘅youth unemployment率持續上升，我哋需要加強職業training同埋提供更多job opportunities去幫助年輕人。,11.712,kept,train,"11.71s in [5.0, 30.0]"
2859,./audio/2859.wav,./audio/ref_voice/alienkevin.wav,香港嘅education system需要進行改革，特別係reduce學生嘅學習壓力，同時提升creative thinking同埋problem solvin…,14.1654,kept,train,"14.17s in [5.0, 30.0]"
2860,./audio/2860.wav,./audio/ref_voice/alienkevin.wav,政府應該increase投資去support本地嘅arts and culture scene，以推動creative industries嘅發展。,13.568,kept,train,"13.57s in [5.0, 30.0]"
2861,./audio/2861.wav,./audio/ref_voice/alienkevin.wav,香港嘅public healthcare sector面對嚴重嘅overcrowding問題，需要更有效嘅resource allocation來改善這個狀況。,17.024,kept,train,"17.02s in [5.0, 30.0]"
2862,./audio/2862.wav,./audio/ref_voice/alienkevin.wav,香港嘅retail industry受到疫情影響嚴重，政府需要提供relevant financial support去挽救嚴重受影響嘅小型企業。,13.5894,kept,train,"13.59s in [5.0, 30.0]"
2863,./audio/2863.wav,./audio/ref_voice/alienkevin.wav,香港繁華嘅night-life culture因為疫情而受到嚴重打擊，需要政府重視並且取得平衡嘅pandemic measures。,12.352,kept,train,"12.35s in [5.0, 30.0]"
2864,./audio/2864.wav,./audio/ref_voice/alienkevin.wav,香港嘅financial market面對外國嘅行政制裁壓力，但係我哋嘅政府必須maintain咁樣嘅financial stability並且保護投資者嘅權益…,13.9734,kept,train,"13.97s in [5.0, 30.0]"
2865,./audio/2865.wav,./audio/ref_voice/alienkevin.wav,疫情讓我哋見證到香港嘅community spirit，無數義工團體提供support給需要幫助嘅人士，展示出咁樣嘅solidarity精神。,11.904,kept,train,"11.90s in [5.0, 30.0]"
2866,./audio/2866.wav,./audio/ref_voice/alienkevin.wav,我最喜愛去Mong Kok既Ladies' Market，可以搵到好平既streetwear，仲有好多身邊的小寶物。,11.392,kept,train,"11.39s in [5.0, 30.0]"
2867,./audio/2867.wav,./audio/ref_voice/alienkevin.wav,If你想買一D high-end fashion items，Tsim Sha Tsui既Harbour City絕對係你的首選，度有好多luxury bran…,11.584,kept,train,"11.58s in [5.0, 30.0]"
2868,./audio/2868.wav,./audio/ref_voice/alienkevin.wav,我好鍾意去Admiral既Pacific Place，呢度既shopping environment好舒服，有好多upscale brands你揀。,14.272,kept,train,"14.27s in [5.0, 30.0]"
2869,./audio/2869.wav,./audio/ref_voice/alienkevin.wav,K11 Art Mall就好適合喜歡boutique shopping既你，喺度你可以搵到好多獨立designer既作品，真係好有藝術感。,14.763,kept,train,"14.76s in [5.0, 30.0]"
2870,./audio/2870.wav,./audio/ref_voice/alienkevin.wav,唔好錯過去Central既IFC Mall，呢度好modern，仲有好多international fashion brands。,8.4907,kept,train,"8.49s in [5.0, 30.0]"
2871,./audio/2871.wav,./audio/ref_voice/alienkevin.wav,Festival Walk 喺Kowloon Tong就提供咗一個all-in-one shopping experience，埋食埋買應有盡有。,12.9707,kept,train,"12.97s in [5.0, 30.0]"
2872,./audio/2872.wav,./audio/ref_voice/alienkevin.wav,Citygate Outlets喺Tung Chung就係outlet shopping的best choice，有好多brands折扣力度都好大。,10.7947,kept,train,"10.79s in [5.0, 30.0]"
2873,./audio/2873.wav,./audio/ref_voice/alienkevin.wav,Stanley Market就適合去搵一啲souvenirs，亦可以體驗一下香港既local culture。,9.3654,kept,train,"9.37s in [5.0, 30.0]"
2874,./audio/2874.wav,./audio/ref_voice/alienkevin.wav,我好喜歡去Wan Chai既The Lee Tung Avenue shopping，度有好多specialty shops，仲可以行行下既outdoor sh…,21.3974,kept,eval,"21.40s in [5.0, 30.0]"
2875,./audio/2875.wav,./audio/ref_voice/alienkevin.wav,Hysan Place 喺Causeway Bay就係teenagers最愛去既地方，有好多fashionable既fast fashion brands。,10.9014,kept,train,"10.90s in [5.0, 30.0]"
2876,./audio/2876.wav,./audio/ref_voice/alienkevin.wav,學習唔係一時嘅事，紮實build up你嘅knowledge base係最重要。,9.152,kept,eval,"9.15s in [5.0, 30.0]"
2877,./audio/2877.wav,./audio/ref_voice/alienkevin.wav,唔好怕fail，每次mistake都係學習嘅一部份，把握住學習機會做好自己。,6.5067,kept,train,"6.51s in [5.0, 30.0]"
2878,./audio/2878.wav,./audio/ref_voice/alienkevin.wav,唔好focus喺grade上面，理解材料並善用佢喺生活中更為重要。,7.488,kept,train,"7.49s in [5.0, 30.0]"
2879,./audio/2879.wav,./audio/ref_voice/alienkevin.wav,"記得常常pause, review同recap所學，咁樣先可以持久保持學習passion。",6.8694,kept,train,"6.87s in [5.0, 30.0]"
2880,./audio/2880.wav,./audio/ref_voice/alienkevin.wav,如果覺得學習有啲overwhelming，記住take breaks同keep a healthy lifestyle，身心健康先能成就好成績。,10.6027,kept,eval,"10.60s in [5.0, 30.0]"
2881,./audio/2881.wav,./audio/ref_voice/alienkevin.wav,"學習唔應該只系follow textbook, 嘗試創新思考，think outside the box，咁可以更好地理解同掌握知識。",9.111,kept,train,"9.11s in [5.0, 30.0]"
2882,./audio/2882.wav,./audio/ref_voice/alienkevin.wav,享受學習過程，唔係單單focus喺result。cultivate a love of learning，程序同過程都會變得有趣。,11.0934,kept,train,"11.09s in [5.0, 30.0]"
2883,./audio/2883.wav,./audio/ref_voice/alienkevin.wav,"總結同檢討學習經驗，唔好怕face你嘅weakness, 反而要努力提高並將之轉化為你嘅strength。",10.263,kept,train,"10.26s in [5.0, 30.0]"
2884,./audio/2884.wav,./audio/ref_voice/alienkevin.wav,不斷追求自我improvement，apply所學喺daily life，每日都有新嘅發現同成長。,8.8107,kept,train,"8.81s in [5.0, 30.0]"
2885,./audio/2885.wav,./audio/ref_voice/alienkevin.wav,"Remember to multitask, 记住要分身乏术，唔可以搞到自己手忙脚乱。",6.8694,kept,train,"6.87s in [5.0, 30.0]"
2886,./audio/2886.wav,./audio/ref_voice/alienkevin.wav,"Stay organized, 保持整齐，做嘢要有秩序性。",5.079,kept,train,"5.08s in [5.0, 30.0]"
2887,./audio/2887.wav,./audio/ref_voice/alienkevin.wav,"Time is money, 时间就是金钱，准时上班唔可以迟到早退。",4.8427,too_short,n/a,4.84s < 5.0
2888,./audio/2888.wav,./audio/ref_voice/alienkevin.wav,"Finish what you start, 开始咗就要完成，做人唔可以三心二意。",5.655,kept,train,"5.65s in [5.0, 30.0]"
2889,./audio/2889.wav,./audio/ref_voice/alienkevin.wav,"Keep calm and carry on, 保持冷静，遇到困难唔好慌张。",5.44,kept,eval,"5.44s in [5.0, 30.0]"
2890,./audio/2890.wav,./audio/ref_voice/alienkevin.wav,"Never stop learning, 永远学无止境，提升自己始终重要。",7.232,kept,train,"7.23s in [5.0, 30.0]"
2891,./audio/2891.wav,./audio/ref_voice/alienkevin.wav,"Quality over quantity, 质量比数量重要，做嘢唔可以只求速度唔求质量。",8.2347,kept,train,"8.23s in [5.0, 30.0]"
2892,./audio/2892.wav,./audio/ref_voice/alienkevin.wav,"Don't be a workaholic, 唔好做工迷, 关住健康最重要。",7.7867,kept,eval,"7.79s in [5.0, 30.0]"
2893,./audio/2893.wav,./audio/ref_voice/alienkevin.wav,"Be proactive, 主动就是王道，等待机会唔如创造机会。",7.1254,kept,train,"7.13s in [5.0, 30.0]"
2894,./audio/2894.wav,./audio/ref_voice/alienkevin.wav,"Work smarter, not harder, 做嘢要用脑，唔好傻劲拼。",5.952,kept,train,"5.95s in [5.0, 30.0]"
2895,./audio/2895.wav,./audio/ref_voice/alienkevin.wav,今天air咁濕搞到氣氛well厭,4.288,too_short,n/a,4.29s < 5.0
2896,./audio/2896.wav,./audio/ref_voice/alienkevin.wav,Sky有小小cloudy，咪talkin’雨可能嚟咁？,5.3974,kept,train,"5.40s in [5.0, 30.0]"
2897,./audio/2897.wav,./audio/ref_voice/alienkevin.wav,The wind咁吹！有点chill刮到我又冷又赞咁!,4.736,too_short,n/a,4.74s < 5.0
2898,./audio/2898.wav,./audio/ref_voice/alienkevin.wav,今日de weather 天氣真係好漂亮啊!,4.0107,too_short,n/a,4.01s < 5.0
2899,./audio/2899.wav,./audio/ref_voice/alienkevin.wav,Sun好大啊，真係hot到我要熱死咁！,4.288,too_short,n/a,4.29s < 5.0
2900,./audio/2900.wav,./audio/ref_voice/alienkevin.wav,瞪瞪有darks clouds，好似要rain下嚟咁！,4.9067,too_short,n/a,4.91s < 5.0
2901,./audio/2901.wav,./audio/ref_voice/alienkevin.wav,"Weather forecast話有strong winds, 出門記得帶umbrella。",5.4614,kept,train,"5.46s in [5.0, 30.0]"
2902,./audio/2902.wav,./audio/ref_voice/alienkevin.wav,雪花dancing in the sky，好美las！,4.5227,too_short,n/a,4.52s < 5.0
2903,./audio/2903.wav,./audio/ref_voice/alienkevin.wav,今日温度將drop down，記得帶jacket出門！,4.9067,too_short,n/a,4.91s < 5.0
2904,./audio/2904.wav,./audio/ref_voice/alienkevin.wav,Tonight有big moon，very romantic噃！,4.7787,too_short,n/a,4.78s < 5.0
2905,./audio/2905.wav,./audio/ref_voice/alienkevin.wav,Heavy rain警告，做足预备！,3.9467,too_short,n/a,3.95s < 5.0
2906,./audio/2906.wav,./audio/ref_voice/alienkevin.wav,"'""昨日我同朋友去咗一間新開嘅cafe，嗰度嘅coffee同pastry真係一流，我俾五星評價。""'",9.1734,kept,train,"9.17s in [5.0, 30.0]"
2907,./audio/2907.wav,./audio/ref_voice/alienkevin.wav,"'""我今日lunch食咗一份sushi，配哈蜜瓜juice，飲食健康始終最重要。""'",7.851,kept,train,"7.85s in [5.0, 30.0]"
2908,./audio/2908.wav,./audio/ref_voice/alienkevin.wav,"'""今晚我諗煮嗰個vegan攪掂嘅spaghetti，加少少胡椒同lemon，味道輕鬆又爽口。""'",9.8987,kept,train,"9.90s in [5.0, 30.0]"
2909,./audio/2909.wav,./audio/ref_voice/alienkevin.wav,"'""我見到一個recipe教點整matcha pancake，我試吓整，做完又拍張photo上載到instagram，真係兼具味道同美感。""'",10.624,kept,train,"10.62s in [5.0, 30.0]"
2910,./audio/2910.wav,./audio/ref_voice/alienkevin.wav,"'""冬天最愛一碗hot soup，用緊crockpot煲嘅豬骨湯，加咗蘿蔔同紅蘿蔔，好滋補。""'",8.1707,kept,train,"8.17s in [5.0, 30.0]"
2911,./audio/2911.wav,./audio/ref_voice/alienkevin.wav,"'""昨晚家陣我整咗啲chocolate chip cookies，餅乾脆口外加啲朱古力碎片，好過癮呀。""'",10.2187,kept,train,"10.22s in [5.0, 30.0]"
2912,./audio/2912.wav,./audio/ref_voice/alienkevin.wav,"'""我岩岩lunch食完一個bagel，搽咗cream cheese同smoked salmon，鹹香開胃。""'",7.6374,kept,train,"7.64s in [5.0, 30.0]"
2913,./audio/2913.wav,./audio/ref_voice/alienkevin.wav,"'""最近我真係鍾意食italian food，晚餐我諗煮個carbonara，加啲parsley，味道滿分。""'",12.5227,kept,train,"12.52s in [5.0, 30.0]"
2914,./audio/2914.wav,./audio/ref_voice/alienkevin.wav,"'""今日breakfast有啲特別，我整咗粟米片加藍莓同almond milk，配杯orange juice，都算是豐富同健康。""' ",11.883,kept,train,"11.88s in [5.0, 30.0]"
2915,./audio/2915.wav,./audio/ref_voice/alienkevin.wav,"'""晚餐想食啲輕食，我整咗salad，有baby spinach, cherry tomatoes, feta cheese同olive oil，營養又低卡。""…",11.8187,kept,train,"11.82s in [5.0, 30.0]"
2916,./audio/2916.wav,./audio/ref_voice/alienkevin.wav,Tokyo嘅Shibuya正就系犹如New York嘅Times Square，一直鬧到唔得喇。,10.6667,kept,train,"10.67s in [5.0, 30.0]"
2917,./audio/2917.wav,./audio/ref_voice/alienkevin.wav,"Paris嘅Eiffel Tower, 係在夜晚時變得更加迷人，氣氛好romantic嘅.",8.8747,kept,train,"8.87s in [5.0, 30.0]"
2918,./audio/2918.wav,./audio/ref_voice/alienkevin.wav,London嘅Big Ben鐘聲響起嚟，會俾人有種被時間left behind嘅feel.,9.5147,kept,eval,"9.51s in [5.0, 30.0]"
2919,./audio/2919.wav,./audio/ref_voice/alienkevin.wav,New York嘅Central Park，可以好享受到nature嘅感覺，係city中嘅一個oasis.,7.872,kept,train,"7.87s in [5.0, 30.0]"
2920,./audio/2920.wav,./audio/ref_voice/alienkevin.wav,Hawaii嘅beaches以佢嘅sunset最為出名，极好嘅relaxation地點.,9.92,kept,train,"9.92s in [5.0, 30.0]"
2921,./audio/2921.wav,./audio/ref_voice/alienkevin.wav,Venice嘅gondola唔止係浪漫，仲可以俾你感受到當地authentic嘅culture.,11.3707,kept,train,"11.37s in [5.0, 30.0]"
2922,./audio/2922.wav,./audio/ref_voice/alienkevin.wav,Rome嘅Colosseum，使人可以回到romans嘅歷史中，一個好fascinating嘅地方.,15.04,kept,train,"15.04s in [5.0, 30.0]"
2923,./audio/2923.wav,./audio/ref_voice/alienkevin.wav,Beijing嘅Great Wall，好impressive嘅建築，每一塊brick都充滿咗歷史嘅故事。,9.7067,kept,train,"9.71s in [5.0, 30.0]"
2924,./audio/2924.wav,./audio/ref_voice/alienkevin.wav,Florida嘅Disney World系每個kid嘅dream，無論大細都會enjoy佢嘅fun嘅氣氛。,10.944,kept,train,"10.94s in [5.0, 30.0]"
2925,./audio/2925.wav,./audio/ref_voice/alienkevin.wav,"Bali嘅beaches，只需穿上你嘅swimwear, 就可以喺度全日relax咁享受太陽嘅暖光。",10.0907,kept,train,"10.09s in [5.0, 30.0]"
2926,./audio/2926.wav,./audio/ref_voice/alienkevin.wav,Moscow嘅Red Square，感受下那種imposing嘅氣氛，歷史同權力嘅象徵。,11.5414,kept,train,"11.54s in [5.0, 30.0]"
2927,./audio/2927.wav,./audio/ref_voice/alienkevin.wav,"我真係鍾意睇science fiction movie,例如嘅'The Matrix' 或者 'Inception',佢哋嘅storyline超過現實之嘅可能，…",18.56,kept,train,"18.56s in [5.0, 30.0]"
2928,./audio/2928.wav,./audio/ref_voice/alienkevin.wav,"我最近喺追一個英劇名叫 'The Crown', 度嘅historical events果然再真實都有dramatized，係好entertaining又能學到…",18.8587,kept,train,"18.86s in [5.0, 30.0]"
2929,./audio/2929.wav,./audio/ref_voice/alienkevin.wav,"每次我有空時間我都會去walk in exhibition, 覺得藝術係一種能夠inspire我嘅興趣，可以看到好多用藝術去思考問題嘅可能性，absolutel…",15.0614,kept,train,"15.06s in [5.0, 30.0]"
2930,./audio/2930.wav,./audio/ref_voice/alienkevin.wav,"我有時會玩一d video game，例如'Minecraft' 或者 'Among Us', 係能與朋友玩到一齊，大家有teamwork、有strategy、…",10.5174,kept,train,"10.52s in [5.0, 30.0]"
2931,./audio/2931.wav,./audio/ref_voice/alienkevin.wav,我平時好鍾意幫朋友影相，攝影對我黎講係一個creative outlet，可以透過鏡頭capture down我所見所感，係好有personal touch嘅娛…,12.1387,kept,train,"12.14s in [5.0, 30.0]"
2932,./audio/2932.wav,./audio/ref_voice/alienkevin.wav,近排加入咗一個book club，兩三個星期就會和朋友一齊share我哋所讀嘅書，可以看到好多唔同角度去理解同一部書，呢種intellectual exchan…,18.56,kept,train,"18.56s in [5.0, 30.0]"
2933,./audio/2933.wav,./audio/ref_voice/alienkevin.wav,跑马拉松可以增加你嘅stamina，同时重可以提高你嘅heart health。,5.3334,kept,train,"5.33s in [5.0, 30.0]"
2934,./audio/2934.wav,./audio/ref_voice/alienkevin.wav,做瑜伽可以改善你嘅flexibility，同时仲可以增强你嘅balance。,6.3787,kept,eval,"6.38s in [5.0, 30.0]"
2935,./audio/2935.wav,./audio/ref_voice/alienkevin.wav,玩足球可以提升你嘅endurance，同时都能强化你嘅teamwork。,8.7894,kept,train,"8.79s in [5.0, 30.0]"
2936,./audio/2936.wav,./audio/ref_voice/alienkevin.wav,潜水可以增加你嘅lung capacity，同时都可以提高你嘅swimming skills。,7.1467,kept,eval,"7.15s in [5.0, 30.0]"
2937,./audio/2937.wav,./audio/ref_voice/alienkevin.wav,跳舞可以提昇你嘅body awareness，同时仲可以增进你嘅coordination。,7.851,kept,train,"7.85s in [5.0, 30.0]"
2938,./audio/2938.wav,./audio/ref_voice/alienkevin.wav,骑自行车可以增强你嘅leg strength，同时重可以帮你提高endurance。,7.1894,kept,eval,"7.19s in [5.0, 30.0]"
2939,./audio/2939.wav,./audio/ref_voice/alienkevin.wav,打乒乓球可以增加你嘅focus，同时仲可以提高你嘅reaction time。,6.3787,kept,train,"6.38s in [5.0, 30.0]"
2940,./audio/2940.wav,./audio/ref_voice/alienkevin.wav,做泰拳可以增加你嘅power，同时重可以提升你嘅self-defense skills。,7.616,kept,train,"7.62s in [5.0, 30.0]"
2941,./audio/2941.wav,./audio/ref_voice/alienkevin.wav,去gym锻炼可以强化你嘅muscular strength，同时仲可以增強你嘅stamina。,8.2134,kept,train,"8.21s in [5.0, 30.0]"
2942,./audio/2942.wav,./audio/ref_voice/alienkevin.wav,做有氧运动可以提升你嘅cardiovascular health，同时都可以帮你控制weight。,8.0,kept,eval,"8.00s in [5.0, 30.0]"
2943,./audio/2943.wav,./audio/ref_voice/alienkevin.wav,由於新冠病毒嘅影響，香港嘅unemployment rate已經上升到record high，政府需要提供更多嘅financial assistance去支援影…,13.719,kept,train,"13.72s in [5.0, 30.0]"
2944,./audio/2944.wav,./audio/ref_voice/alienkevin.wav,香港嘅housing problem長期未解決，我哋要adopt innovative solutions，例如建立micro-apartments或者以pre…,18.0907,kept,train,"18.09s in [5.0, 30.0]"
2945,./audio/2945.wav,./audio/ref_voice/alienkevin.wav,香港AJ1 sneaker resell market嘅sales去年爆升，但係有人擔心disruptive technologies，例如blockchain…,14.6347,kept,train,"14.63s in [5.0, 30.0]"
2946,./audio/2946.wav,./audio/ref_voice/alienkevin.wav,大學GIN ranking除咗俾學生揀學校有另一個方向，卻嚴重impact香港學生苦讀嘅future。,10.9867,kept,train,"10.99s in [5.0, 30.0]"
2947,./audio/2947.wav,./audio/ref_voice/alienkevin.wav,香港嘅public transportation system係全球一流嘅，但係我哋仍然需要尋求sustainable alternatives去減輕空氣污染嘅…,15.3814,kept,train,"15.38s in [5.0, 30.0]"
2948,./audio/2948.wav,./audio/ref_voice/alienkevin.wav,本地嘅startup ecosystem日漸發展，政府應該加強投資以attract國際嘅venture capital進一步刺激經濟成長。,16.599,kept,train,"16.60s in [5.0, 30.0]"
2949,./audio/2949.wav,./audio/ref_voice/alienkevin.wav,香港人嘅high pressure lifestyle經常引發mental health issues，我哋要提高警覺，並俾予適當嘅support。,10.7734,kept,eval,"10.77s in [5.0, 30.0]"
2950,./audio/2950.wav,./audio/ref_voice/alienkevin.wav,國際間對中國嘅trade war已經對香港造成pressure，政府必須尋找ways to mitigate這種影響，譬如進一步開放市場並加強與其他國家嘅eco…,21.7387,kept,train,"21.74s in [5.0, 30.0]"
2951,./audio/2951.wav,./audio/ref_voice/alienkevin.wav,香港嘅語言教育需要有所改革，在maintain廣東話傳統嘅同時，應加重英語及普通話嘅教學，以增強我哋面對國際競爭嘅能力。,13.12,kept,train,"13.12s in [5.0, 30.0]"
2952,./audio/2952.wav,./audio/ref_voice/alienkevin.wav,由於online shopping嘅大受歡迎，朝早嘅retail industry面臨巨大嘅challenges，政府需要提供更多嘅resources去幫助實體…,16.32,kept,train,"16.32s in [5.0, 30.0]"
2953,./audio/2953.wav,./audio/ref_voice/alienkevin.wav,如果你鍾意art and crafts嘅話，唔好忘記去搵一搵PMQ，度度有本地設計師既original creations。,14.1654,kept,train,"14.17s in [5.0, 30.0]"
2954,./audio/2954.wav,./audio/ref_voice/alienkevin.wav,想買designer clothes嘅話，就快啲去Causeway Bay既Fashion Walk喇，一定幫到你。,9.472,kept,train,"9.47s in [5.0, 30.0]"
2955,./audio/2955.wav,./audio/ref_voice/alienkevin.wav,Hysan Place內面好多high-end brands， 亦有美食讓你一次過shopping之餘，亦以品嚐美食。,11.392,kept,eval,"11.39s in [5.0, 30.0]"
2956,./audio/2956.wav,./audio/ref_voice/alienkevin.wav,喺元朗大棠路既Yuen Long Plaza，你一定可以淘到買本地同埋韓日既流行產品。,9.28,kept,eval,"9.28s in [5.0, 30.0]"
2957,./audio/2957.wav,./audio/ref_voice/alienkevin.wav,反方向去Kowloon嘅話，唔好錯過去Tsim Sha Tsui既Harbour City，超過700個商店，一定可以滿足你既購物慾望。,12.096,kept,eval,"12.10s in [5.0, 30.0]"
2958,./audio/2958.wav,./audio/ref_voice/alienkevin.wav,喜歡antiques嘅話，然後你可以去Hollywood Road嘅Cat Street，有一大堆vintage既東西等你揀。,11.52,kept,train,"11.52s in [5.0, 30.0]"
2959,./audio/2959.wav,./audio/ref_voice/alienkevin.wav,小店大細唔好意思，去Mong Kok既Sneaker Street，你一定買到你最愛既sneakers。,11.2,kept,train,"11.20s in [5.0, 30.0]"
2960,./audio/2960.wav,./audio/ref_voice/alienkevin.wav,好似話聽日Weather Forecast話會有thunderstorm，記得帶鎂肺啊！,7.872,kept,train,"7.87s in [5.0, 30.0]"
2961,./audio/2961.wav,./audio/ref_voice/alienkevin.wav,發現自己沉醉在夜晚de starry sky，香港嘅城市天際線真係有種獨特美感。,9.579,kept,train,"9.58s in [5.0, 30.0]"
2962,./audio/2962.wav,./audio/ref_voice/alienkevin.wav,過馬路小心啊，啲black ice非常slippery，唔想整親self-injury呀！,8.0427,kept,train,"8.04s in [5.0, 30.0]"
2963,./audio/2963.wav,./audio/ref_voice/alienkevin.wav,華氏或攝氏，你鍾意點樣read溫度？暫時我係低溫20度，相等於華氏有68度。,8.1707,kept,train,"8.17s in [5.0, 30.0]"
2964,./audio/2964.wav,./audio/ref_voice/alienkevin.wav,帶住雨傘出門，唔好畀unexpected的heavy rain弄濕衫喇！,5.8454,kept,train,"5.85s in [5.0, 30.0]"
2965,./audio/2965.wav,./audio/ref_voice/alienkevin.wav,聽導播話，今晚可能有fog，開車的朋友請放慢速度喇！,6.0374,kept,train,"6.04s in [5.0, 30.0]"
2966,./audio/2966.wav,./audio/ref_voice/alienkevin.wav,聽日de日出大約morning 6點半，記得早啲起身去運動啦！,6.699,kept,train,"6.70s in [5.0, 30.0]"
2967,./audio/2967.wav,./audio/ref_voice/alienkevin.wav,"今晚de moon 係full moon, 好適合一家人一齊去海邊散步喇！",5.76,kept,train,"5.76s in [5.0, 30.0]"
2968,./audio/2968.wav,./audio/ref_voice/alienkevin.wav,經過連續幾日嘅heavy rain之後，今日終於見到clear sky，真係好舒坦啊！,6.7414,kept,train,"6.74s in [5.0, 30.0]"
2969,./audio/2969.wav,./audio/ref_voice/alienkevin.wav,天氣突然熱到攝氏30度以上，大家要注意防暑，鍾意喝＄5的iced lemon tea啦！,10.5814,kept,train,"10.58s in [5.0, 30.0]"
2970,./audio/2970.wav,./audio/ref_voice/alienkevin.wav,今晚我喺家煮咗啲spaghetti bolognese，用咗好多香草同番茄醬，味道真係太棒啦。,10.624,kept,train,"10.62s in [5.0, 30.0]"
2971,./audio/2971.wav,./audio/ref_voice/alienkevin.wav,昨日我同朋友去咗一間日本料理，食咗個sashimi set同tempura，好正呀。,9.111,kept,train,"9.11s in [5.0, 30.0]"
2972,./audio/2972.wav,./audio/ref_voice/alienkevin.wav,我媽媽煮嘅dumpling soup好美味，特別嘅係嗰個清湯同香蔥，好warm呀。,7.0614,kept,train,"7.06s in [5.0, 30.0]"
2973,./audio/2973.wav,./audio/ref_voice/alienkevin.wav,跟住個pasta salad，加入咗啲olive oil、cherry tomatoes同fresh basil，份量好足，好滿足。,12.3947,kept,train,"12.39s in [5.0, 30.0]"
2974,./audio/2974.wav,./audio/ref_voice/alienkevin.wav,有時候我會自己整啲pancakes，搽啲maple syrup同放啲芒果塊在上面，味道咁rich，超級解饞。,13.5894,kept,train,"13.59s in [5.0, 30.0]"
2975,./audio/2975.wav,./audio/ref_voice/alienkevin.wav,去韓國餐廳試咗啲kimchi fried rice，配埋嗰滑蛋，食完就知好過癮呀。,5.952,kept,train,"5.95s in [5.0, 30.0]"
2976,./audio/2976.wav,./audio/ref_voice/alienkevin.wav,最愛為朋友整brownies，外層烤得crunchy，入面卻好gooey，完全係甜品人嘅favourite。,13.248,kept,train,"13.25s in [5.0, 30.0]"
2977,./audio/2977.wav,./audio/ref_voice/alienkevin.wav,"我喺台灣小吃街食咗個pineapple bun，上面有個厚實嘅butter，一咬落去就瞓得出嚟，真係good choice。"" ",10.9654,kept,train,"10.97s in [5.0, 30.0]"
2978,./audio/2978.wav,./audio/ref_voice/alienkevin.wav,昨日我煮咗個roast beef，inspiration嚟自我最愛嘅英國餐館，家陣都會自己整，好Steam上面嘅mashed potato同vegetables…,11.6054,kept,train,"11.61s in [5.0, 30.0]"
2979,./audio/2979.wav,./audio/ref_voice/alienkevin.wav,朋友帶住去試咗間新嘅越南餐廳，食咗個pho同spring rolls，相當好味同refreshing。,9.2587,kept,train,"9.26s in [5.0, 30.0]"
2980,./audio/2980.wav,./audio/ref_voice/alienkevin.wav,Paris嘅Eiffel Tower係咁iconic，無論係日夜都洋溢著濃濃嘅romantic氣氛.,8.0854,kept,train,"8.09s in [5.0, 30.0]"
2981,./audio/2981.wav,./audio/ref_voice/alienkevin.wav,"Boston嘅Harvard University會俾你感受到强烈嘅academic气氛, 而且仲有好多historic嘅building去參觀."" ",9.984,kept,train,"9.98s in [5.0, 30.0]"
2982,./audio/2982.wav,./audio/ref_voice/alienkevin.wav,Singapore嘅Marina Bay Sands旁邊嘅Gardens by the Bay喺晚上真係超美，燈光show真係一級棒.,11.883,kept,train,"11.88s in [5.0, 30.0]"
2983,./audio/2983.wav,./audio/ref_voice/alienkevin.wav,Rome嘅Colosseum可以讓你感受到古羅馬嘅glory，可以imagine當年gladiators嘅热血场面.,16.64,kept,train,"16.64s in [5.0, 30.0]"
2984,./audio/2984.wav,./audio/ref_voice/alienkevin.wav,New York嘅Times Square喺夜晚嘅neon lights可以令你感受到城市嘅energy.,6.9974,kept,train,"7.00s in [5.0, 30.0]"
2985,./audio/2985.wav,./audio/ref_voice/alienkevin.wav,"Tokyo嘅Sakura喺春天嘅時候blossom，真係好romantic, 仲可以体验当地picnic嘅culture.",8.8107,kept,train,"8.81s in [5.0, 30.0]"
2986,./audio/2986.wav,./audio/ref_voice/alienkevin.wav,Australia嘅Great Barrier Reef係個natural wonder，喺度可以见到好多colorful嘅corals 同海洋生物.,10.7734,kept,train,"10.77s in [5.0, 30.0]"
2987,./audio/2987.wav,./audio/ref_voice/alienkevin.wav,Bali嘅Ubud對於喜愛nature同art嘅你會感到非常喜歡，嗰度嘅green rice terraces同traditional嘅art作品令人impre…,14.763,kept,train,"14.76s in [5.0, 30.0]"
2988,./audio/2988.wav,./audio/ref_voice/alienkevin.wav,Dubai嘅Burj Khalifa喺頂端視野好廣，可以見到整個city嘅skyline.,10.7734,kept,train,"10.77s in [5.0, 30.0]"
2989,./audio/2989.wav,./audio/ref_voice/alienkevin.wav,Egypt嘅Pyramids凭借著其壮观嘅structure 同深厚嘅history，真係令人震撼.,10.3254,kept,train,"10.33s in [5.0, 30.0]"
2990,./audio/2990.wav,./audio/ref_voice/alienkevin.wav,我鐘意睇嘅美劇有'Friends'同埋'Breaking Bad'，我覺得佢哋嘅character development非常完整，well written！,7.488,kept,train,"7.49s in [5.0, 30.0]"
2991,./audio/2991.wav,./audio/ref_voice/alienkevin.wav,我最近喺YouTube睇到個cover嘅歌曲，唱得真係好好聽，我現實生活都會keep on repeat嘅，非常catchy!,10.624,kept,train,"10.62s in [5.0, 30.0]"
2992,./audio/2992.wav,./audio/ref_voice/alienkevin.wav,"我鍾意去concert feel到個live music嘅氣氛，感受到音樂嘅power，總係令我impressive！""  ",8.896,kept,train,"8.90s in [5.0, 30.0]"
2993,./audio/2993.wav,./audio/ref_voice/alienkevin.wav,我最鐘意嘅個game就係'Animal Crossing'，佢嘅gameplay真係好relaxing，又可以improve creativity！,7.68,kept,train,"7.68s in [5.0, 30.0]"
2994,./audio/2994.wav,./audio/ref_voice/alienkevin.wav,"最近喺Netflix睇返嘅經典電影'Pulp Fiction', 嗰種non-linear storyline 真係mind-blowing，佢係我foreve…",10.839,kept,train,"10.84s in [5.0, 30.0]"
2995,./audio/2995.wav,./audio/ref_voice/alienkevin.wav,'Game of Thrones' 嘅world building真係好impressive，無論係characters定係plot twists我都一直kee…,12.0107,kept,train,"12.01s in [5.0, 30.0]"
2996,./audio/2996.wav,./audio/ref_voice/alienkevin.wav,"我都鍾意去theme park,感受到各種roller coasters嘅thrill，同埋所有嘅fun activities,絕對係unforgettable…",12.8427,kept,train,"12.84s in [5.0, 30.0]"
2997,./audio/2997.wav,./audio/ref_voice/alienkevin.wav,我喺網上discover左個新band，佢哋嘅music style非常unique，我落工車路上都會聽，soundtrack of my life嘅認真！,11.584,kept,train,"11.58s in [5.0, 30.0]"
2998,./audio/2998.wav,./audio/ref_voice/alienkevin.wav,"'Harry Potter'系列真係我由細到大都鍾意嘅一部分，無論係book定係movie,I am always fascinated!",8.7254,kept,train,"8.73s in [5.0, 30.0]"
2999,./audio/2999.wav,./audio/ref_voice/alienkevin.wav,"我最近都喺追‘Stranger Things’，我覺得佢嘅concept同埋characters都好original,係真正都Beyond my expecta…",12.6507,kept,train,"12.65s in [5.0, 30.0]"
3000,./audio/3000.wav,./audio/ref_voice/alienkevin.wav,跑步唔单止可以improve你嘅stamina，同埋都可以reduce壓力。,5.7174,kept,train,"5.72s in [5.0, 30.0]"
3001,./audio/3001.wav,./audio/ref_voice/alienkevin.wav,泳水係一項全方位嘅workout，既可以促進cardio health，又可以協助tone身形。,7.04,kept,train,"7.04s in [5.0, 30.0]"
3002,./audio/3002.wav,./audio/ref_voice/alienkevin.wav,做meditation唔仲可以增强concentration，甚至有助於改善motional health。,12.288,kept,train,"12.29s in [5.0, 30.0]"
3003,./audio/3003.wav,./audio/ref_voice/alienkevin.wav,跳舞可以提升你嘅body coordination並且仲可以燃燒大量嘅calories。,7.1467,kept,train,"7.15s in [5.0, 30.0]"
3004,./audio/3004.wav,./audio/ref_voice/alienkevin.wav,玩足球可以提升你嘅teamwork skills並且同埋可以強化你嘅endurance。,8.7467,kept,train,"8.75s in [5.0, 30.0]"
3005,./audio/3005.wav,./audio/ref_voice/alienkevin.wav,打羽毛球可以鍛鍊你嘅speed同埋agility，而且還可以幫助你提高eye-hand coordination。,10.4534,kept,train,"10.45s in [5.0, 30.0]"
3006,./audio/3006.wav,./audio/ref_voice/alienkevin.wav,打乒乓球唔单止可以訓練你嘅reflexes，同埋都可以鍛鍊你嘅strategic thinking。,9.0454,kept,train,"9.05s in [5.0, 30.0]"
3007,./audio/3007.wav,./audio/ref_voice/alienkevin.wav,做拉伸運動可以increase你嘅flexibility，同埋可以幫助你舒緩muscle tension。,6.8267,kept,train,"6.83s in [5.0, 30.0]"
3008,./audio/3008.wav,./audio/ref_voice/alienkevin.wav,做瑜伽可以改善你嘅posture，同埋都可以幫助你係sleep quality。,7.488,kept,train,"7.49s in [5.0, 30.0]"
3009,./audio/3009.wav,./audio/ref_voice/alienkevin.wav,揮棒打高爾夫球不只能夠鍛煉你的姿勢posture，同時呢都係一種良好嘅stress relief。,11.9254,kept,train,"11.93s in [5.0, 30.0]"
3010,./audio/3010.wav,./audio/ref_voice/alienkevin.wav,由於COVID-19嘅疫情，香港嘅economy受到嚴重打擊，特區政府需要制定一些measures去支援受影響嘅行業。,10.496,kept,train,"10.50s in [5.0, 30.0]"
3011,./audio/3011.wav,./audio/ref_voice/alienkevin.wav,二零二零年嘅National Security Law實施後，香港嘅freedom已經受到拷問，我哋必須討論如何保護我哋嘅香港identity同價值。,10.3254,kept,train,"10.33s in [5.0, 30.0]"
3012,./audio/3012.wav,./audio/ref_voice/alienkevin.wav,最近嘅內地移民潮已經對香港嘅housing market創造出更大荷壓，政府需要採取action去解決這個問題。,10.624,kept,train,"10.62s in [5.0, 30.0]"
3013,./audio/3013.wav,./audio/ref_voice/alienkevin.wav,香港政府嘅資金配額制度需要reconsider，以切合社會上嘅弱勢社群嘅需要。,9.536,kept,train,"9.54s in [5.0, 30.0]"
3014,./audio/3014.wav,./audio/ref_voice/alienkevin.wav,空氣污染問題嘅持續惡化已經令到香港嘅public health受到威脅，我哋要求政府應該increase投放在環保嘅資源同將改善空氣質素定為priority.,13.2054,kept,train,"13.21s in [5.0, 30.0]"
3015,./audio/3015.wav,./audio/ref_voice/alienkevin.wav,由於過度發展同urbanization，香港嘅自然環境同生態已經受到嚴重威脅，政府需要implement一個長期可持續嘅保育策略。,10.4107,kept,train,"10.41s in [5.0, 30.0]"
3016,./audio/3016.wav,./audio/ref_voice/alienkevin.wav,最近嘅教育改革可能會影響到香港嘅多元文化特色，我哋應該要balance嘅是保持我哋嘅本土文化同提高我哋嘅international competence。,15.168,kept,train,"15.17s in [5.0, 30.0]"
3017,./audio/3017.wav,./audio/ref_voice/alienkevin.wav,"由於科技嘅發展，香港滯後嘅technological infrastructure已經開始變得更加明顯，我哋需要做好catch up嘅準備。"" ",9.3014,kept,train,"9.30s in [5.0, 30.0]"
3018,./audio/3018.wav,./audio/ref_voice/alienkevin.wav,香港嘅青年失業問題已經變得越來越serious，特區政府需要提供更多嘅reskilling同upskilling機會去提升本地青年嘅employability。,13.952,kept,train,"13.95s in [5.0, 30.0]"
3019,./audio/3019.wav,./audio/ref_voice/alienkevin.wav,去Causeway Bay shopping的話，Times Square就係一定要去嘅地方，得閒可以試吓去找d special items。,7.0187,kept,train,"7.02s in [5.0, 30.0]"
3020,./audio/3020.wav,./audio/ref_voice/alienkevin.wav,如果你想買budget-friendly嘅衫，咁你可以去Argyle Centre，價錢實在，款式都幾多。,9.4507,kept,eval,"9.45s in [5.0, 30.0]"
3021,./audio/3021.wav,./audio/ref_voice/alienkevin.wav,ifc mall嗰邊有多間designer brands，適合追求時尚潮流嘅你。,7.0827,kept,eval,"7.08s in [5.0, 30.0]"
3022,./audio/3022.wav,./audio/ref_voice/alienkevin.wav,Sneakers Street 呢度專門賣波鞋，有各種brands size等你pick，同埋價錢絕對合理。,7.383,kept,train,"7.38s in [5.0, 30.0]"
3023,./audio/3023.wav,./audio/ref_voice/alienkevin.wav,Tsim Sha Tsui嘅Harbour City仲有各種high fashion brands供你選擇，而且仲有美景可以欣賞。,6.8694,kept,train,"6.87s in [5.0, 30.0]"
3024,./audio/3024.wav,./audio/ref_voice/alienkevin.wav,Lai Chi Kok嗰度有好多outlet，如果你唔介意last season嘅款，可以考慮去淘淘寶。,7.5734,kept,train,"7.57s in [5.0, 30.0]"
3025,./audio/3025.wav,./audio/ref_voice/alienkevin.wav,"If you’re into jewellery, Chow Tai Fook和Luk Fook喺Mong Kok都有分店，可以挑選你所喜歡嘅款式。",9.3654,kept,train,"9.37s in [5.0, 30.0]"
3026,./audio/3026.wav,./audio/ref_voice/alienkevin.wav,想買d high-end cosmetics嘅話，可以去Central嗰邊嘅SOGO，有好多選擇，仲有數之不盡嘅skin care products。,11.7547,kept,train,"11.75s in [5.0, 30.0]"
3027,./audio/3027.wav,./audio/ref_voice/alienkevin.wav,APM嗰邊嘅Fashion accessories 專門店有好多搞怪又實用嘅配飾，喺度可以買到好多rare items。,9.3014,kept,train,"9.30s in [5.0, 30.0]"
3028,./audio/3028.wav,./audio/ref_voice/alienkevin.wav,Stanley Market係一個good option，裏面有好多手工製品和藝術品，仲可以一邊shopping一邊欣賞海景。,8.4054,kept,train,"8.41s in [5.0, 30.0]"
3029,./audio/3029.wav,./audio/ref_voice/alienkevin.wav,"學嘅過程中一定會有challenges, 可係我哋要用 open mind 去對待佢，主動去解決呢問題。",9.472,kept,train,"9.47s in [5.0, 30.0]"
3030,./audio/3030.wav,./audio/ref_voice/alienkevin.wav,學習就好似一個journey，自己去尋找答案，去discover新嘅世界，唔好怕 trial and error，只要堅持，總會到達目的地。,9.1947,kept,train,"9.19s in [5.0, 30.0]"
3031,./audio/3031.wav,./audio/ref_voice/alienkevin.wav,如果遇到一個難搞嘅task，唔好怕，嘗試先嘅，你會 surprised by yourself 嘅。,7.04,kept,train,"7.04s in [5.0, 30.0]"
3032,./audio/3032.wav,./audio/ref_voice/alienkevin.wav,唔好 feel overwhelmed，嚴格嚟講，學習唔喺一個 destination，佢喺一個 continuous process，慢慢嚟都得嚟嘅。,11.1147,kept,train,"11.11s in [5.0, 30.0]"
3033,./audio/3033.wav,./audio/ref_voice/alienkevin.wav,暫時停一停，做下reflection，有時候你會 get insights 嘅，明白自己究竟想學咩，學得點。,8.128,kept,train,"8.13s in [5.0, 30.0]"
3034,./audio/3034.wav,./audio/ref_voice/alienkevin.wav,偶然嘅 failure 唔代表你就失敗咗，記得 pick yourself up，學嘅道路上有好多 unexpected turns，繼續嘅，你會 get th…,10.176,kept,train,"10.18s in [5.0, 30.0]"
3035,./audio/3035.wav,./audio/ref_voice/alienkevin.wav,唔好 scared to step out of your comfort zone，就算係failure都係一個valuable lesson，每一個失敗都幫…,10.731,kept,train,"10.73s in [5.0, 30.0]"
3036,./audio/3036.wav,./audio/ref_voice/alienkevin.wav,持續嘅effort肯定會有 payoff，只要你一直保持 curious，終有一日你一定 get it 的。,10.24,kept,train,"10.24s in [5.0, 30.0]"
3037,./audio/3037.wav,./audio/ref_voice/alienkevin.wav,"學習唔一定要follow the rules，有時候你需要 think outside of the box 嚟解決難題。"" ",7.4667,kept,eval,"7.47s in [5.0, 30.0]"
3038,./audio/3038.wav,./audio/ref_voice/alienkevin.wav,記得學習要一步一腳印，唔好 rush，每一步都係你progress嘅一部份，繼續keep going.,7.4027,kept,train,"7.40s in [5.0, 30.0]"
3039,./audio/3039.wav,./audio/ref_voice/alienkevin.wav,"Work hard and play hard, 努力工作，玩得开心，做人做工一样重要。",6.336,kept,train,"6.34s in [5.0, 30.0]"
3040,./audio/3040.wav,./audio/ref_voice/alienkevin.wav,"Stay motivated even when the going gets tough, 即使环境艰难，都要保持动力，唔该因为困难就辞职。",10.4534,kept,train,"10.45s in [5.0, 30.0]"
3041,./audio/3041.wav,./audio/ref_voice/alienkevin.wav,"Set goals and strive to reach them, 设定目标，并为之努力，目标对工作好重要。",7.9147,kept,train,"7.91s in [5.0, 30.0]"
3042,./audio/3042.wav,./audio/ref_voice/alienkevin.wav,"Be open to feedback, it helps you improve, 要接受反馈，这个可以帮你改善，马虎唔得。",7.0827,kept,train,"7.08s in [5.0, 30.0]"
3043,./audio/3043.wav,./audio/ref_voice/alienkevin.wav,"Remember to take breaks, 休息都好重要，唔好为咗工作而疲劳过度。”",6.72,kept,train,"6.72s in [5.0, 30.0]"
3044,./audio/3044.wav,./audio/ref_voice/alienkevin.wav,"Communication is key in any job, 沟通系任何工作中都好重要，要懂得开口说话。",8.064,kept,train,"8.06s in [5.0, 30.0]"
3045,./audio/3045.wav,./audio/ref_voice/alienkevin.wav,"Networking helps open up opportunities, 建立人脉可以开拓更多机会，懂得社交系个long-term investment。",9.9627,kept,train,"9.96s in [5.0, 30.0]"
3046,./audio/3046.wav,./audio/ref_voice/alienkevin.wav,"Always stay professional, 无论怎样都要保持专业，工作中表现系好重要。",6.0587,kept,eval,"6.06s in [5.0, 30.0]"
3047,./audio/3047.wav,./audio/ref_voice/alienkevin.wav,"Don't be afraid of asking questions, 唔要怕问问题，这样可以更了解自己的工作和目标。",8.256,kept,train,"8.26s in [5.0, 30.0]"
3048,./audio/3048.wav,./audio/ref_voice/alienkevin.wav,"Dedication is what gets you ahead in the long run, 唔论做咩事，尽心尽力最重要，有恒心就有成功嘅一日。",10.432,kept,train,"10.43s in [5.0, 30.0]"
3049,./audio/3049.wav,./audio/ref_voice/alienkevin.wav,"Innovation is the key to stand out in your job, 创新是在工作中脱颖而出的关键，要有新idea才可以突破自己。",13.4827,kept,train,"13.48s in [5.0, 30.0]"
3050,./audio/3050.wav,./audio/ref_voice/alienkevin.wav,今日de weather forecast 話會落雨，記得帶umbrella喇！,7.808,kept,train,"7.81s in [5.0, 30.0]"
3051,./audio/3051.wav,./audio/ref_voice/alienkevin.wav,下星期de forecast 話天氣會轉好，可以去hiking喇！,5.44,kept,train,"5.44s in [5.0, 30.0]"
3052,./audio/3052.wav,./audio/ref_voice/alienkevin.wav,冬天快到喇，好想體驗下snow，但係香港又冇得下雪呀！,4.992,too_short,n/a,4.99s < 5.0
3053,./audio/3053.wav,./audio/ref_voice/alienkevin.wav,夏天de temperature 係數十度，真係好想去swimming pool 清涼一下！,5.2694,kept,train,"5.27s in [5.0, 30.0]"
3054,./audio/3054.wav,./audio/ref_voice/alienkevin.wav,落雨不停，traffic jam好嚴重，大家趕緊放慢速度喇！,5.2907,kept,train,"5.29s in [5.0, 30.0]"
3055,./audio/3055.wav,./audio/ref_voice/alienkevin.wav,今早de sunrise 係真係好靚喎，跑步的時候好享受！,5.312,kept,eval,"5.31s in [5.0, 30.0]"
3056,./audio/3056.wav,./audio/ref_voice/alienkevin.wav,聽日有typhoon，記得買夠嘢食，停工一日，留喺屋企安全啲！,5.6107,kept,train,"5.61s in [5.0, 30.0]"
3057,./audio/3057.wav,./audio/ref_voice/alienkevin.wav,Weather report 話今晚會見到shooting star，好exciting喎！,5.12,kept,train,"5.12s in [5.0, 30.0]"
3058,./audio/3058.wav,./audio/ref_voice/alienkevin.wav,Springtime 啦，快啲去郊外欣賞下cherry blossom 喇！,5.0987,kept,train,"5.10s in [5.0, 30.0]"
3059,./audio/3059.wav,./audio/ref_voice/alienkevin.wav,天氣sudden change，記得戴多件jacket，唔好catch a cold喇！,5.2907,kept,train,"5.29s in [5.0, 30.0]"
3060,./audio/3060.wav,./audio/ref_voice/alienkevin.wav,下午我去咗Tea house，叫咗個cheesecake同個cappuccino，非常chill嘅午后。,6.144,kept,train,"6.14s in [5.0, 30.0]"
3061,./audio/3061.wav,./audio/ref_voice/alienkevin.wav,我尝咗蘇格蘭嘅haggis，感覺好特別，就似lamb sausage咁，配咗個mashed swede，好新鮮啲。,14.784,kept,train,"14.78s in [5.0, 30.0]"
3062,./audio/3062.wav,./audio/ref_voice/alienkevin.wav,今日尝咗個Italian pizza，但係我最愛仲係我媽媽煮嘅粥，無論咩都好，都無法比個家鄉飲食。,10.263,kept,train,"10.26s in [5.0, 30.0]"
3063,./audio/3063.wav,./audio/ref_voice/alienkevin.wav,我成日都在煮嘅breakfast sandwich都係拎嚟學工藝，兩張buttered toast，再夾埋薄煎蛋同埋薰肉，好美味呀。,12.7574,kept,train,"12.76s in [5.0, 30.0]"
3064,./audio/3064.wav,./audio/ref_voice/alienkevin.wav,"星期六我同爸爸一齊去咗片水餃店，食咗dumplings同noodles，皮薄肉嫩，再加上chili oil，味道真係無得頂。"" ",13.035,kept,eval,"13.03s in [5.0, 30.0]"
3065,./audio/3065.wav,./audio/ref_voice/alienkevin.wav,"今日lunch我整咗個steak sandwich，加咗bbq sauce同cheddar cheese，好滿足呀。"" ",10.7094,kept,train,"10.71s in [5.0, 30.0]"
3066,./audio/3066.wav,./audio/ref_voice/alienkevin.wav,"去咗個意大利餐館，尝咗皮蛋瘦肉粥同蝦餃，一啖咬落去皮蛋同瘦肉同埋蝦味道爆出嚟，好開胃呀。"" ",11.2,kept,train,"11.20s in [5.0, 30.0]"
3067,./audio/3067.wav,./audio/ref_voice/alienkevin.wav,"星期日我同屋企人去咗一間泰國餐廳，我地叫咗個pad thai同green curry，汁料夠足，飯夠熱辣，正！"" ",9.344,kept,train,"9.34s in [5.0, 30.0]"
3068,./audio/3068.wav,./audio/ref_voice/alienkevin.wav,"晚餐我煮左個chicken soup，配咗番茄同蘑菇，好清新嘅味道，打邊爐都真係好舒服呀。"" ",8.0427,kept,train,"8.04s in [5.0, 30.0]"
3069,./audio/3069.wav,./audio/ref_voice/alienkevin.wav,我覺得兩岸四地嘅差異都係在用咗乜嘢醬汁，像醬油湯底同番茄湯底就完全係兩種感覺，個人比較喜歡番茄湯底，個口感酸甜適中，好好味。,14.5707,kept,train,"14.57s in [5.0, 30.0]"
3070,./audio/3070.wav,./audio/ref_voice/alienkevin.wav,"Paris嘅Eiffel Tower喺夜晚嘅時候sparkle, 真係件令人awe-inspiring嘅事,你一定要親眼見到.",12.096,kept,eval,"12.10s in [5.0, 30.0]"
3071,./audio/3071.wav,./audio/ref_voice/alienkevin.wav,Rome嘅Colosseum 喺日頭落山嘅时候特別stunning，就好像穿越入古羅馬嘅時空一樣。,10.1974,kept,train,"10.20s in [5.0, 30.0]"
3072,./audio/3072.wav,./audio/ref_voice/alienkevin.wav,London嘅British Museum內有好多珍貴嘅artifacts，係學習世界文化嘅最好地方。,11.0294,kept,eval,"11.03s in [5.0, 30.0]"
3073,./audio/3073.wav,./audio/ref_voice/alienkevin.wav,Australia嘅Great Barrier Reef喺diving嘅時候真係唔能夠miss，coral 嘅美麗真係unbelievable。,11.1147,kept,train,"11.11s in [5.0, 30.0]"
3074,./audio/3074.wav,./audio/ref_voice/alienkevin.wav,Switzerland嘅Alps喺winter嘅時候無比snowy，perfect 起skiing。,10.88,kept,train,"10.88s in [5.0, 30.0]"
3075,./audio/3075.wav,./audio/ref_voice/alienkevin.wav,India嘅Taj Mahal喺sunrise嘅時候真係gorgeous，像係親自睇到一幅live painting一樣。,12.5867,kept,train,"12.59s in [5.0, 30.0]"
3076,./audio/3076.wav,./audio/ref_voice/alienkevin.wav,Japan嘅Kyoto喺autumn嘅時候呈現出紅葉嘅glamour，好似一幅traditional Japanese painting。,11.5414,kept,train,"11.54s in [5.0, 30.0]"
3077,./audio/3077.wav,./audio/ref_voice/alienkevin.wav,New Zealand嘅Milford Sound係explore大自然嘅最夢幻嘅地方，mountains同clear water真係picturesque。,13.12,kept,train,"13.12s in [5.0, 30.0]"
3078,./audio/3078.wav,./audio/ref_voice/alienkevin.wav,Egypt嘅Pyramids完全可以觸及到ancient civilization嘅grandeur，感覺就好似係time travel一樣。,14.5707,kept,eval,"14.57s in [5.0, 30.0]"
3079,./audio/3079.wav,./audio/ref_voice/alienkevin.wav,Greece嘅Santorini嘅白色房子同藍天碧海好match，每一個corner都係Instagrammable spot。,13.4614,kept,train,"13.46s in [5.0, 30.0]"
3080,./audio/3080.wav,./audio/ref_voice/alienkevin.wav,現在seriously緊追'Game of Thrones'同埋'Stranger Things'，呢d series實在係top notch，每集都好exci…,11.2427,kept,train,"11.24s in [5.0, 30.0]"
3081,./audio/3081.wav,./audio/ref_voice/alienkevin.wav,"我同friend喺weekend總會arrange去唱K，歌唱得唔駛professional, 主要係去release壓力，好enjoyable！",9.4507,kept,train,"9.45s in [5.0, 30.0]"
3082,./audio/3082.wav,./audio/ref_voice/alienkevin.wav,星期五晚我哋通常都會去clubbing，跳舞music嘅beats真係好energizing，令人feel alive！,11.52,kept,train,"11.52s in [5.0, 30.0]"
3083,./audio/3083.wav,./audio/ref_voice/alienkevin.wav,"最近喺Netflix睇左部'Hong Kong Love Story'，好touching, 令人reflect到好多嘅relationships同love嘅i…",9.7707,kept,train,"9.77s in [5.0, 30.0]"
3084,./audio/3084.wav,./audio/ref_voice/alienkevin.wav,我發覺我真係對cooking有passion，每次看'Cooking Master Boy'我都會好inspired，好想try out一啲新recipe！,10.0054,kept,train,"10.01s in [5.0, 30.0]"
3085,./audio/3085.wav,./audio/ref_voice/alienkevin.wav,我鍾意嘅book係'Shadow and Bone'，個plot好complex且intriguing，每一章都令人好anticipating下一步！,20.16,kept,eval,"20.16s in [5.0, 30.0]"
3086,./audio/3086.wav,./audio/ref_voice/alienkevin.wav,最愛嘅movie就係'The Dark Knight'，佢嘅character development同cinematography真係one of a kin…,14.1014,kept,train,"14.10s in [5.0, 30.0]"
3087,./audio/3087.wav,./audio/ref_voice/alienkevin.wav,系節目'show time'時間我最鍾意睇嘅節目就係'The Voice'，唔單止係音樂嘅aspect，我都好欣賞其中嘅personal growth同comp…,14.5707,kept,eval,"14.57s in [5.0, 30.0]"
3088,./audio/3088.wav,./audio/ref_voice/alienkevin.wav,我最喜歡嘅sport就係足球，特別係watch緊Manchester United嘅match，個 adrenaline rush真係無堅不摧！,20.096,kept,train,"20.10s in [5.0, 30.0]"
3089,./audio/3089.wav,./audio/ref_voice/alienkevin.wav,我最近喺玩Call Of Duty，個game真係好challenging 但都好satisfying，尤其係當你成功complete一個mission！,8.5974,kept,train,"8.60s in [5.0, 30.0]"
3090,./audio/3090.wav,./audio/ref_voice/alienkevin.wav,迎風前行唔同緊係big deal，其實係一種鍛練嘅方式，可以強化你嘅muscle endurance。,10.432,kept,train,"10.43s in [5.0, 30.0]"
3091,./audio/3091.wav,./audio/ref_voice/alienkevin.wav,話咁易，做就難啲，呢個係training理論嘅一部份，但記得要consistency去練習先真係有成效。,11.883,kept,train,"11.88s in [5.0, 30.0]"
3092,./audio/3092.wav,./audio/ref_voice/alienkevin.wav,同beat咗自己嘅personal best比賽，獲得嘅satisfaction感覺唔同咋！,11.2,kept,train,"11.20s in [5.0, 30.0]"
3093,./audio/3093.wav,./audio/ref_voice/alienkevin.wav,"打乒乓球可以壯大你嘅hand-eye coordination，都係一項唔錯嘅sport activity。"" ",7.5094,kept,train,"7.51s in [5.0, 30.0]"
3094,./audio/3094.wav,./audio/ref_voice/alienkevin.wav,鍛練core strength唔單止對做gym有用，要打波、跳舞、游水都幫到手。,6.656,kept,train,"6.66s in [5.0, 30.0]"
3095,./audio/3095.wav,./audio/ref_voice/alienkevin.wav,"跑步不只是一種cardio exercise，它更能提高你的mental health。"" ",5.9734,kept,train,"5.97s in [5.0, 30.0]"
3096,./audio/3096.wav,./audio/ref_voice/alienkevin.wav,喺成個game入邊最緊要嘅就係teamwork，每個人都要盡自己嘅part.,5.568,kept,train,"5.57s in [5.0, 30.0]"
3097,./audio/3097.wav,./audio/ref_voice/alienkevin.wav,做拉伸可以increase muscles flexibility，減輕injury嘅風險。,6.3574,kept,train,"6.36s in [5.0, 30.0]"
3098,./audio/3098.wav,./audio/ref_voice/alienkevin.wav,慢跑係一種好有效嘅warm up 動作，可以提升體內嘅blood flow，為之後嘅intense workout做好準備。,9.003,kept,eval,"9.00s in [5.0, 30.0]"
3099,./audio/3099.wav,./audio/ref_voice/alienkevin.wav,"做瑜伽唔係只係練習怎樣去breathe，其實佢都可以assist你提升体力嘅flexibility及strength。"" ",10.3254,kept,train,"10.33s in [5.0, 30.0]"
3100,./audio/3100.wav,./audio/ref_voice/alienkevin.wav,"係陸地上做training，同喺水中泳水做workout，對肌肉嘅stimulate方式係完全唔同。"" ",10.24,kept,train,"10.24s in [5.0, 30.0]"
3101,./audio/3101.wav,./audio/ref_voice/alienkevin.wav,"籃球唔只係require你有速度，更需要你有good judgement同埋split-second decision making嘅能力。"" ",10.731,kept,train,"10.73s in [5.0, 30.0]"
3102,./audio/3102.wav,./audio/ref_voice/alienkevin.wav,"马拉松運動員要有高水平嘅cardiovascular endurance，長時間而唔係speed係關鍵。"" ",10.5387,kept,train,"10.54s in [5.0, 30.0]"
3103,./audio/3103.wav,./audio/ref_voice/alienkevin.wav,無論你喺冇經驗嘅newbie還是seasoned pro，一定要尊重你自己的body limits。,11.328,kept,train,"11.33s in [5.0, 30.0]"
3104,./audio/3104.wav,./audio/ref_voice/alienkevin.wav,"做gym嘅時候記得要保持hydrated，補充electrolytes預防cramps過程中建議可以飲一啲sports drinks。"" ",14.6987,kept,train,"14.70s in [5.0, 30.0]"
3105,./audio/3105.wav,./audio/ref_voice/alienkevin.wav,"進行intense training之後記得要做proper cool down，避免意外嘅muscle injuries。"" ",7.616,kept,train,"7.62s in [5.0, 30.0]"
3106,./audio/3106.wav,./audio/ref_voice/alienkevin.wav,"踢足球除咗需要physical stamina，都需要good strategy，同埋對teammates嘅信任。"" ",9.8774,kept,train,"9.88s in [5.0, 30.0]"
3107,./audio/3107.wav,./audio/ref_voice/alienkevin.wav,"可能你無意識到，但攀岩實質上係全身運動，它需要core strength同埋endurance。"" ",6.1014,kept,train,"6.10s in [5.0, 30.0]"
3108,./audio/3108.wav,./audio/ref_voice/alienkevin.wav,"跆拳道除咗係一項marital art，都能提升你嘅coordination同埋reflexes。"" ",11.0294,kept,train,"11.03s in [5.0, 30.0]"
3109,./audio/3109.wav,./audio/ref_voice/alienkevin.wav,喺做運動嘅時候保持正確posture係非常重要嘅，避免唔必要嘅injuries。,8.2134,kept,train,"8.21s in [5.0, 30.0]"
3110,./audio/3110.wav,./audio/ref_voice/alienkevin.wav,香港嘅中产阶级面对嘅financial burden日增，政府需要push更多嘅支援措施去幫助呢个社群。,8.7894,kept,train,"8.79s in [5.0, 30.0]"
3111,./audio/3111.wav,./audio/ref_voice/alienkevin.wav,由於肺炎疫情影響，香港嘅economy suffered heavy losses，政府需要尋求新路向去stimulate economic recovery。,13.9734,kept,train,"13.97s in [5.0, 30.0]"
3112,./audio/3112.wav,./audio/ref_voice/alienkevin.wav,香港警察嘅執法方式引起公眾嘅疑慮，我哋希望政府可以transparent一啲，讓市民理解其內部嘅運作機制。,10.176,kept,train,"10.18s in [5.0, 30.0]"
3113,./audio/3113.wav,./audio/ref_voice/alienkevin.wav,垃圾分類嘅風潮正慢慢在香港嘅community中抬頭，但政府嘅support仲唔夠，需要更多嘅funds去推動呢個環保行動。,12.2667,kept,train,"12.27s in [5.0, 30.0]"
3114,./audio/3114.wav,./audio/ref_voice/alienkevin.wav,香港嘅younger generation越來越關注社會事務，需要有更多嘅platform去讓他們express佢哋嘅觀點。,9.687,kept,train,"9.69s in [5.0, 30.0]"
3115,./audio/3115.wav,./audio/ref_voice/alienkevin.wav,香港嘅housing crisis已經變得越來越嚴重，政府需要更大嘅determination去解決呢個問題。,10.56,kept,train,"10.56s in [5.0, 30.0]"
3116,./audio/3116.wav,./audio/ref_voice/alienkevin.wav,因為教育壓力，香港嘅學生面對着嚴重嘅mental health問題，呢個問題需要被全社會咁即刻address。,11.1787,kept,train,"11.18s in [5.0, 30.0]"
3117,./audio/3117.wav,./audio/ref_voice/alienkevin.wav,香港嘅sky-high property prices造成了大量嘅homeless人口，呢個問題需要立即去solved。,9.4934,kept,train,"9.49s in [5.0, 30.0]"
3118,./audio/3118.wav,./audio/ref_voice/alienkevin.wav,"elements嗰邊有超多luxury brands, 如果你想奢侈一下，咁就去那邊吧。",6.9547,kept,train,"6.95s in [5.0, 30.0]"
3119,./audio/3119.wav,./audio/ref_voice/alienkevin.wav,商場除咗有衫賣，無過仲有美食廣場，可以一邊shopping一邊食嘢，真係唔錯呀。,7.1894,kept,train,"7.19s in [5.0, 30.0]"
3120,./audio/3120.wav,./audio/ref_voice/alienkevin.wav,新鴻基購物廣場有各種各樣嘅商店，包括fashion brands同電器店，真係一站式嘅購物體驗。,9.111,kept,train,"9.11s in [5.0, 30.0]"
3121,./audio/3121.wav,./audio/ref_voice/alienkevin.wav,你可以去langham place嘅uniqlo買衫，質量好又價錢適中，真係好抵買。,6.8694,kept,eval,"6.87s in [5.0, 30.0]"
3122,./audio/3122.wav,./audio/ref_voice/alienkevin.wav,Sogo係一個幾好嘅購物中心，裡面有化妝品，衫，鞋，都幾全面，真係一個好選擇呀。,6.2934,kept,train,"6.29s in [5.0, 30.0]"
3123,./audio/3123.wav,./audio/ref_voice/alienkevin.wav,Harbour City嗰邊真係好大，有好多唔同款式嘅店可以揀，真係一個shopping paradise。,7.616,kept,eval,"7.62s in [5.0, 30.0]"
3124,./audio/3124.wav,./audio/ref_voice/alienkevin.wav,除咗去商場，你仲可以去Mong Kok嘅night market，你可以買到好平嘅souvenirs同飾品。,7.851,kept,train,"7.85s in [5.0, 30.0]"
3125,./audio/3125.wav,./audio/ref_voice/alienkevin.wav,如果你想買d韓國品牌嘅衫，咁就去miramar shopping centre吧，有好多韓國brand嘅店。,10.9227,kept,train,"10.92s in [5.0, 30.0]"
3126,./audio/3126.wav,./audio/ref_voice/alienkevin.wav,Ladies' Market係一個好好嘅地方去尋寶，你可以買到好多特色嘅東西。,6.2507,kept,train,"6.25s in [5.0, 30.0]"
3127,./audio/3127.wav,./audio/ref_voice/alienkevin.wav,APM購物商場伏晚都開到凌晨，好適合嗌完飯去逛吓街。,9.984,kept,train,"9.98s in [5.0, 30.0]"
3128,./audio/3128.wav,./audio/ref_voice/alienkevin.wav,學嘅嘢要靠你嘅 dedication，如果你自己不願意put in the effort，無論多嘅資源都係 of no use.,14.6134,kept,train,"14.61s in [5.0, 30.0]"
3129,./audio/3129.wav,./audio/ref_voice/alienkevin.wav,學新嘅知識始終有d難度，但只要你 keep trying，你就一定可以overcome困難。,7.1467,kept,train,"7.15s in [5.0, 30.0]"
3130,./audio/3130.wav,./audio/ref_voice/alienkevin.wav,唔係每一次的 failure 都係反面教材，其實佢可以讓你更明白自己嘅 weaknesses，幫助你做得更好。,8.96,kept,train,"8.96s in [5.0, 30.0]"
3131,./audio/3131.wav,./audio/ref_voice/alienkevin.wav,學習嘅時候，要用 critical thinking 而唔係盲目接收information，咁你嘅學習態度先會更有成效。,8.9387,kept,train,"8.94s in [5.0, 30.0]"
3132,./audio/3132.wav,./audio/ref_voice/alienkevin.wav,記得，每次嘅 success 都係一連串failure後嘅結果，唔好怕 fail，要keep pushing forward。,9.984,kept,train,"9.98s in [5.0, 30.0]"
3133,./audio/3133.wav,./audio/ref_voice/alienkevin.wav,互相 sharing 知識可以使你鞏固自身嘅學識，而且可以加深對 topic 嘅理解。,7.68,kept,eval,"7.68s in [5.0, 30.0]"
3134,./audio/3134.wav,./audio/ref_voice/alienkevin.wav,主要唔係求 quantity，係求 quality，speed 唔係學習嘅關鍵，關鍵係你 absorb 到嘅知識。,9.003,kept,train,"9.00s in [5.0, 30.0]"
3135,./audio/3135.wav,./audio/ref_voice/alienkevin.wav,"Be patient in your job, 你要喺工作中耐心一点，唔好总系急躁。",5.6747,kept,eval,"5.67s in [5.0, 30.0]"
3136,./audio/3136.wav,./audio/ref_voice/alienkevin.wav,"Remember to take a break, 记得要休息一下，唔好让自己太过紧张。",5.8667,kept,train,"5.87s in [5.0, 30.0]"
3137,./audio/3137.wav,./audio/ref_voice/alienkevin.wav,"Always stay positive, 你都要保持正面思考，唔好给负能量影响到自己。",6.72,kept,train,"6.72s in [5.0, 30.0]"
3138,./audio/3138.wav,./audio/ref_voice/alienkevin.wav,"Stay focused and organized, 喺工作中要专注同整齐有序，这样能带来更好的工作效率。",8.4054,kept,train,"8.41s in [5.0, 30.0]"
3139,./audio/3139.wav,./audio/ref_voice/alienkevin.wav,"Take the initiative, 别等待机会，而系要自己积极去寻找。",10.0267,kept,train,"10.03s in [5.0, 30.0]"
3140,./audio/3140.wav,./audio/ref_voice/alienkevin.wav,"Be willing to learn, 勇于学习，喺社会稳定脚步的同时也让自己保持进步。",6.5067,kept,eval,"6.51s in [5.0, 30.0]"
3141,./audio/3141.wav,./audio/ref_voice/alienkevin.wav,"Work hard but smart, 努力工作但又要聪明地工作，唔要墨守成规。",6.2934,kept,train,"6.29s in [5.0, 30.0]"
3142,./audio/3142.wav,./audio/ref_voice/alienkevin.wav,"Be a team player, 学会成为团队一份子，团队协作系成功的关键。",8.0427,kept,train,"8.04s in [5.0, 30.0]"
3143,./audio/3143.wav,./audio/ref_voice/alienkevin.wav,"Handle pressure well, 学会处理压力，唔好让自己被压力淹没。",7.36,kept,train,"7.36s in [5.0, 30.0]"
3144,./audio/3144.wav,./audio/ref_voice/alienkevin.wav,"Respect your colleagues, 无论公司内其他员工地位高低，都应尊重他们，这是职场礼仪。",9.6214,kept,train,"9.62s in [5.0, 30.0]"
3145,./audio/3145.wav,./audio/ref_voice/alienkevin.wav,"Stay humble and be hungry for knowledge, 保持谦逊，永远保持对知识的饥渴，才会不断进步。",8.576,kept,eval,"8.58s in [5.0, 30.0]"
3146,./audio/3146.wav,./audio/ref_voice/alienkevin.wav,"Take criticism as a learning opportunity, 把批评视为学习的机会，只有最真实的反馈才能让你发现自己的不足。",9.687,kept,train,"9.69s in [5.0, 30.0]"
3147,./audio/3147.wav,./audio/ref_voice/alienkevin.wav,"Show passion in what you do, 对你做的事情保持热情，喺工作中放点热量吧。",7.5307,kept,train,"7.53s in [5.0, 30.0]"
3148,./audio/3148.wav,./audio/ref_voice/alienkevin.wav,"Plan ahead, 做事要有计划，唔好做事只看到眼前。",4.864,too_short,n/a,4.86s < 5.0
3149,./audio/3149.wav,./audio/ref_voice/alienkevin.wav,"Be willing to make sacrifices, 投入工作可能需要一些牺牲，但未来的回报可能会让你觉得一切都值得。",10.048,kept,train,"10.05s in [5.0, 30.0]"
3150,./audio/3150.wav,./audio/ref_voice/alienkevin.wav,天氣forecast話聽日會thunderstorm，請記得帶遮嘅！,10.2827,kept,train,"10.28s in [5.0, 30.0]"
3151,./audio/3151.wav,./audio/ref_voice/alienkevin.wav,冇冇冇！今天的sunrise唔該夾落來看，好美，真係做人最重要嘅就係happiness!,11.991,kept,train,"11.99s in [5.0, 30.0]"
3152,./audio/3152.wav,./audio/ref_voice/alienkevin.wav,今晚有moonlight好浪漫，我哋去海邊吹下海風，點解唔去？,8.4054,kept,train,"8.41s in [5.0, 30.0]"
3153,./audio/3153.wav,./audio/ref_voice/alienkevin.wav,我喺weather app度見今日會sunny，攞走你嘅sunglasses出街啦！,9.408,kept,eval,"9.41s in [5.0, 30.0]"
3154,./audio/3154.wav,./audio/ref_voice/alienkevin.wav,睇見一個rainbow，隨時會落雨，帶好你嘅raincoat喇！,8.064,kept,eval,"8.06s in [5.0, 30.0]"
3155,./audio/3155.wav,./audio/ref_voice/alienkevin.wav,今日嘅high temperature預計會係30度，開air con啊，唔好儉啊！,9.7067,kept,train,"9.71s in [5.0, 30.0]"
3156,./audio/3156.wav,./audio/ref_voice/alienkevin.wav,我哋天文台warn咗話有颱風level 8，記得lock咗離地窗口啊!,9.4507,kept,train,"9.45s in [5.0, 30.0]"
3157,./audio/3157.wav,./audio/ref_voice/alienkevin.wav,見到窗外有snow，但係肯定喺唔係真，喺香港會下雪?,9.088,kept,train,"9.09s in [5.0, 30.0]"
3158,./audio/3158.wav,./audio/ref_voice/alienkevin.wav,天空有咩，有星星同埋moon，但係你嘅eyes係我天空裡最閃爍嘅star.,10.1974,kept,train,"10.20s in [5.0, 30.0]"
3159,./audio/3159.wav,./audio/ref_voice/alienkevin.wav,最近humidity高，好悶濕，記得飲多啲水，keep hydrated !,8.7894,kept,train,"8.79s in [5.0, 30.0]"
3160,./audio/3160.wav,./audio/ref_voice/alienkevin.wav,冇晒風速，outdoor activities應該會好玩啲確，我哋去toddler一下啦！,10.176,kept,train,"10.18s in [5.0, 30.0]"
3161,./audio/3161.wav,./audio/ref_voice/alienkevin.wav,我喜歡去嗰間sushi店，佢地嘅魚好新鮮，每次食完都覺得超滿足！,9.111,kept,train,"9.11s in [5.0, 30.0]"
3162,./audio/3162.wav,./audio/ref_voice/alienkevin.wav,星期日我去咗KFC買雞，我鍾意佢哋嘅fries同mashed potatoes，好香脆!,8.1067,kept,train,"8.11s in [5.0, 30.0]"
3163,./audio/3163.wav,./audio/ref_voice/alienkevin.wav,今日晚餐我煮咗番茄beef noodles，一起食真係好舒服喎！,8.128,kept,train,"8.13s in [5.0, 30.0]"
3164,./audio/3164.wav,./audio/ref_voice/alienkevin.wav,"最近成日去食pizza，有時加咗ham同pineapple,超好味啊！",7.851,kept,train,"7.85s in [5.0, 30.0]"
3165,./audio/3165.wav,./audio/ref_voice/alienkevin.wav,香港嘅dim sum真係過癮，點解龍蝦餃同har gow咁好食？,8.0854,kept,train,"8.09s in [5.0, 30.0]"
3166,./audio/3166.wav,./audio/ref_voice/alienkevin.wav,我出街若唔知食咩，我通常會揀吃ramen，湯底味道豐富，配埋叉燒、egg同seaweed，無敵！,12.6507,kept,train,"12.65s in [5.0, 30.0]"
3167,./audio/3167.wav,./audio/ref_voice/alienkevin.wav,"個朝我食咗個English breakfast，有bacon, sausage, scrambled eggs同toast，簡直就係美味極了喎！",9.664,kept,train,"9.66s in [5.0, 30.0]"
3168,./audio/3168.wav,./audio/ref_voice/alienkevin.wav,我最鐘意嘅snack係popcorn，特別係電影院嗰款鹹帶甜嘅，每次睇戲都少唔得呢個！,9.4294,kept,train,"9.43s in [5.0, 30.0]"
3169,./audio/3169.wav,./audio/ref_voice/alienkevin.wav,"我上個星期同朋友食燒烤，有chicken wings, lamb chops同veggies，成晚食得好滿足！",9.687,kept,train,"9.69s in [5.0, 30.0]"
3170,./audio/3170.wav,./audio/ref_voice/alienkevin.wav,London嘅Big Ben喺夜晚嘅時候真係特別breathtaking，just like a fairytale come alive一般。,9.216,kept,train,"9.22s in [5.0, 30.0]"
3171,./audio/3171.wav,./audio/ref_voice/alienkevin.wav,Japan嘅cherry blossom喺春天時分開得十分spectacular，彷如置身於a world painted pink一樣。,9.664,kept,train,"9.66s in [5.0, 30.0]"
3172,./audio/3172.wav,./audio/ref_voice/alienkevin.wav,Australia嘅Great Barrier Reef就好似一個underwater paradise咁，咁多colorful嘅marine life真係超驚…,10.496,kept,train,"10.50s in [5.0, 30.0]"
3173,./audio/3173.wav,./audio/ref_voice/alienkevin.wav,Paris嘅Eiffel Tower喺夜幕落低時候噉古銅色嘅燈光真係romantic到不得了，好似置身於a city of love嘅篇章入面。,12.2454,kept,train,"12.25s in [5.0, 30.0]"
3174,./audio/3174.wav,./audio/ref_voice/alienkevin.wav,New York嘅Times Square喺晚上燈火通明，穿梭於咁多flashing neon lights中間，你會感到你係world's center。,11.4774,kept,train,"11.48s in [5.0, 30.0]"
3175,./audio/3175.wav,./audio/ref_voice/alienkevin.wav,India嘅Taj Mahal喺清晨嘅陽光下獨特嘅marble architecture，真係reflect出一個unparalleled splendor。”,9.728,kept,eval,"9.73s in [5.0, 30.0]"
3176,./audio/3176.wav,./audio/ref_voice/alienkevin.wav,Hawaii嘅beaches其實就係一個perfect getaway，晶瑩剔透嘅海水同金色嘅沙灘真係好似heaven on earth一樣。”,11.6267,kept,train,"11.63s in [5.0, 30.0]"
3177,./audio/3177.wav,./audio/ref_voice/alienkevin.wav,Switzerland嘅Alps就好似一幅perfectly painted landscape一樣，每次進入嗰度都會為佢嘅natural beauty所震撼。…,8.384,kept,train,"8.38s in [5.0, 30.0]"
3178,./audio/3178.wav,./audio/ref_voice/alienkevin.wav,Venice嘅gondola rides係另一個can't miss嘅experience，嗰啲narrow canals同quiet streets都會使你f…,13.0987,kept,train,"13.10s in [5.0, 30.0]"
3179,./audio/3179.wav,./audio/ref_voice/alienkevin.wav,China嘅Great Wall真係can't be missed，當你行喺呢一段歷史嘅path上，你會感受到古代嘅strength同wisdom。”,9.1307,kept,train,"9.13s in [5.0, 30.0]"
3180,./audio/3180.wav,./audio/ref_voice/alienkevin.wav,"我最鍾意嘅movie就係'Inception', 度嘅plot twist真係令人unexpected!",7.1894,kept,train,"7.19s in [5.0, 30.0]"
3181,./audio/3181.wav,./audio/ref_voice/alienkevin.wav,"最近跟friend去咗玩'Eacape Room', 嗰度嘅puzzle解得我頭都大，但成功escape嗰刻真係超exciting！",9.7067,kept,train,"9.71s in [5.0, 30.0]"
3182,./audio/3182.wav,./audio/ref_voice/alienkevin.wav,"上個weekend我哋plan要去karaoke, 好耐冇咁唱歌feel盡興嘅！",9.216,kept,train,"9.22s in [5.0, 30.0]"
3183,./audio/3183.wav,./audio/ref_voice/alienkevin.wav,"我最近迷上咗玩Nintendo Switch 嘅game 'Animal Crossing', 個game world真係好relaxing.",10.731,kept,train,"10.73s in [5.0, 30.0]"
3184,./audio/3184.wav,./audio/ref_voice/alienkevin.wav,"我鍾意喺free time 睇下Netflix嘅series, 'Stranger Things'真係好captivating.",8.128,kept,eval,"8.13s in [5.0, 30.0]"
3185,./audio/3185.wav,./audio/ref_voice/alienkevin.wav,"周末揾班friend去hiking, 係good exercise，又可以enjoy到好風景，真係好refreshing。",9.088,kept,train,"9.09s in [5.0, 30.0]"
3186,./audio/3186.wav,./audio/ref_voice/alienkevin.wav,"我鍾意read嘅book就係'Harry Potter’, 嗰套series真係令我完全immersed.",7.424,kept,train,"7.42s in [5.0, 30.0]"
3187,./audio/3187.wav,./audio/ref_voice/alienkevin.wav,"我會喺spare 時間去做下yoga, 呢啲exercise真係幫助我relax同release stress.",7.6374,kept,train,"7.64s in [5.0, 30.0]"
3188,./audio/3188.wav,./audio/ref_voice/alienkevin.wav,"雖然班仔驚我唔鐘意, 但我都真係鍾意喺家睇下TV shows, 尤其係 'Game of Thrones'。",8.8107,kept,train,"8.81s in [5.0, 30.0]"
3189,./audio/3189.wav,./audio/ref_voice/alienkevin.wav,"我都好中意睇YouTube影片, 尤其係travel vlogs，佢哋好inspiring，令我有想要exploring 新地方嘅欲望。",9.2587,kept,train,"9.26s in [5.0, 30.0]"
3190,./audio/3190.wav,./audio/ref_voice/alienkevin.wav,喺比賽中，我哋需要keep positive咁嘅mindset，咁先至會有機會獲得victory。,7.424,kept,train,"7.42s in [5.0, 30.0]"
3191,./audio/3191.wav,./audio/ref_voice/alienkevin.wav,足球team之間嘅competition真係好intense，係torunament中每一步都要小心谨慎，唔可以有任何嘅lapses。,9.216,kept,train,"9.22s in [5.0, 30.0]"
3192,./audio/3192.wav,./audio/ref_voice/alienkevin.wav,作為一個professional athlete，你需要專注於你嘅physical condition 以及你嘅mental health。,8.064,kept,train,"8.06s in [5.0, 30.0]"
3193,./audio/3193.wav,./audio/ref_voice/alienkevin.wav,我哋個team win咗championship，真係好exciting。我哋hard work都算係得到了回報。,7.5734,kept,train,"7.57s in [5.0, 30.0]"
3194,./audio/3194.wav,./audio/ref_voice/alienkevin.wav,我哋嘅goalkeeper做咗一個fantastic save，佢真係我哋team嘅hero。,8.32,kept,train,"8.32s in [5.0, 30.0]"
3195,./audio/3195.wav,./audio/ref_voice/alienkevin.wav,每當我完成一個difficult challenge嘅時候，我哋都會感到一種indescribable joy。,8.4907,kept,train,"8.49s in [5.0, 30.0]"
3196,./audio/3196.wav,./audio/ref_voice/alienkevin.wav,我哋training session除咗體能，仲要配合咗技術training，咁至至能真正improve我哋嘅performance。,10.3894,kept,train,"10.39s in [5.0, 30.0]"
3197,./audio/3197.wav,./audio/ref_voice/alienkevin.wav,在篮球match中，我們需要使用策略active defense來對抗對手嘅offense。,8.448,kept,train,"8.45s in [5.0, 30.0]"
3198,./audio/3198.wav,./audio/ref_voice/alienkevin.wav,Physical fitness喺整個比賽中都好重要，唔好等到feel exhausted時先留意到你嘅身體狀況。,10.4747,kept,eval,"10.47s in [5.0, 30.0]"
3199,./audio/3199.wav,./audio/ref_voice/alienkevin.wav,我們需要定期參加match去test和improve我哋嘅skills和endurance。,7.1894,kept,train,"7.19s in [5.0, 30.0]"
3200,./audio/3200.wav,./audio/ref_voice/alienkevin.wav,香港嘅unemployment rate升到歷史新高，政府需要提供更多嘅support，幫助市民度過難關。,7.959,kept,train,"7.96s in [5.0, 30.0]"
3201,./audio/3201.wav,./audio/ref_voice/alienkevin.wav,香港近期嘅property market始終冷風冷，不過expert預計疫情過後恢復應有望見迎首座回升。,9.92,kept,train,"9.92s in [5.0, 30.0]"
3202,./audio/3202.wav,./audio/ref_voice/alienkevin.wav,香港立法會成員選舉推遲，一個問題喺會不會影響香港嘅international status.,9.8987,kept,train,"9.90s in [5.0, 30.0]"
3203,./audio/3203.wav,./audio/ref_voice/alienkevin.wav,最近香港MTR嘅車廂內常見到唔戴口罩嘅乘客，希望政府加強enforce並提高罰款，以保護公眾health and safety.,12.16,kept,train,"12.16s in [5.0, 30.0]"
3204,./audio/3204.wav,./audio/ref_voice/alienkevin.wav,蘋果日報被政府指控可能犯反國安法，引起了big issue喺freedom of speech 嘅問題。,9.1947,kept,train,"9.19s in [5.0, 30.0]"
3205,./audio/3205.wav,./audio/ref_voice/alienkevin.wav,香港嘅education system一直以成績為主要衡量標準，帶來big pressure喺學生身上，需要有改革嘅momentum。,10.176,kept,train,"10.18s in [5.0, 30.0]"
3206,./audio/3206.wav,./audio/ref_voice/alienkevin.wav,香港新冠疫情嚴重，市民hope政府能充分利用资源，抑制病毒嘅spread。,9.4507,kept,train,"9.45s in [5.0, 30.0]"
3207,./audio/3207.wav,./audio/ref_voice/alienkevin.wav,香港嘅bring your own bag policy引起了各方面嘅debate，一方面可以減輕environmental impact，但另一方面可能增加住…,11.52,kept,train,"11.52s in [5.0, 30.0]"
3208,./audio/3208.wav,./audio/ref_voice/alienkevin.wav,"香港嘅IT industry發展有限，政府需要更多嘅initiative boost企業創新及吸引更多嘅talent。"" ",9.8347,kept,train,"9.83s in [5.0, 30.0]"
3209,./audio/3209.wav,./audio/ref_voice/alienkevin.wav,香港嘅population年齡老化問題將是未來嘅big challenge，需要有長遠嘅plan去應對。,7.68,kept,train,"7.68s in [5.0, 30.0]"
3210,./audio/3210.wav,./audio/ref_voice/alienkevin.wav,我鍾意去時代廣場shopping，因為有好多時尚嘅brands集中係度，仲有一大堆好味嘅餐廳可以揀呢。,9.8134,kept,train,"9.81s in [5.0, 30.0]"
3211,./audio/3211.wav,./audio/ref_voice/alienkevin.wav,Harbour City真係香港嘅shopping paradise，你可以揾到由平價到高端嘅所有shopping options，真係唔洗走遍全香港啦。,9.92,kept,train,"9.92s in [5.0, 30.0]"
3212,./audio/3212.wav,./audio/ref_voice/alienkevin.wav,我覺得Elements街口唔算大，但係每間店都好有質素，可以睇到唔同嘅fashion trends，仲有得睇電影，真係一個all-rounded嘅shoppin…,10.9867,kept,train,"10.99s in [5.0, 30.0]"
3213,./audio/3213.wav,./audio/ref_voice/alienkevin.wav,如果你想買designer brands，我推薦你去Landmark 買手袋或者鞋，佢哋嘅選擇真係好多，仲可以一邊shop一邊飲咖啡，好享受噃。,10.88,kept,train,"10.88s in [5.0, 30.0]"
3214,./audio/3214.wav,./audio/ref_voice/alienkevin.wav,Festival Walk嘅layout好舒服，買嘢唔會覺得亂，有得shopping又有得食，一家大小都可以滿足到，真係好方便呢。,9.7067,kept,train,"9.71s in [5.0, 30.0]"
3215,./audio/3215.wav,./audio/ref_voice/alienkevin.wav,我通常會去IFC Mall買衫同電器，因為佢哋有好多高品質嘅stores同好多新品首發，讓我可以買到最新嘅products呢。,11.3707,kept,train,"11.37s in [5.0, 30.0]"
3216,./audio/3216.wav,./audio/ref_voice/alienkevin.wav,新城市廣場嘅優點就係有平價同高端嘅stores，無論你想買啲咩，都可以喺度搵到，真係好方便。,9.344,kept,train,"9.34s in [5.0, 30.0]"
3217,./audio/3217.wav,./audio/ref_voice/alienkevin.wav,你可以比reading more and more，但係要學識如何filter出有用嘅資訊，咁樣先更加effective。,8.3627,kept,train,"8.36s in [5.0, 30.0]"
3218,./audio/3218.wav,./audio/ref_voice/alienkevin.wav,每日都要set aside 嘅時間黎學習，唔可以儲到留嘅功課變成mountain high.,7.7867,kept,train,"7.79s in [5.0, 30.0]"
3219,./audio/3219.wav,./audio/ref_voice/alienkevin.wav,Learning process 唔應該畀pressure dominate，學習最重要嘅係享受就埋咗一半嘅成功路。,8.6614,kept,train,"8.66s in [5.0, 30.0]"
3220,./audio/3220.wav,./audio/ref_voice/alienkevin.wav,學習過程唔係straight road，有ups and downs都係正常的，最重要係擁抱每一個challenge.,7.552,kept,train,"7.55s in [5.0, 30.0]"
3221,./audio/3221.wav,./audio/ref_voice/alienkevin.wav,記緊，唔好偷懶，因為effort 唔係overnight就可以見到result，有持續嘅努力先至會有成功嘅一日。,8.4694,kept,train,"8.47s in [5.0, 30.0]"
3222,./audio/3222.wav,./audio/ref_voice/alienkevin.wav,"學習並唔係copy and paste，你需要去understand你嘅內容，咁你先可以真係學懂嘅嘢。"" ",7.7867,kept,train,"7.79s in [5.0, 30.0]"
3223,./audio/3223.wav,./audio/ref_voice/alienkevin.wav,Failures 唔係終點，唔好畀一次失敗拖拉你前路，Remember 'Failure is the mother of success'.,8.704,kept,train,"8.70s in [5.0, 30.0]"
3224,./audio/3224.wav,./audio/ref_voice/alienkevin.wav,"無論讀咩科都需要 patience，唔係一秒鐘就能學懂，嘗試睇多啲，問問題，用hunger for knowledge來驅使自己。"" ",10.263,kept,train,"10.26s in [5.0, 30.0]"
3225,./audio/3225.wav,./audio/ref_voice/alienkevin.wav,"Manage 好你嘅time同resources，學懂prioritize嘅技巧，唔好讓distractions影響你學習既進度。"" ",8.832,kept,train,"8.83s in [5.0, 30.0]"
3226,./audio/3226.wav,./audio/ref_voice/alienkevin.wav,"成功並唔單單係關乎intelligence，你要有passion，perseverance同埋hard work。"" ",9.0454,kept,eval,"9.05s in [5.0, 30.0]"
3227,./audio/3227.wav,./audio/ref_voice/alienkevin.wav,"學識appreciate每一步嘅學習過程，咁樣你就可以enjoy每一個你學到嘅small victories。"" ",7.383,kept,train,"7.38s in [5.0, 30.0]"
3228,./audio/3228.wav,./audio/ref_voice/alienkevin.wav,"你嘅學習態度比你嘅能力更加重要，所以每日都要keep positive，keep learning。"" ",6.72,kept,train,"6.72s in [5.0, 30.0]"
3229,./audio/3229.wav,./audio/ref_voice/alienkevin.wav,學習唔需要 rush，需要嘅係consistency，keep pushing自己，最終你會達到goal。,7.104,kept,train,"7.10s in [5.0, 30.0]"
3230,./audio/3230.wav,./audio/ref_voice/alienkevin.wav,"Be adaptable, 随机应变系工作中最重要的能力之一。",6.144,kept,train,"6.14s in [5.0, 30.0]"
3231,./audio/3231.wav,./audio/ref_voice/alienkevin.wav,"Keep learning, 勇于学习新知识和技能，才能喺工作中勇往直前。",6.4,kept,eval,"6.40s in [5.0, 30.0]"
3232,./audio/3232.wav,./audio/ref_voice/alienkevin.wav,"Be proactive, 不要只系等待指示，而要学会主动。",5.547,kept,train,"5.55s in [5.0, 30.0]"
3233,./audio/3233.wav,./audio/ref_voice/alienkevin.wav,"Work smart, 工作要有策略，喺时间和效率上找平衡。",5.9307,kept,train,"5.93s in [5.0, 30.0]"
3234,./audio/3234.wav,./audio/ref_voice/alienkevin.wav,"Maintain a positive attitude, 保持积极的态度，这样工作才更有动力。",7.2534,kept,train,"7.25s in [5.0, 30.0]"
3235,./audio/3235.wav,./audio/ref_voice/alienkevin.wav,"Balance work and life, 工作生活平衡系相当重要的，不能只系工作而忽视了生活。",8.2347,kept,train,"8.23s in [5.0, 30.0]"
3236,./audio/3236.wav,./audio/ref_voice/alienkevin.wav,"Keep improving, 永不满足，时常寻求自我提升的机会。",5.7814,kept,train,"5.78s in [5.0, 30.0]"
3237,./audio/3237.wav,./audio/ref_voice/alienkevin.wav,"Communicate effectively, 有效地沟通喺工作中至关重要。",6.2507,kept,train,"6.25s in [5.0, 30.0]"
3238,./audio/3238.wav,./audio/ref_voice/alienkevin.wav,"Be professional, 专业的态度喺任何工作中都是必需的。",6.1654,kept,train,"6.17s in [5.0, 30.0]"
3239,./audio/3239.wav,./audio/ref_voice/alienkevin.wav,"Meet deadlines, 完成工作喺规定的时间内系我们的职责。",6.3787,kept,train,"6.38s in [5.0, 30.0]"
3240,./audio/3240.wav,./audio/ref_voice/alienkevin.wav,"Be a team player, 学会合作，这样的团队精神喺工作中相当重要。",6.4,kept,train,"6.40s in [5.0, 30.0]"
3241,./audio/3241.wav,./audio/ref_voice/alienkevin.wav,"Believe in yourself, 有自信心，相信自己的能力，你就可以在任何工作中取得成功。",7.744,kept,train,"7.74s in [5.0, 30.0]"
3242,./audio/3242.wav,./audio/ref_voice/alienkevin.wav,highlight清朝！今天既天氣真係非常on point，有陽光有微風，perfect weather！,6.6134,kept,train,"6.61s in [5.0, 30.0]"
3243,./audio/3243.wav,./audio/ref_voice/alienkevin.wav,"瞄啲clouds，都係灰灰地，天氣就咁prepare要fall，我哋都要ready淨係會know to embrace it。"" ",8.2987,kept,eval,"8.30s in [5.0, 30.0]"
3244,./audio/3244.wav,./audio/ref_voice/alienkevin.wav,明天話可能會有heavy rain，記得要wear雨衣出街，記住身體健康始終是number one priority!,8.3414,kept,train,"8.34s in [5.0, 30.0]"
3245,./audio/3245.wav,./audio/ref_voice/alienkevin.wav,"Refreshingly cool! 風嗮嗮咁嚟，跟住有小雨，真係靚"";",9.28,kept,train,"9.28s in [5.0, 30.0]"
3246,./audio/3246.wav,./audio/ref_voice/alienkevin.wav,靠，唔系講個sun so bright，直插眼都唔blink! 快D hold住當下嘅moment。,6.4,kept,train,"6.40s in [5.0, 30.0]"
3247,./audio/3247.wav,./audio/ref_voice/alienkevin.wav,天氣report講會sunny，结果出咗大太陽，我哋夾埋陽光bath，唔會花幾多energy。,8.1494,kept,train,"8.15s in [5.0, 30.0]"
3248,./audio/3248.wav,./audio/ref_voice/alienkevin.wav,"呢dweather真係make我feel stress，no wind, no cool。冇咩心情去做think.",8.64,kept,train,"8.64s in [5.0, 30.0]"
3249,./audio/3249.wav,./audio/ref_voice/alienkevin.wav,有時天公伯伯真係夠mean，熱到吾得，唔知浸冷water會唔會好啲。,6.976,kept,train,"6.98s in [5.0, 30.0]"
3250,./audio/3250.wav,./audio/ref_voice/alienkevin.wav,天氣有d on and off，陰晴唔定，記得要擺好傘就唔怕rain surprise。,6.5494,kept,train,"6.55s in [5.0, 30.0]"
3251,./audio/3251.wav,./audio/ref_voice/alienkevin.wav,Good days always fly，今日嘅天weather真係十分fit，心情好開朗。,7.4454,kept,train,"7.45s in [5.0, 30.0]"
3252,./audio/3252.wav,./audio/ref_voice/alienkevin.wav,做人細雨 day 都要開心笑，唔好比天氣influence自己嘅mood！,6.807,kept,train,"6.81s in [5.0, 30.0]"
3253,./audio/3253.wav,./audio/ref_voice/alienkevin.wav,Hot summer day係咁，太陽好high，涼風未必有，保持cool就好！,6.528,kept,train,"6.53s in [5.0, 30.0]"
3254,./audio/3254.wav,./audio/ref_voice/alienkevin.wav,我細個嘅時候最鍾意喺公園食picnic，媽媽會帶sandwich，fruits同埋小蛋糕，美好嘅回憶啊！,5.9307,kept,train,"5.93s in [5.0, 30.0]"
3255,./audio/3255.wav,./audio/ref_voice/alienkevin.wav,我最鍾意嘅甜品係cheesecake，尤其係紐約style嗰款，夠香夠軟滑！,9.003,kept,train,"9.00s in [5.0, 30.0]"
3256,./audio/3256.wav,./audio/ref_voice/alienkevin.wav,冬天嚟咗，我最感冀嘅就係食一碗熱辣辣嘅tomato soup，再配埋焗至金黃嘅garlic bread，簡直完美！,6.8267,kept,train,"6.83s in [5.0, 30.0]"
3257,./audio/3257.wav,./audio/ref_voice/alienkevin.wav,學做sushi真係一門學問，要揀fresh嘅魚，煮啱嘅壽司飯，最後仲要roll得靚，但味道真係值得嘅！,10.496,kept,train,"10.50s in [5.0, 30.0]"
3258,./audio/3258.wav,./audio/ref_voice/alienkevin.wav,我最近好鍾意食avocado toast，營養豐富又健康，早餐吃完感覺整個人都充滿咗活力！,10.0054,kept,train,"10.01s in [5.0, 30.0]"
3259,./audio/3259.wav,./audio/ref_voice/alienkevin.wav,噚日我同朋友去咗一間新開嘅Italian restaurant，個pasta煮得好好味，再配上一杯red wine，真係美味極了！,8.427,kept,train,"8.43s in [5.0, 30.0]"
3260,./audio/3260.wav,./audio/ref_voice/alienkevin.wav,每次去Taiwan，我必定要食邊嘅bubble tea同street food，味道真係無嘅頂！,9.003,kept,train,"9.00s in [5.0, 30.0]"
3261,./audio/3261.wav,./audio/ref_voice/alienkevin.wav,"我鍾意自己煮salad，可以揀自己鍾意嘅veggies同dressings，健康之餘仲可以滿足口慾！"" ",9.024,kept,train,"9.02s in [5.0, 30.0]"
3262,./audio/3262.wav,./audio/ref_voice/alienkevin.wav,對於一個chocolate fan嚟講，無嘢比一盒rich同creamy嘅Belgian chocolates更令人快樂啦！,7.5307,kept,train,"7.53s in [5.0, 30.0]"
3263,./audio/3263.wav,./audio/ref_voice/alienkevin.wav,我鍾意嘅傳統Hong Kong breakfast一定有蛋撻、瑪琳、港式奶茶同豬仔包，呢啲都係我嘅comfort food！,7.6587,kept,train,"7.66s in [5.0, 30.0]"
3264,./audio/3264.wav,./audio/ref_voice/alienkevin.wav,Paris嘅Eiffel Tower喺夜晚時分燈光閃爍，just like stars on earth一樣，美得令人目不暇給。,9.7707,kept,eval,"9.77s in [5.0, 30.0]"
3265,./audio/3265.wav,./audio/ref_voice/alienkevin.wav,New York嘅Times Square夜晚嘅neon lights就好似a city that never sleeps咁，真係好有活力。,9.2587,kept,train,"9.26s in [5.0, 30.0]"
3266,./audio/3266.wav,./audio/ref_voice/alienkevin.wav,Italy嘅Colosseum有千年嘅歷史，一睇就知道係a testament of time and human genius.,7.616,kept,train,"7.62s in [5.0, 30.0]"
3267,./audio/3267.wav,./audio/ref_voice/alienkevin.wav,窮遊South Africa，一定要見證一下世界著名嘅natural wonder--Table Mountain，dat view from the top就…,7.6587,kept,train,"7.66s in [5.0, 30.0]"
3268,./audio/3268.wav,./audio/ref_voice/alienkevin.wav,England嘅Stonehenge可以算係世界上最神秘嘅地方之一，充滿咗incredible ancient mystery。,10.176,kept,train,"10.18s in [5.0, 30.0]"
3269,./audio/3269.wav,./audio/ref_voice/alienkevin.wav,Egypt嘅pyramids是紀念古代文明嘅monumental structures，一睇就驚訝點解人類可以建設咁大型嘅建築。,7.8934,kept,eval,"7.89s in [5.0, 30.0]"
3270,./audio/3270.wav,./audio/ref_voice/alienkevin.wav,"Sweden嘅Northern Lights，真係迷人，彷如天空中嘅natural light show一樣，燦爛得使人無法忘懷。"" ",8.7254,kept,train,"8.73s in [5.0, 30.0]"
3271,./audio/3271.wav,./audio/ref_voice/alienkevin.wav,Brazil嘅Amazon Rainforest就似一個nature's treasure chest，擁有未知數量嘅animal and plant spec…,8.128,kept,train,"8.13s in [5.0, 30.0]"
3272,./audio/3272.wav,./audio/ref_voice/alienkevin.wav,India嘅Taj Mahal就好似一個emblem of love咁，浪漫得使人無法抗拒。,8.064,kept,train,"8.06s in [5.0, 30.0]"
3273,./audio/3273.wav,./audio/ref_voice/alienkevin.wav,Thailand嘅beaches都好美，蔚藍海水似乎在說著'this is paradise'。,7.232,kept,train,"7.23s in [5.0, 30.0]"
3274,./audio/3274.wav,./audio/ref_voice/alienkevin.wav,去咗嗰間新open嘅喜劇club，嗰度嘅comedians真係笑死人啦！,6.6347,kept,train,"6.63s in [5.0, 30.0]"
3275,./audio/3275.wav,./audio/ref_voice/alienkevin.wav,"最近成日睇Netflix嘅documentary系列，學到好多新知識唔覺得悶。"" ",6.2507,kept,train,"6.25s in [5.0, 30.0]"
3276,./audio/3276.wav,./audio/ref_voice/alienkevin.wav,今晚我同我女朋友會去睇個新rom-com電影，well excited我喎！,6.4214,kept,train,"6.42s in [5.0, 30.0]"
3277,./audio/3277.wav,./audio/ref_voice/alienkevin.wav,一班friend話佢哋成日畀我介紹下個Technology Channel喺Youtube，super informative架！,6.5067,kept,eval,"6.51s in [5.0, 30.0]"
3278,./audio/3278.wav,./audio/ref_voice/alienkevin.wav,疫情期間所有concert都cancel咗，真係好想去live show feel吓震撼聲浪啊！,7.2107,kept,train,"7.21s in [5.0, 30.0]"
3279,./audio/3279.wav,./audio/ref_voice/alienkevin.wav,"我最近超愛玩那種escape room games, 想挑戰下個腦袋，又可以同friend一齊解決嘅puzzle！",6.4427,kept,train,"6.44s in [5.0, 30.0]"
3280,./audio/3280.wav,./audio/ref_voice/alienkevin.wav,我嗰位朋友係網絡influencer，佢每日都會post新嘅fitness video喺Instagram，我每次都會follow佢一齊做運動嫁。,7.808,kept,train,"7.81s in [5.0, 30.0]"
3281,./audio/3281.wav,./audio/ref_voice/alienkevin.wav,我最近鍾意咗玩VR遊戲，雖然當下有啲頭暈，但係感覺真係好amazing。,9.3014,kept,train,"9.30s in [5.0, 30.0]"
3282,./audio/3282.wav,./audio/ref_voice/alienkevin.wav,隔離期間我學咗好多新嘅baking recipe，我女朋友都好喜歡我煮嘅甜品。,7.04,kept,train,"7.04s in [5.0, 30.0]"
3283,./audio/3283.wav,./audio/ref_voice/alienkevin.wav,我對籃球非常passionate，尤其支持L.A. Lakers，每次佢哋有war我都一定都要stay up late去睇直播。,6.231,kept,train,"6.23s in [5.0, 30.0]"
3284,./audio/3284.wav,./audio/ref_voice/alienkevin.wav,做為一個professional athlete，每日嘅training都係好重要嘅一部分，我們需要maintain一個好嘅physical condition…,10.9227,kept,train,"10.92s in [5.0, 30.0]"
3285,./audio/3285.wav,./audio/ref_voice/alienkevin.wav,要成功喺sports field上，我哋除咗需要良好嘅技能，還要有team spirit同咁determination。,8.3414,kept,train,"8.34s in [5.0, 30.0]"
3286,./audio/3286.wav,./audio/ref_voice/alienkevin.wav,我們嘅coach話足球唔只仲係喺field上kick球，同樣需要一個strong strategy來對付不同嘅situations。,8.9387,kept,train,"8.94s in [5.0, 30.0]"
3287,./audio/3287.wav,./audio/ref_voice/alienkevin.wav,做為一個swimmer，你需要有endurance跟patience，都唔可以怕hard work。,9.216,kept,train,"9.22s in [5.0, 30.0]"
3288,./audio/3288.wav,./audio/ref_voice/alienkevin.wav,喺一場rugby game裡面，defense同埋offense都一樣重要， team members間嘅coordination都係非常關鍵嘅一點。,6.8907,kept,train,"6.89s in [5.0, 30.0]"
3289,./audio/3289.wav,./audio/ref_voice/alienkevin.wav,若果你想參加marathon，你要做好長時間嘅endurance training，同時也保持一枝positive attitude。,8.8534,kept,train,"8.85s in [5.0, 30.0]"
3290,./audio/3290.wav,./audio/ref_voice/alienkevin.wav,Squash係一個需要高度concentration和precision嘅sport，你需要保持focus，兼蛾對手嘅movements要有深度嘅underst…,8.32,kept,train,"8.32s in [5.0, 30.0]"
3291,./audio/3291.wav,./audio/ref_voice/alienkevin.wav,於tennis court上，我哋連續嘅practice同training可以提升我們嘅performance同比賽時候嘅confidence。,11.6267,kept,train,"11.63s in [5.0, 30.0]"
3292,./audio/3292.wav,./audio/ref_voice/alienkevin.wav,喺任何一種sport裡面，determination同埋perseverance都係能夠帶領你達至成功嘅key factors。,8.7254,kept,train,"8.73s in [5.0, 30.0]"
3293,./audio/3293.wav,./audio/ref_voice/alienkevin.wav,當你做為一個football player，無論喺field上或者喺life中，都需要有足夠嘅discipline同loyalty。,8.1067,kept,train,"8.11s in [5.0, 30.0]"
3294,./audio/3294.wav,./audio/ref_voice/alienkevin.wav,中環遊行有大量警察handle，希望唔係出現任何形式嘅confrontation。,8.0427,kept,train,"8.04s in [5.0, 30.0]"
3295,./audio/3295.wav,./audio/ref_voice/alienkevin.wav,立法會discussion關於選舉法嘅改變，輿論唔知點react。,6.5067,kept,train,"6.51s in [5.0, 30.0]"
3296,./audio/3296.wav,./audio/ref_voice/alienkevin.wav,被DQ嘅候選人表示，現在嘅政府已經破壞咗香港嘅democratic system。,5.824,kept,train,"5.82s in [5.0, 30.0]"
3297,./audio/3297.wav,./audio/ref_voice/alienkevin.wav,雖然政府依家好focus放在抗疫，但係噤hand仲需要解決嘅社會問題同窮苦嘅economic situation都係不能忽視。,6.3787,kept,train,"6.38s in [5.0, 30.0]"
3298,./audio/3298.wav,./audio/ref_voice/alienkevin.wav,新嘅港版國安法影響咗香港嘅freedom of speech，有人擔心會嚴重impact香港嘅社會安定。,11.136,kept,eval,"11.14s in [5.0, 30.0]"
3299,./audio/3299.wav,./audio/ref_voice/alienkevin.wav,經過咗一場嘅anti-extradition protests，市民呼籲government需要fairly處理所有嘅事件。,9.3867,kept,train,"9.39s in [5.0, 30.0]"
3300,./audio/3300.wav,./audio/ref_voice/alienkevin.wav,香港既education system受國安法影響出現大變，希望政府尊重academic freedom唔好censorship過度。,8.832,kept,train,"8.83s in [5.0, 30.0]"
3301,./audio/3301.wav,./audio/ref_voice/alienkevin.wav,本地嘅unemployment rate穩定上升，我哋期待政府可以提供更多嘅job opportunities比受影響嘅市民。,9.5147,kept,train,"9.51s in [5.0, 30.0]"
3302,./audio/3302.wav,./audio/ref_voice/alienkevin.wav,旺角recent protest有人話係expression of freedom，但都有人話喺breaking the law.,8.448,kept,train,"8.45s in [5.0, 30.0]"
3303,./audio/3303.wav,./audio/ref_voice/alienkevin.wav,香港疫情再次嚴重，好擔心hospitals唔能夠handle嚟緊嘅pressure。,7.0614,kept,train,"7.06s in [5.0, 30.0]"
3304,./audio/3304.wav,./audio/ref_voice/alienkevin.wav,Mongkok一帶嘅ladies market同sneakers street真係買衫買鞋嘅好去處，價錢相宜，款式又多，大家可以去嗰度hunt for barg…,6.5494,kept,train,"6.55s in [5.0, 30.0]"
3305,./audio/3305.wav,./audio/ref_voice/alienkevin.wav,IFC Mall裡面滿滿都係brand names，如果你鍾意名牌產品，嗰度簡直係shopping heaven噃。,10.0907,kept,train,"10.09s in [5.0, 30.0]"
3306,./audio/3306.wav,./audio/ref_voice/alienkevin.wav,SOGO唔止有香港嘅本土brand，仲引入咗好多日本嘅products，真係喺嗰度就可以experience到兩個地方嘅shopping culture架。,8.9387,kept,train,"8.94s in [5.0, 30.0]"
3307,./audio/3307.wav,./audio/ref_voice/alienkevin.wav,Stanley Market真係一個淨購物嘅出街好去處，有好多unique嘅手工藝品同souvenirs，仲可以欣賞到波濤拍岸嘅美景。,9.472,kept,eval,"9.47s in [5.0, 30.0]"
3308,./audio/3308.wav,./audio/ref_voice/alienkevin.wav,Citygate Outlets有市場上嘅高端品牌，全部都係bargain priced，尤其係season change嘅時候，shopping discou…,9.4507,kept,train,"9.45s in [5.0, 30.0]"
3309,./audio/3309.wav,./audio/ref_voice/alienkevin.wav,以Professor Snape嘅話嚟講，Admiralty中嘅Pacific Place就似 'finite incantatem' 一咁，所有你想要嘅sho…,10.1974,kept,train,"10.20s in [5.0, 30.0]"
3310,./audio/3310.wav,./audio/ref_voice/alienkevin.wav,"K11 Art Mall唔單止有購物嘅experience，佢仲整合咗藝術同設計element，去嗰度購物就好似參加一個art exhibition咁。"" ",11.6907,kept,train,"11.69s in [5.0, 30.0]"
3311,./audio/3311.wav,./audio/ref_voice/alienkevin.wav,"去Times Square累咗shopping，你都可以去佢隔離嘅food court享受一頓美食，真係food and shopping，一次過得嚟呢。"" ",10.0907,kept,train,"10.09s in [5.0, 30.0]"
3312,./audio/3312.wav,./audio/ref_voice/alienkevin.wav,Landmark就算你唔買嘢，單係去行下都已經係一種享受，因為佢嘅interior design同layout，令人感覺好relaxed嘅。,10.3254,kept,train,"10.33s in [5.0, 30.0]"
3313,./audio/3313.wav,./audio/ref_voice/alienkevin.wav,Hysan Place嘅Bookstore真係令人impressed，你可以喺度揀本書，然後就喺度慢慢read，結合咗買書同relaxation嘅感覺。,10.2187,kept,train,"10.22s in [5.0, 30.0]"
3314,./audio/3314.wav,./audio/ref_voice/alienkevin.wav,Believe in yourself，唔好怕失敗，但要記得每一次嘅失敗都係學習嘅機會。,6.528,kept,train,"6.53s in [5.0, 30.0]"
3315,./audio/3315.wav,./audio/ref_voice/alienkevin.wav,學習唔係單單讀書，你需要explore世界，增加你嘅experience同perspectives。,6.4,kept,train,"6.40s in [5.0, 30.0]"
3316,./audio/3316.wav,./audio/ref_voice/alienkevin.wav,"唔好把自己框在comfort zone內，常常challenge自己，咁先有學習嘅機會。"" ",7.4454,kept,train,"7.45s in [5.0, 30.0]"
3317,./audio/3317.wav,./audio/ref_voice/alienkevin.wav,"唔好盲目咁學習，try to understand你所學嘅每一樣嘢嘅fundamentals，先至知道究竟你學緊咩。"" ",9.0667,kept,train,"9.07s in [5.0, 30.0]"
3318,./audio/3318.wav,./audio/ref_voice/alienkevin.wav,"唔一定要完美，學懂accept唔同嘅results，學識appreciate自己嘅effort同學習既journey就好。"" ",8.128,kept,train,"8.13s in [5.0, 30.0]"
3319,./audio/3319.wav,./audio/ref_voice/alienkevin.wav,"Stay curious，問問題係學習嘅好方法，唔好怕問，問多啲就會有多啲understanding。"" ",8.4054,kept,train,"8.41s in [5.0, 30.0]"
3320,./audio/3320.wav,./audio/ref_voice/alienkevin.wav,"Constantly evaluate你學習嘅progress，與其一直push自己，不如定時檢視自己學習嘅狀況然後做適當嘅adjustments。"" ",10.368,kept,train,"10.37s in [5.0, 30.0]"
3321,./audio/3321.wav,./audio/ref_voice/alienkevin.wav,"反思同review係學習過程中好重要嘅一部分，記得抽多啲時間去思考同檢討學習嘅效果。"" ",8.7254,kept,train,"8.73s in [5.0, 30.0]"
3322,./audio/3322.wav,./audio/ref_voice/alienkevin.wav,學識appreciate學習過程中嘅successes同failures，每一次都係你向目標前進嘅一步。,7.872,kept,train,"7.87s in [5.0, 30.0]"
3323,./audio/3323.wav,./audio/ref_voice/alienkevin.wav,學習喺一個lifelong journey，唔要rush yourself。學習嘅速度並唔比別人快就係好嘅，important嘅係你有冇真心去學，去unders…,12.6294,kept,train,"12.63s in [5.0, 30.0]"
3324,./audio/3324.wav,./audio/ref_voice/alienkevin.wav,"Always be positive, 每天上班都要有开心的心情。",5.3547,kept,train,"5.35s in [5.0, 30.0]"
3325,./audio/3325.wav,./audio/ref_voice/alienkevin.wav,"Time management is crucial, 好好管理时间，唔好浪费。",4.9494,too_short,n/a,4.95s < 5.0
3326,./audio/3326.wav,./audio/ref_voice/alienkevin.wav,"Good communication, 同同事之间要良好的沟通，避免误会。",6.5494,kept,train,"6.55s in [5.0, 30.0]"
3327,./audio/3327.wav,./audio/ref_voice/alienkevin.wav,"Be innovative, 总要求自己有创新的思维。",4.352,too_short,n/a,4.35s < 5.0
3328,./audio/3328.wav,./audio/ref_voice/alienkevin.wav,"Stay focused, 做事一定要集中精神，唔好分心。",4.928,too_short,n/a,4.93s < 5.0
3329,./audio/3329.wav,./audio/ref_voice/alienkevin.wav,"Always be punctual, 无论任何情况，尽量做到准时。",5.376,kept,train,"5.38s in [5.0, 30.0]"
3330,./audio/3330.wav,./audio/ref_voice/alienkevin.wav,"Show respect, 对同事或者上司都要禀持尊重的态度。",5.632,kept,train,"5.63s in [5.0, 30.0]"
3331,./audio/3331.wav,./audio/ref_voice/alienkevin.wav,"Never give up, 工作上遇到难题，坚持就是胜利。",5.312,kept,train,"5.31s in [5.0, 30.0]"
3332,./audio/3332.wav,./audio/ref_voice/alienkevin.wav,"Dress appropriately, 着装得宜，展现专业形象。",5.7387,kept,eval,"5.74s in [5.0, 30.0]"
3333,./audio/3333.wav,./audio/ref_voice/alienkevin.wav,"Demonstrate teamwork, 团队合作系非常重要的一部分。",5.2907,kept,train,"5.29s in [5.0, 30.0]"
3334,./audio/3334.wav,./audio/ref_voice/alienkevin.wav,"Be prepared, 随时准备好面对新的挑战。",5.376,kept,train,"5.38s in [5.0, 30.0]"
3335,./audio/3335.wav,./audio/ref_voice/alienkevin.wav,"Strive for excellence, 追求卓越，不满足于平凡。",5.184,kept,eval,"5.18s in [5.0, 30.0]"
3336,./audio/3336.wav,./audio/ref_voice/alienkevin.wav,"Always be learning, 学无止尽，工作中也要不断地学习和提升自己。",7.1254,kept,train,"7.13s in [5.0, 30.0]"
3337,./audio/3337.wav,./audio/ref_voice/alienkevin.wav,"Be proactive, 唔好等事情发生了先去解决，要有预见性。",6.3147,kept,train,"6.31s in [5.0, 30.0]"
3338,./audio/3338.wav,./audio/ref_voice/alienkevin.wav,"感覺秋天黎咗，weather係涼咗嗰種feel,好cozy!""  ",5.9734,kept,train,"5.97s in [5.0, 30.0]"
3339,./audio/3339.wav,./audio/ref_voice/alienkevin.wav,"冬天快黎咗，記得要bundle up保暖,咪著涼喇!"" ",6.9974,kept,train,"7.00s in [5.0, 30.0]"
3340,./audio/3340.wav,./audio/ref_voice/alienkevin.wav,"天氣好unpredictable,朝早仲係大晒，到晏晝就變咗下雨!""  ",6.464,kept,train,"6.46s in [5.0, 30.0]"
3341,./audio/3341.wav,./audio/ref_voice/alienkevin.wav,"周末有chance有大風，大家要stay safe唔好出街。""   ",5.248,kept,train,"5.25s in [5.0, 30.0]"
3342,./audio/3342.wav,./audio/ref_voice/alienkevin.wav,"呢度weather forecast話會有thunderstorms,一定要prepare好!""   ",5.6107,kept,train,"5.61s in [5.0, 30.0]"
3343,./audio/3343.wav,./audio/ref_voice/alienkevin.wav,"Humidity真係high到不得了,感覺好像whole day都係sauna房咁!""  ",7.5734,kept,eval,"7.57s in [5.0, 30.0]"
3344,./audio/3344.wav,./audio/ref_voice/alienkevin.wav,"聽日supposed to be hot day，要load up市水，小心中暑。""  ",6.3574,kept,train,"6.36s in [5.0, 30.0]"
3345,./audio/3345.wav,./audio/ref_voice/alienkevin.wav,"Hate呢種gloomy weather，冇乜mood做嘢！""   ",4.3307,too_short,n/a,4.33s < 5.0
3346,./audio/3346.wav,./audio/ref_voice/alienkevin.wav,"空氣污染指數high，外面好hazy，大家要戴住mask出街！""   ",5.44,kept,train,"5.44s in [5.0, 30.0]"
3347,./audio/3347.wav,./audio/ref_voice/alienkevin.wav,"聽日有gem warm,可以去海灘玩下水喇，記得要put on sunscreen啊！""  ",6.656,kept,train,"6.66s in [5.0, 30.0]"
3348,./audio/3348.wav,./audio/ref_voice/alienkevin.wav,"聽講今晚有shooting stars，天氣都好OK,好適合去outdoor stargazing！""   ",6.08,kept,train,"6.08s in [5.0, 30.0]"
3349,./audio/3349.wav,./audio/ref_voice/alienkevin.wav,"喺香港其實都見唔到snow，但係對於雪呢種natural phenomena都幾好奇嘅！""   ",7.4027,kept,train,"7.40s in [5.0, 30.0]"
3350,./audio/3350.wav,./audio/ref_voice/alienkevin.wav,"天氣好chill，係home drink一杯hot chocolate就最幸福!""  ",7.168,kept,train,"7.17s in [5.0, 30.0]"
3351,./audio/3351.wav,./audio/ref_voice/alienkevin.wav,"呢個weekend會好sunny，perfect weather去picnic！""  ",6.08,kept,train,"6.08s in [5.0, 30.0]"
3352,./audio/3352.wav,./audio/ref_voice/alienkevin.wav,"低溫warning出咗，希望homeless被take care，好心疼呀！""   ",5.4614,kept,train,"5.46s in [5.0, 30.0]"
3353,./audio/3353.wav,./audio/ref_voice/alienkevin.wav,"今日有high chance下雨，記得携帶raincoat或者umbrella呢!""   ",8.896,kept,train,"8.90s in [5.0, 30.0]"
3354,./audio/3354.wav,./audio/ref_voice/alienkevin.wav,"聽日會turn cooler，帶緊件jacket出街就好呢！""   ",8.6187,kept,eval,"8.62s in [5.0, 30.0]"
3355,./audio/3355.wav,./audio/ref_voice/alienkevin.wav,"近來天氣well-suited hiking，去享受下大自然吧！""  ",4.5867,too_short,n/a,4.59s < 5.0
3356,./audio/3356.wav,./audio/ref_voice/alienkevin.wav,"Foggy weather真係難預計，朝早開車出街要小心啲！""   ",5.4187,kept,train,"5.42s in [5.0, 30.0]"
3357,./audio/3357.wav,./audio/ref_voice/alienkevin.wav,"Summer就要嚟，香港嘅high temperature真係唔好頂呀！""  ",5.655,kept,train,"5.65s in [5.0, 30.0]"
3358,./audio/3358.wav,./audio/ref_voice/alienkevin.wav,呢間Japanese sushi restaurant有最正嘅sashimi，佢地嘅fish好新鮮，我成日都去食！,7.616,kept,train,"7.62s in [5.0, 30.0]"
3359,./audio/3359.wav,./audio/ref_voice/alienkevin.wav,昨晚我媽做咗香噴噴嘅roast chicken，配埋mashed potato同veggies，食完我簡直快高身肥呀！,9.0454,kept,eval,"9.05s in [5.0, 30.0]"
3360,./audio/3360.wav,./audio/ref_voice/alienkevin.wav,我對那些sweet dessert簡直無法抗拒，特別係French crepes同belgian waffles，食咗之後心情好好喎。,10.368,kept,eval,"10.37s in [5.0, 30.0]"
3361,./audio/3361.wav,./audio/ref_voice/alienkevin.wav,"我最鍾意嘅breakfast一定係eggs benedict,配埋杯medium roast coffee，真係人生一大享受。",7.552,kept,train,"7.55s in [5.0, 30.0]"
3362,./audio/3362.wav,./audio/ref_voice/alienkevin.wav,我去美國旅行嗰陣食咗philly cheesesteak，那个cheese melt得好好，好miss喎！,7.5307,kept,train,"7.53s in [5.0, 30.0]"
3363,./audio/3363.wav,./audio/ref_voice/alienkevin.wav,如果你未試過Hong Kong style milk tea同pineapple bun你真係咩都未試過！,5.6107,kept,train,"5.61s in [5.0, 30.0]"
3364,./audio/3364.wav,./audio/ref_voice/alienkevin.wav,明天晚餐做咗一個awesome嘅hot pot，食物好新鮮，仲有各種dipping sauce選擇，每一個都好想再食過喎！,8.8107,kept,train,"8.81s in [5.0, 30.0]"
3365,./audio/3365.wav,./audio/ref_voice/alienkevin.wav,最近我發現一間新open嘅Mexican restaurant，個tacos煮得好好味，再配埋杯cold beer，真係好enjoy！,11.4347,kept,train,"11.43s in [5.0, 30.0]"
3366,./audio/3366.wav,./audio/ref_voice/alienkevin.wav,你有無試過Vietnamese pho？那个soup base真係滋味無窮，仲有各種herbs做配搭，簡直是soul food！,9.1947,kept,train,"9.19s in [5.0, 30.0]"
3367,./audio/3367.wav,./audio/ref_voice/alienkevin.wav,在Japan嘅Tokyo Tower頂部，你可以俾到自己一个unforgettable view，俾你欣賞整個都市嘅燈光照耀嘅景象。,9.4294,kept,train,"9.43s in [5.0, 30.0]"
3368,./audio/3368.wav,./audio/ref_voice/alienkevin.wav,Malaysia嘅Kuala Lumpur裡面有一條street叫嗰個Petaling，依度嘅night market喺foodies嘅paradise，你可以…,11.712,kept,train,"11.71s in [5.0, 30.0]"
3369,./audio/3369.wav,./audio/ref_voice/alienkevin.wav,Australia嘅Sydney Opera House有好多世界級嘅opera performance，坐喺大劇院欣賞一場表演，真的是一次unique exp…,9.3227,kept,train,"9.32s in [5.0, 30.0]"
3370,./audio/3370.wav,./audio/ref_voice/alienkevin.wav,U.S.嘅Grand Canyon嘅landscape簡直就係一幅natural masterpiece，無論你行在峽谷底部還是站在頂端，都會感到自然嘅驚嘆。,11.5414,kept,train,"11.54s in [5.0, 30.0]"
3371,./audio/3371.wav,./audio/ref_voice/alienkevin.wav,"如果你鍾意climbing，Nepal嘅Mount Everest肯定係你嘅bucket list裡面嘅one of the destinations,當你站在…",14.464,kept,train,"14.46s in [5.0, 30.0]"
3372,./audio/3372.wav,./audio/ref_voice/alienkevin.wav,New Zealand嘅Auckland城市裡面嘅Sky Tower，嗰度提供一個fantastic view，可以讓你一眼望到航海嘅paradise。,8.9174,kept,train,"8.92s in [5.0, 30.0]"
3373,./audio/3373.wav,./audio/ref_voice/alienkevin.wav,UK嘅London Eye給你冇得比嘅panoramic view，你可以一邊慢慢欣賞大倫敦嘅全景，感受城市嘅pulse。,10.2827,kept,train,"10.28s in [5.0, 30.0]"
3374,./audio/3374.wav,./audio/ref_voice/alienkevin.wav,France嘅Paris裡嘅Eiffel Tower喺晚上的light show真係令人joyful and impressive，好似係a heartbeat…,9.7707,kept,train,"9.77s in [5.0, 30.0]"
3375,./audio/3375.wav,./audio/ref_voice/alienkevin.wav,South Africa嘅Cape Town嘅Table Mountain係一個nature lover嘅must-visit destination，你可以迎…,15.1254,kept,train,"15.13s in [5.0, 30.0]"
3376,./audio/3376.wav,./audio/ref_voice/alienkevin.wav,Italy嘅Rome裡面有個名叫Colosseum嘅ancient amphitheatre，每一步都可以感受到history嘅深厚。,9.0454,kept,train,"9.05s in [5.0, 30.0]"
3377,./audio/3377.wav,./audio/ref_voice/alienkevin.wav,呢個weekend我會stay in睇個binge-watch嗰個新出嘅Netflix series，真係好期待！,8.0,kept,train,"8.00s in [5.0, 30.0]"
3378,./audio/3378.wav,./audio/ref_voice/alienkevin.wav,我哋而家有好多options去enjoy娛樂，可以打game，stream音樂或者睇YouTube videos，生活真係good times！,8.2347,kept,train,"8.23s in [5.0, 30.0]"
3379,./audio/3379.wav,./audio/ref_voice/alienkevin.wav,下個月會有個new concert，好多我最愛嘅Canto-pop stars都會去，我已經book咗票喇，well prepared我喎！,11.264,kept,train,"11.26s in [5.0, 30.0]"
3380,./audio/3380.wav,./audio/ref_voice/alienkevin.wav,我最近瘋狂追個新出嘅K-drama，每集都好exciting，真係令人很難stop watching.,7.6374,kept,train,"7.64s in [5.0, 30.0]"
3381,./audio/3381.wav,./audio/ref_voice/alienkevin.wav,我喺Spotify上面發現咗幾首好好聽嘅indie bands嘅歌，每日都會listen to 佢哋嘅歌去relax我自己.,7.7014,kept,train,"7.70s in [5.0, 30.0]"
3382,./audio/3382.wav,./audio/ref_voice/alienkevin.wav,我好鐘意去睇live music gigs，感覺真係好不一樣，好overwhelming.,6.1654,kept,train,"6.17s in [5.0, 30.0]"
3383,./audio/3383.wav,./audio/ref_voice/alienkevin.wav,我最愛嘅actor有新嘅action film上映，我已經ready去cinema support佢.,5.5894,kept,train,"5.59s in [5.0, 30.0]"
3384,./audio/3384.wav,./audio/ref_voice/alienkevin.wav,我嘅朋友影咗條vlog講佢去Disneyland玩，我watch之後好想同佢一齊去.,8.4907,kept,train,"8.49s in [5.0, 30.0]"
3385,./audio/3385.wav,./audio/ref_voice/alienkevin.wav,我覺得玩board games係個好entertaining嘅活動，可以同朋友一齊have fun.,5.44,kept,train,"5.44s in [5.0, 30.0]"
3386,./audio/3386.wav,./audio/ref_voice/alienkevin.wav,"我同我朋友計劃去new open嘅theme park, 睇落去好exciting，真係can’t wait!",6.8694,kept,eval,"6.87s in [5.0, 30.0]"
3387,./audio/3387.wav,./audio/ref_voice/alienkevin.wav,跑步不單止係一種exercise，亦都係一種way去release壓力。,5.312,kept,train,"5.31s in [5.0, 30.0]"
3388,./audio/3388.wav,./audio/ref_voice/alienkevin.wav,做一個professional athlete，你需要有一個healthy lifestyle，而唔係只有exercise,6.6347,kept,train,"6.63s in [5.0, 30.0]"
3389,./audio/3389.wav,./audio/ref_voice/alienkevin.wav,喺basketball game中，teamwork係非常crucial，唔可以係court上光靠自己。,6.8694,kept,train,"6.87s in [5.0, 30.0]"
3390,./audio/3390.wav,./audio/ref_voice/alienkevin.wav,無論你喺swimming pool或者ocean游水，safety都係first priority。,5.3974,kept,train,"5.40s in [5.0, 30.0]"
3391,./audio/3391.wav,./audio/ref_voice/alienkevin.wav,喺學習golf嘅時候，patience同concentration都係必要嘅因素。,5.8454,kept,train,"5.85s in [5.0, 30.0]"
3392,./audio/3392.wav,./audio/ref_voice/alienkevin.wav,如果你想improve你嘅tennis技巧，你需要保持consistent training，並且每次都有目標去practice。,7.2534,kept,train,"7.25s in [5.0, 30.0]"
3393,./audio/3393.wav,./audio/ref_voice/alienkevin.wav,喺健身房做workout係好建議，但你仲需注意你嘅diet balance。,6.272,kept,train,"6.27s in [5.0, 30.0]"
3394,./audio/3394.wav,./audio/ref_voice/alienkevin.wav,"每一個good runner都需要growth mindset, 幾多跌幾多次仲要keep going。",6.2507,kept,train,"6.25s in [5.0, 30.0]"
3395,./audio/3395.wav,./audio/ref_voice/alienkevin.wav,如果你想成為一個professional football player，你需要有很高嘅physical fitness同mental strength。,7.7227,kept,train,"7.72s in [5.0, 30.0]"
3396,./audio/3396.wav,./audio/ref_voice/alienkevin.wav,喺跑marathon嘅時候，hydration係非常important，因為你唔想喺halfway就缺水。,6.4214,kept,eval,"6.42s in [5.0, 30.0]"
3397,./audio/3397.wav,./audio/ref_voice/alienkevin.wav,政府推行新既vaccination programme，希望市民active participation去免疫咗新型coronavirus.,7.36,kept,train,"7.36s in [5.0, 30.0]"
3398,./audio/3398.wav,./audio/ref_voice/alienkevin.wav,本地既retail industry受疫情嚴重影響，需要government support未來能有positive rebound.,6.8267,kept,train,"6.83s in [5.0, 30.0]"
3399,./audio/3399.wav,./audio/ref_voice/alienkevin.wav,MTR fare increase受到市民大量反对，希望政府可以proportionate response，唔好只顧corporate profit.,8.427,kept,eval,"8.43s in [5.0, 30.0]"
3400,./audio/3400.wav,./audio/ref_voice/alienkevin.wav,港府向世衛組織表示新型coronavirus既pandemic control有visible progresses，但市民仍有distrust對政府既tran…,9.4507,kept,train,"9.45s in [5.0, 30.0]"
3401,./audio/3401.wav,./audio/ref_voice/alienkevin.wav,政府俾additional funding去support local agriculture，但農民仍擔心climate change會影響收成.,7.616,kept,train,"7.62s in [5.0, 30.0]"
3402,./audio/3402.wav,./audio/ref_voice/alienkevin.wav,多間學校質疑DSE既assessment approach，要求港府reconsider exam arrangement.,6.2934,kept,train,"6.29s in [5.0, 30.0]"
3403,./audio/3403.wav,./audio/ref_voice/alienkevin.wav,附近ongoing construction引起居民complaints，政府需正視noise pollution既問題.,6.4,kept,train,"6.40s in [5.0, 30.0]"
3404,./audio/3404.wav,./audio/ref_voice/alienkevin.wav,西貢national park既wildlife conservation受到illegal hunting嚴重破壞，呼籲政府加強law enforcement…,7.8934,kept,eval,"7.89s in [5.0, 30.0]"
3405,./audio/3405.wav,./audio/ref_voice/alienkevin.wav,政府打算推出新既labour policy，但加強worker protection既urgent need係唔可以忽視.,6.807,kept,train,"6.81s in [5.0, 30.0]"
3406,./audio/3406.wav,./audio/ref_voice/alienkevin.wav,政府既pro-democracy legislation引發新一波廣泛debate，我哋都期望喺respect價值觀者同時能protect public ord…,11.5414,kept,train,"11.54s in [5.0, 30.0]"
3407,./audio/3407.wav,./audio/ref_voice/alienkevin.wav,我Finding Life唔係嘅Park Lane Shopper's Boulevard就好似 'room of requirement' 嗰樣，你要嘅嘢，都…,9.536,kept,train,"9.54s in [5.0, 30.0]"
3408,./audio/3408.wav,./audio/ref_voice/alienkevin.wav,"Soho區有好多珠寶店，無論係想買diamonds定係semi-precious stones, 都係一個唔錯嘅選擇.",8.4054,kept,train,"8.41s in [5.0, 30.0]"
3409,./audio/3409.wav,./audio/ref_voice/alienkevin.wav,"對於techno buffs嚟講, Sincere Podium就係paradise。你可以find到各式各樣嘅gadgets and tech-related…",8.427,kept,train,"8.43s in [5.0, 30.0]"
3410,./audio/3410.wav,./audio/ref_voice/alienkevin.wav,If閱讀係你嘅passion，那麼Page One一定一定要去，那裡嘅book selection真係top notch.,7.851,kept,train,"7.85s in [5.0, 30.0]"
3411,./audio/3411.wav,./audio/ref_voice/alienkevin.wav,在Times Square嘅時尚品牌店铺裡，你可以find到任何你需要嘅衣服，無論係casual wear定係evening dress.,9.3014,kept,train,"9.30s in [5.0, 30.0]"
3412,./audio/3412.wav,./audio/ref_voice/alienkevin.wav,"香港Central嘅Pottinger Street就係quirky items 嘅heaven, 你可以買到特色禮物或者老土嘅Hong Kong memora…",10.176,kept,train,"10.18s in [5.0, 30.0]"
3413,./audio/3413.wav,./audio/ref_voice/alienkevin.wav,Elements Mall唔單止係shopping center，更係個entertainment hub。你可以一邊shopping，一邊enjoy美食同埋看…,8.535,kept,train,"8.53s in [5.0, 30.0]"
3414,./audio/3414.wav,./audio/ref_voice/alienkevin.wav,"喺Mong Kok嘅Sneaker Street可以滿足你所有嘅sneaker cravings, 有各種款式同brand比你揀。",7.9787,kept,train,"7.98s in [5.0, 30.0]"
3415,./audio/3415.wav,./audio/ref_voice/alienkevin.wav,"Harbour City嘅設計品店有讓你impressed嘅assortment of home decor items, 你可以尋找完美嘅pieces令家居更…",12.6507,kept,train,"12.65s in [5.0, 30.0]"
3416,./audio/3416.wav,./audio/ref_voice/alienkevin.wav,"如果你係luxury brands嘅愛好者，咁就要去Landmark，嗰度嘅店鋪包括了Louis Vuitton, Gucci同Christian Dior等等…",9.92,kept,train,"9.92s in [5.0, 30.0]"
3417,./audio/3417.wav,./audio/ref_voice/alienkevin.wav,我都知道學婚嘅路很tough，但你唔可以放棄，perseverance係最重要嘅。,7.168,kept,train,"7.17s in [5.0, 30.0]"
3418,./audio/3418.wav,./audio/ref_voice/alienkevin.wav,"唔好追逐perfect grade，追逐knowledge, 那個更有價值。",5.4614,kept,train,"5.46s in [5.0, 30.0]"
3419,./audio/3419.wav,./audio/ref_voice/alienkevin.wav,學習冇shortcut，需要時間和patience，唔可以忘記咁嘅事實。,5.9307,kept,train,"5.93s in [5.0, 30.0]"
3420,./audio/3420.wav,./audio/ref_voice/alienkevin.wav,Proactive咁去問問題，迎難而上，你將會get more嘅學習機會。,5.9094,kept,train,"5.91s in [5.0, 30.0]"
3421,./audio/3421.wav,./audio/ref_voice/alienkevin.wav,學習唔单止係滿足exam嘅要求，你要broaden嘅horizons，培育嘅skills，enthusiasm等。,9.4507,kept,train,"9.45s in [5.0, 30.0]"
3422,./audio/3422.wav,./audio/ref_voice/alienkevin.wav,Remember，真正嘅education唔會end，你嘅成長就係一個lifelong journey。,6.3574,kept,train,"6.36s in [5.0, 30.0]"
3423,./audio/3423.wav,./audio/ref_voice/alienkevin.wav,經常review你學嘅嘢，唔係因為你要pass嘅exam，而係因為你要累積knowledge。,9.216,kept,train,"9.22s in [5.0, 30.0]"
3424,./audio/3424.wav,./audio/ref_voice/alienkevin.wav,唔好比較自己同其他人，你要focus在你自己嘅journey，比較自己嘅today同yesterday。,7.168,kept,train,"7.17s in [5.0, 30.0]"
3425,./audio/3425.wav,./audio/ref_voice/alienkevin.wav,做學問嘅路上有時會fail，但唔可以scared，因為你嘅mistake會教你更多嘅嘢。,6.592,kept,train,"6.59s in [5.0, 30.0]"
3426,./audio/3426.wav,./audio/ref_voice/alienkevin.wav,對於難題唔好逃避，因為挑戰才能帶你更add value到你嘅學習中。,6.4,kept,train,"6.40s in [5.0, 30.0]"
3427,./audio/3427.wav,./audio/ref_voice/alienkevin.wav,"Work smart, not hard, 工作要用心思，唔好只系用力。",4.7147,too_short,n/a,4.71s < 5.0
3428,./audio/3428.wav,./audio/ref_voice/alienkevin.wav,"Teamwork makes the dream work, 团队合作才能实现梦想，大家齐心协力。",6.0587,kept,train,"6.06s in [5.0, 30.0]"
3429,./audio/3429.wav,./audio/ref_voice/alienkevin.wav,"Always be proactive, 唔好等待机会，主动去抓住。",4.736,too_short,n/a,4.74s < 5.0
3430,./audio/3430.wav,./audio/ref_voice/alienkevin.wav,"Never stop learning, 永远都唔可以停止学习，要继续进步。",5.4614,kept,train,"5.46s in [5.0, 30.0]"
3431,./audio/3431.wav,./audio/ref_voice/alienkevin.wav,"Success comes to those who dare to begin, 勇拿起起点，才有可能成功。",7.1467,kept,train,"7.15s in [5.0, 30.0]"
3432,./audio/3432.wav,./audio/ref_voice/alienkevin.wav,"Communication is key to a smooth workflow, 沟通好重要，可以令工作流程更顺畅。",9.003,kept,train,"9.00s in [5.0, 30.0]"
3433,./audio/3433.wav,./audio/ref_voice/alienkevin.wav,"Maintain a positive attitude, no matter the situation, 无论状况好坏，记住要保持积极态度。",7.7654,kept,eval,"7.77s in [5.0, 30.0]"
3434,./audio/3434.wav,./audio/ref_voice/alienkevin.wav,"Take responsibility for your tasks, 对你的工作要负责任，唔可以推诿。",6.3787,kept,train,"6.38s in [5.0, 30.0]"
3435,./audio/3435.wav,./audio/ref_voice/alienkevin.wav,"Innovation is the growth engine of our company, 创新是我们公司的成长引擎，冇新意就冇进步。"" ",7.4454,kept,train,"7.45s in [5.0, 30.0]"
3436,./audio/3436.wav,./audio/ref_voice/alienkevin.wav,"Trust but verify, 对人要有信任，但同时也要进行验证，唔可以麻木唔顾。",7.0827,kept,train,"7.08s in [5.0, 30.0]"
3437,./audio/3437.wav,./audio/ref_voice/alienkevin.wav,呢排天氣真係fantastic，唔太熱同唔太凉，just right！,4.224,too_short,n/a,4.22s < 5.0
3438,./audio/3438.wav,./audio/ref_voice/alienkevin.wav,最近嘅weather forecast話會落雨，咁就不妨stay home睇追劇啦！,5.184,kept,eval,"5.18s in [5.0, 30.0]"
3439,./audio/3439.wav,./audio/ref_voice/alienkevin.wav,雖然好想去beach enjoy嘅sunshine，但係UV index好高，記得搽太陽油呀！,5.9307,kept,eval,"5.93s in [5.0, 30.0]"
3440,./audio/3440.wav,./audio/ref_voice/alienkevin.wav,morning walk係公園，freezing到係都要感受下fresh air!,6.208,kept,train,"6.21s in [5.0, 30.0]"
3441,./audio/3441.wav,./audio/ref_voice/alienkevin.wav,冷到唔想落床嘅weather真係煩啊，但係冇辦法，工作落唔到嘅！,6.2507,kept,train,"6.25s in [5.0, 30.0]"
3442,./audio/3442.wav,./audio/ref_voice/alienkevin.wav,落雹咗一個afternoon，真係唔明淨係我哋嘅lucky day定係咁巧合！,5.4187,kept,train,"5.42s in [5.0, 30.0]"
3443,./audio/3443.wav,./audio/ref_voice/alienkevin.wav,清早嘅sunrise真係美到呢！希望呢個good weather可以keep住！,5.376,kept,train,"5.38s in [5.0, 30.0]"
3444,./audio/3444.wav,./audio/ref_voice/alienkevin.wav,overnight就咁落咗一場heavy rain，乜嘢outdoor plans都cancel曬！,5.76,kept,train,"5.76s in [5.0, 30.0]"
3445,./audio/3445.wav,./audio/ref_voice/alienkevin.wav,big wind day呀，記得wear好件風褸再去迎風進行！,5.0134,kept,train,"5.01s in [5.0, 30.0]"
3446,./audio/3446.wav,./audio/ref_voice/alienkevin.wav,weather冷咗，hands好dry，唔好忘記用hand cream保護啊！,4.8,too_short,n/a,4.80s < 5.0
3447,./audio/3447.wav,./audio/ref_voice/alienkevin.wav,近日我喺一間叫嘅Fine Dining去咗taste一個叫truffle risotto嘅菜，嗰個flavour真係咁rich，全晚都唔會forget！,9.024,kept,train,"9.02s in [5.0, 30.0]"
3448,./audio/3448.wav,./audio/ref_voice/alienkevin.wav,我今年birthday去咗一間名為Le Petit的French restaurant，個escargot真係令我大開eye界，好smooth喎！,9.28,kept,train,"9.28s in [5.0, 30.0]"
3449,./audio/3449.wav,./audio/ref_voice/alienkevin.wav,我上星期五晚上與幾個朋友喺Sheung Wan嘅一間Italian restaurant食咗海鮮 pasta，個taste真係無言以對，好fantastic！,9.1307,kept,train,"9.13s in [5.0, 30.0]"
3450,./audio/3450.wav,./audio/ref_voice/alienkevin.wav,昨晚我試咗做自家版嘅Sushi，雖然唔係好professional，但個experience真係令人unforgettable，揾日一定再try！,9.1947,kept,train,"9.19s in [5.0, 30.0]"
3451,./audio/3451.wav,./audio/ref_voice/alienkevin.wav,我同朋友喺一間Japanese sushi bar試食咗一款叫做sashimi嘅食物，fish肉好tender，冇腥味，真係十分refreshing！,9.8347,kept,train,"9.83s in [5.0, 30.0]"
3452,./audio/3452.wav,./audio/ref_voice/alienkevin.wav,我昨晚喺一間pizza place食咗一個loaded pepperoni pizza，邊個cheesy crust真係太滋味了，回味無窮喎！,8.7894,kept,eval,"8.79s in [5.0, 30.0]"
3453,./audio/3453.wav,./audio/ref_voice/alienkevin.wav,"我周末喺一間Korean BBQ restaurant食咗牛肉BBQ, 配埋辣椒醬同kimchi，feel真係太good了！",7.2107,kept,train,"7.21s in [5.0, 30.0]"
3454,./audio/3454.wav,./audio/ref_voice/alienkevin.wav,"巴黎嘅Eiffel Tower係一個must-see landmark, 喺頂部你可以享受到一個360度嘅panoramic view，好之stunning！",8.9814,kept,train,"8.98s in [5.0, 30.0]"
3455,./audio/3455.wav,./audio/ref_voice/alienkevin.wav,Thailand嘅Bangkok好熱鬧，尤其係Chatuchak Weekend Market，好多unique嘅手工藝品，絕對係shopping paradi…,9.664,kept,train,"9.66s in [5.0, 30.0]"
3456,./audio/3456.wav,./audio/ref_voice/alienkevin.wav,Italy嘅Florence真係一個rich in culture嘅城市，佢嘅Duomo Cathedral同Uffizi Gallery都對art lover…,9.7707,kept,train,"9.77s in [5.0, 30.0]"
3457,./audio/3457.wav,./audio/ref_voice/alienkevin.wav,Australia嘅Great Barrier Reef絕對係一個diving hotspot，珊瑚礁同熱帶魚嘅色彩繽紛，真係nature lovers 嘅pa…,8.32,kept,train,"8.32s in [5.0, 30.0]"
3458,./audio/3458.wav,./audio/ref_voice/alienkevin.wav,喺Greece嘅Santorini，一定要去見證下嗰嘅breathtaking sunset，真係令人難以忘懷嘅experience.,10.1334,kept,train,"10.13s in [5.0, 30.0]"
3459,./audio/3459.wav,./audio/ref_voice/alienkevin.wav,Russia嘅Saint Petersburg舊城區嘅architecture好impressive，好多museums同churches 絕對值得一去。,7.7227,kept,train,"7.72s in [5.0, 30.0]"
3460,./audio/3460.wav,./audio/ref_voice/alienkevin.wav,喺New Zealand嘅Queenstown，你可以享受極限運動同天然美景，好適合adventure seekers.,7.04,kept,train,"7.04s in [5.0, 30.0]"
3461,./audio/3461.wav,./audio/ref_voice/alienkevin.wav,喺Canada嘅Banff National Park，珍珠湖嘅blue waters同snow-capped mountains互相襯托，宛如一幅living…,9.536,kept,train,"9.54s in [5.0, 30.0]"
3462,./audio/3462.wav,./audio/ref_voice/alienkevin.wav,English countryside嘅scenic beauty真係一覽無遺，特別係Cotswolds，喺度行吓幾步好relaxing。,10.8587,kept,train,"10.86s in [5.0, 30.0]"
3463,./audio/3463.wav,./audio/ref_voice/alienkevin.wav,Kenya嘅Masai Mara safari 真係wildlife enthusiast 嘅天堂，你可以親眼見到嗰啲majestic wild animals…,9.0667,kept,train,"9.07s in [5.0, 30.0]"
3464,./audio/3464.wav,./audio/ref_voice/alienkevin.wav,今晚我哋plan去唔同嘅Happy Hour spots，真係too excited啊！,6.807,kept,train,"6.81s in [5.0, 30.0]"
3465,./audio/3465.wav,./audio/ref_voice/alienkevin.wav,我喺weekend鍾意chill喺屋企，睇啲Hong Kong drama或者Netflix，足不出户咁樣,6.3787,kept,train,"6.38s in [5.0, 30.0]"
3466,./audio/3466.wav,./audio/ref_voice/alienkevin.wav,我真係addicted到追番新嘅K-pop songs，Dance cover個part特別吸引我,6.5494,kept,train,"6.55s in [5.0, 30.0]"
3467,./audio/3467.wav,./audio/ref_voice/alienkevin.wav,等我番工之後，我哋就去做late night movie marathons，真係好放鬆,5.9734,kept,train,"5.97s in [5.0, 30.0]"
3468,./audio/3468.wav,./audio/ref_voice/alienkevin.wav,我最鍾意嘅hobby就係喺weekends拍vlogs，分享我嘅日常生活，真係well-received,6.2934,kept,train,"6.29s in [5.0, 30.0]"
3469,./audio/3469.wav,./audio/ref_voice/alienkevin.wav,"今晚嘅house party將會好玩，有live DJ, good food同埋games，想嚟join吗？",6.8694,kept,train,"6.87s in [5.0, 30.0]"
3470,./audio/3470.wav,./audio/ref_voice/alienkevin.wav,我哋嘅rehearsal已經ready，下個week我哋會perform原創歌曲，好exciting！,6.1867,kept,train,"6.19s in [5.0, 30.0]"
3471,./audio/3471.wav,./audio/ref_voice/alienkevin.wav,我最近discover左個inde brand，佢嘅vinyl records collection真係impressive！,5.9734,kept,train,"5.97s in [5.0, 30.0]"
3472,./audio/3472.wav,./audio/ref_voice/alienkevin.wav,如果你鐘意comedy，你真應該睇吓我最愛嘅stand-up comedian，佢嘅jokes真係超級funny呀！,9.8347,kept,train,"9.83s in [5.0, 30.0]"
3473,./audio/3473.wav,./audio/ref_voice/alienkevin.wav,我同我哋嘅band都ready好要參加個battle of the bands比賽，真係咁nervous但都頂多excited！,8.96,kept,train,"8.96s in [5.0, 30.0]"
3474,./audio/3474.wav,./audio/ref_voice/alienkevin.wav,"要做一個good soccer player就必須有excellent teamwork skills, 漁得住唔同嘅match situation，體恤隊友。",8.3627,kept,train,"8.36s in [5.0, 30.0]"
3475,./audio/3475.wav,./audio/ref_voice/alienkevin.wav,每一個學習swimming嘅人都需要patience，喺水中游泳其實需要一個learning process。,6.1014,kept,train,"6.10s in [5.0, 30.0]"
3476,./audio/3476.wav,./audio/ref_voice/alienkevin.wav,跳舞唔止係aesthetic，其實佢都係一種非常強烈嘅cardio workout方式，每一次跳完都好sweaty。,10.9014,kept,eval,"10.90s in [5.0, 30.0]"
3477,./audio/3477.wav,./audio/ref_voice/alienkevin.wav,喺做yoga嘅時候，keeping balance係非常重要，需要全身心嘅focus才能達到。,6.5067,kept,train,"6.51s in [5.0, 30.0]"
3478,./audio/3478.wav,./audio/ref_voice/alienkevin.wav,喺籃球賽中，選手需要有quick decision-making skills，無論face襲score還是防守，都需要迅速嘅反應。,8.96,kept,train,"8.96s in [5.0, 30.0]"
3479,./audio/3479.wav,./audio/ref_voice/alienkevin.wav,"每一次嘗試新嘅sport, 都需要有一定嘅courage, 無論係climbing還是paragliding，都要向自己嘅恐懼say goodbye。",11.072,kept,train,"11.07s in [5.0, 30.0]"
3480,./audio/3480.wav,./audio/ref_voice/alienkevin.wav,"喺進行high intensity training 嘅時候, recovery係非常important, 呢樣可以保證體能恢復同埋下次更好嘅performan…",9.1307,kept,eval,"9.13s in [5.0, 30.0]"
3481,./audio/3481.wav,./audio/ref_voice/alienkevin.wav,覺得fitness唔止需要physical strength，咁你可能未了解到mental strength其實係一樣嘅critical。,8.0214,kept,eval,"8.02s in [5.0, 30.0]"
3482,./audio/3482.wav,./audio/ref_voice/alienkevin.wav,喺籃球場上，dribbling係非常關鍵，限制你嘅敵人，創造更好嘅scoring opportunity。,7.7654,kept,train,"7.77s in [5.0, 30.0]"
3483,./audio/3483.wav,./audio/ref_voice/alienkevin.wav,教育局將implement新curriculum，希望提升學生既critical thinking skills，但老師同家長仍擔心會加重學生既academic…,9.6,kept,train,"9.60s in [5.0, 30.0]"
3484,./audio/3484.wav,./audio/ref_voice/alienkevin.wav,立法會提出新既waste management計劃，希望進一步promote recyling，但市民質疑dumpsites會影響居住區既air quality…,9.3227,kept,eval,"9.32s in [5.0, 30.0]"
3485,./audio/3485.wav,./audio/ref_voice/alienkevin.wav,政府喺考慮推出more strict既immigration policy，防止illegal immigrants進入，但有團體擔心會marginalize …,9.5147,kept,train,"9.51s in [5.0, 30.0]"
3486,./audio/3486.wav,./audio/ref_voice/alienkevin.wav,建設局打算launch more public housing計劃，解決房屋短缺既問題，但有市民擔心這樣會increase已經嚴重既population den…,9.856,kept,train,"9.86s in [5.0, 30.0]"
3487,./audio/3487.wav,./audio/ref_voice/alienkevin.wav,醫護人員要求加薪，以應對increasing workload同health risks，但政府暫時未能竟應其demands.,9.2587,kept,train,"9.26s in [5.0, 30.0]"
3488,./audio/3488.wav,./audio/ref_voice/alienkevin.wav,大學組織了several seminars去discuss婦女權益，希望raise awareness關於gender equality，但部分學生覺得這種活動…,11.0294,kept,eval,"11.03s in [5.0, 30.0]"
3489,./audio/3489.wav,./audio/ref_voice/alienkevin.wav,香港政府發起了campaign去增強公眾對climate change既認識，但環保團體質疑政府未有實質行動去mitigate greenhouse gas e…,9.92,kept,eval,"9.92s in [5.0, 30.0]"
3490,./audio/3490.wav,./audio/ref_voice/alienkevin.wav,政府說計劃鼓勵more foreign investment，以boost local economy，但有些市民擔心這會威脅到香港既financial sta…,10.0907,kept,train,"10.09s in [5.0, 30.0]"
3491,./audio/3491.wav,./audio/ref_voice/alienkevin.wav,對上治安問題，警方將upgrade他們既equipment同提供additional training，但部份市民對他們既police brutality表示疑…,10.3894,kept,train,"10.39s in [5.0, 30.0]"
3492,./audio/3492.wav,./audio/ref_voice/alienkevin.wav,新型流感在香港rapid spread，衞生署提醒市民增強個人hygiene同進行vaccination，但有市民擔心疫苗既side effects.,13.12,kept,train,"13.12s in [5.0, 30.0]"
3493,./audio/3493.wav,./audio/ref_voice/alienkevin.wav,你聽過Harbour City嘅Armani Exchange未？佢嘅clothing collection非常on-trend，你一定要去俾個機會自己喺度揀下…,10.5174,kept,train,"10.52s in [5.0, 30.0]"
3494,./audio/3494.wav,./audio/ref_voice/alienkevin.wav,"Sneakerheads應該去Mong Kok睇下街頭嘅sneaker shops, 好多limited edition或者vintage嘅鞋款你隨便揀。",9.0454,kept,train,"9.05s in [5.0, 30.0]"
3495,./audio/3495.wav,./audio/ref_voice/alienkevin.wav,"如果你需要新嘅automotive parts, 呢度有間auto supplies store喺沙田，你可以搵到你需要嘅所有配件。",9.28,kept,train,"9.28s in [5.0, 30.0]"
3496,./audio/3496.wav,./audio/ref_voice/alienkevin.wav,Ambassador嘅luggage selection完全絕對能滿足你既需要，去旅行都可以輕鬆自在。,8.2134,kept,train,"8.21s in [5.0, 30.0]"
3497,./audio/3497.wav,./audio/ref_voice/alienkevin.wav,Sai Yeung Choi Street嘅tech shops有最新款嘅smartphones同laptops，夠你選擇。,7.5094,kept,train,"7.51s in [5.0, 30.0]"
3498,./audio/3498.wav,./audio/ref_voice/alienkevin.wav,H&M喺Causeway Bay有間flagship store，裡面嘅fashion pieces肯定能對你嘅wardrobe進行升級。,8.96,kept,train,"8.96s in [5.0, 30.0]"
3499,./audio/3499.wav,./audio/ref_voice/alienkevin.wav,Harbour City嘅DFS Galleria有最好嘅high-end brands，如果你攞到佢嘅VIP card，更加可以享受bonus嘅discoun…,9.8134,kept,train,"9.81s in [5.0, 30.0]"
3500,./audio/3500.wav,./audio/ref_voice/alienkevin.wav,喺元朗，呢間organic food market賣嘅都係新鮮同健康嘅食物，非常適合你做細緻嘅home-cooked meals。,8.576,kept,train,"8.58s in [5.0, 30.0]"
3501,./audio/3501.wav,./audio/ref_voice/alienkevin.wav,如果你鍾意手工藝，應該去Sheung Wan察看下reclaimed furniture嘅店，你可以尋找到好特別嘅pieces令你嘅家更加unique。,11.2854,kept,train,"11.29s in [5.0, 30.0]"
3502,./audio/3502.wav,./audio/ref_voice/alienkevin.wav,咁多books，我都唔知要从哪一本start，但我知道我要一步一步嚟.,5.12,kept,eval,"5.12s in [5.0, 30.0]"
3503,./audio/3503.wav,./audio/ref_voice/alienkevin.wav,學習就係一條never ending嘅road，你永遠都有新嘅things去explore.,5.4614,kept,train,"5.46s in [5.0, 30.0]"
3504,./audio/3504.wav,./audio/ref_voice/alienkevin.wav,我哋學嘅唔單止係book knowledge，而係學點樣problem solving，咁先至係real education呀.,7.0827,kept,train,"7.08s in [5.0, 30.0]"
3505,./audio/3505.wav,./audio/ref_voice/alienkevin.wav,我每次fail，我都會開始doubt自己，但最終我都知道這個process就係學習嘅一部份.,6.5707,kept,train,"6.57s in [5.0, 30.0]"
3506,./audio/3506.wav,./audio/ref_voice/alienkevin.wav,你可以choose悶悶不樂地學，亦可以樂在其中，咁樣學習就會變得easy同埋interesting.,7.1894,kept,train,"7.19s in [5.0, 30.0]"
3507,./audio/3507.wav,./audio/ref_voice/alienkevin.wav,如果你覺得學習好tough，你需要remember，你唔係單單為咗pass exam，你更需要學識點樣dealing with real life.,8.7254,kept,train,"8.73s in [5.0, 30.0]"
3508,./audio/3508.wav,./audio/ref_voice/alienkevin.wav,Just keep going，一步一步嚟，學習就會好似climbing a mountain，你會慢慢see到不同嘅scenery.,7.383,kept,train,"7.38s in [5.0, 30.0]"
3509,./audio/3509.wav,./audio/ref_voice/alienkevin.wav,你嘅effort絕對唔會waste，每一個你付出過嘅effort，都係你在self-improvement嘅路上嘅investment.,7.851,kept,eval,"7.85s in [5.0, 30.0]"
3510,./audio/3510.wav,./audio/ref_voice/alienkevin.wav,儘量用你learn嘅knowledge去impact其他人，因為你unique嘅經驗同perspective會讓學習變得更rich and fulfilling…,8.6614,kept,train,"8.66s in [5.0, 30.0]"
3511,./audio/3511.wav,./audio/ref_voice/alienkevin.wav,唔好怕fail，因為每次fail都係一次新嘅opportunity學習。Just remember，failure就係first attempt in lear…,9.1307,kept,train,"9.13s in [5.0, 30.0]"
3512,./audio/3512.wav,./audio/ref_voice/alienkevin.wav,"Communicate effectively, 有效沟通，才能避免任何误会。",5.8667,kept,train,"5.87s in [5.0, 30.0]"
3513,./audio/3513.wav,./audio/ref_voice/alienkevin.wav,"Lead by example, 以身作则，你的行为会影响到整个团队。",5.5254,kept,train,"5.53s in [5.0, 30.0]"
3514,./audio/3514.wav,./audio/ref_voice/alienkevin.wav,"Problem-solving skills are crucial, 解决问题的能力非常关键，冇问题解决唔到只有人唔肯解决的问题。",9.792,kept,train,"9.79s in [5.0, 30.0]"
3515,./audio/3515.wav,./audio/ref_voice/alienkevin.wav,"Every challenge is an opportunity, 每一次挑战都是机会，挑战越大机会就越大。",7.616,kept,train,"7.62s in [5.0, 30.0]"
3516,./audio/3516.wav,./audio/ref_voice/alienkevin.wav,"Be creative and innovative, 要有创新思维，唔好因怕失败而无行动。",7.0827,kept,train,"7.08s in [5.0, 30.0]"
3517,./audio/3517.wav,./audio/ref_voice/alienkevin.wav,"Prioritize tasks, 分清楚工作的轻重缓急，有效管理时间。",6.1014,kept,train,"6.10s in [5.0, 30.0]"
3518,./audio/3518.wav,./audio/ref_voice/alienkevin.wav,"Dedicate yourself to continuous learning, 努力不停地学习，唔好估自己已经够好。",6.72,kept,train,"6.72s in [5.0, 30.0]"
3519,./audio/3519.wav,./audio/ref_voice/alienkevin.wav,"Stay focused at work, 工作时要保持专注，做好每一件事情。",5.568,kept,train,"5.57s in [5.0, 30.0]"
3520,./audio/3520.wav,./audio/ref_voice/alienkevin.wav,"Positive attitude matters, 态度积极非常重要，无论遇到啥问题都唔好灰心。",7.9787,kept,train,"7.98s in [5.0, 30.0]"
3521,./audio/3521.wav,./audio/ref_voice/alienkevin.wav,"Believe in yourself, 信自己，无论处境如何都要持续向前。",4.9494,too_short,n/a,4.95s < 5.0
3522,./audio/3522.wav,./audio/ref_voice/alienkevin.wav,今日嘅temperature預計低至攝氏10度，記住帶thick jacket出門呀！,4.8,too_short,n/a,4.80s < 5.0
3523,./audio/3523.wav,./audio/ref_voice/alienkevin.wav,"下個weekend嘅weather嚟到咗，明天會有陣雨，記住帶umbrella喔！"" ",5.8454,kept,train,"5.85s in [5.0, 30.0]"
3524,./audio/3524.wav,./audio/ref_voice/alienkevin.wav,"今晚會有light shower喺香港，皆大歡喜stay indoor啦！"" ",4.7787,too_short,n/a,4.78s < 5.0
3525,./audio/3525.wav,./audio/ref_voice/alienkevin.wav,"暫時嘅forecast無講得太清楚，咁我哋stay tuned啦！"" ",4.3094,too_short,n/a,4.31s < 5.0
3526,./audio/3526.wav,./audio/ref_voice/alienkevin.wav,"聽聞佢地話會有cold front流過，咁我哋prepare多啲warm clothes先啦！"" ",5.504,kept,train,"5.50s in [5.0, 30.0]"
3527,./audio/3527.wav,./audio/ref_voice/alienkevin.wav,"今朝起身feel到一陣chill，睇來今日嘅weather會好冷呀！"" ",5.0987,kept,train,"5.10s in [5.0, 30.0]"
3528,./audio/3528.wav,./audio/ref_voice/alienkevin.wav,"多謝各位電視台提醒咗我哋今晚會有thunderstorm，大家記得不要go outside喔！"" ",5.9307,kept,train,"5.93s in [5.0, 30.0]"
3529,./audio/3529.wav,./audio/ref_voice/alienkevin.wav,"今日晚上會較為chilly，大家記得keep warm啦！"" ",4.544,too_short,n/a,4.54s < 5.0
3530,./audio/3530.wav,./audio/ref_voice/alienkevin.wav,"天文台預報話，今日會有大雨，大家做好get wet嘅準備啦！"" ",6.4854,kept,train,"6.49s in [5.0, 30.0]"
3531,./audio/3531.wav,./audio/ref_voice/alienkevin.wav,"天氣轉為overcast，一定要帶傘同繼續observe天氣變化啦！"" ",5.824,kept,train,"5.82s in [5.0, 30.0]"
3532,./audio/3532.wav,./audio/ref_voice/alienkevin.wav,碌晒一日都係灰雲覆蓋，午餐time特別想食hot soup呀!,6.0374,kept,train,"6.04s in [5.0, 30.0]"
3533,./audio/3533.wav,./audio/ref_voice/alienkevin.wav,我喺Italian restaurant食咗一個超級大嘅margherita pizza，芝士好滿，好滿足feel！,6.9334,kept,eval,"6.93s in [5.0, 30.0]"
3534,./audio/3534.wav,./audio/ref_voice/alienkevin.wav,星期日我哋一家人去咗一間Chinese hotpot店飲茶，我點咗一個中式dessert，香滑嘅芋頭糕，真係好sweet！,8.2347,kept,train,"8.23s in [5.0, 30.0]"
3535,./audio/3535.wav,./audio/ref_voice/alienkevin.wav,我上星期喺一間Thai restaurant食咗green curry chicken，配埋美國白飯，真係食得好satisfied！,6.976,kept,train,"6.98s in [5.0, 30.0]"
3536,./audio/3536.wav,./audio/ref_voice/alienkevin.wav,我同朋友喺Mexican cantina試咗tacos，加咗韓國pickled radish，感覺真係好exciting！,7.851,kept,eval,"7.85s in [5.0, 30.0]"
3537,./audio/3537.wav,./audio/ref_voice/alienkevin.wav,喺一間Vietnamese pho店食咗牛肉粉，sup好rich，noodles又好springy，係冬天真係最warm嘅comfort food!,10.112,kept,train,"10.11s in [5.0, 30.0]"
3538,./audio/3538.wav,./audio/ref_voice/alienkevin.wav,我同女朋友去咗一間French café食咗croissant，外皮好crispy，內裡又buttery，百食不厭！,7.5734,kept,train,"7.57s in [5.0, 30.0]"
3539,./audio/3539.wav,./audio/ref_voice/alienkevin.wav,喺台灣night market食咗好多street food，我最鍾意嗰個bubble tea，pearls好chewy，真心推薦！,7.168,kept,train,"7.17s in [5.0, 30.0]"
3540,./audio/3540.wav,./audio/ref_voice/alienkevin.wav,我月尾喺Greek taverna嘗咗moussaka，配埋feta cheese，食咗之後口感爽滑，好refreshing!,8.1067,kept,train,"8.11s in [5.0, 30.0]"
3541,./audio/3541.wav,./audio/ref_voice/alienkevin.wav,去年喺Japan嘅Hakone有個好amazing嘅hot spring experience，好calming同relaxing。,6.8907,kept,train,"6.89s in [5.0, 30.0]"
3542,./audio/3542.wav,./audio/ref_voice/alienkevin.wav,喺Italy嘅Florence，Uffizi Gallery入邊嘅art collection真係讓人覺得overwhelmed，仲有Michelangelo嘅…,11.0294,kept,train,"11.03s in [5.0, 30.0]"
3543,./audio/3543.wav,./audio/ref_voice/alienkevin.wav,喺France嘅Paris，Eiffel Tower夜晚倫時嘅light show真係can't miss，好astonishing!,7.104,kept,train,"7.10s in [5.0, 30.0]"
3544,./audio/3544.wav,./audio/ref_voice/alienkevin.wav,假如你去Australia，一定要喺Great Barrier Reef去做下scuba diving，underwater world嘅breathtakin…,8.32,kept,train,"8.32s in [5.0, 30.0]"
3545,./audio/3545.wav,./audio/ref_voice/alienkevin.wav,如果你人喺US嘅New York，記住要去Times Square，嗰嘅neon lights同vibrant atmosphere會讓你feel like大城…,9.1947,kept,train,"9.19s in [5.0, 30.0]"
3546,./audio/3546.wav,./audio/ref_voice/alienkevin.wav,喺Germany嘅Munich，啤酒節Oktoberfest真係個unforgettable experience，好fun!,7.296,kept,train,"7.30s in [5.0, 30.0]"
3547,./audio/3547.wav,./audio/ref_voice/alienkevin.wav,去埋England嘅Cambridge，喺嗰度punting係一個好unique嘅經驗，特別係喺summer days。,8.1067,kept,train,"8.11s in [5.0, 30.0]"
3548,./audio/3548.wav,./audio/ref_voice/alienkevin.wav,喺Vietnam嘅Hoi An，古城嘅at night，傳統燈籠嘅glow真係create一種magical atmosphere，唔該唔miss嘅。,10.4747,kept,train,"10.47s in [5.0, 30.0]"
3549,./audio/3549.wav,./audio/ref_voice/alienkevin.wav,去Thai嘅Chiang Mai，去象育成營一日做volunteer，好meaningful又enjoyable experience!,7.9147,kept,train,"7.91s in [5.0, 30.0]"
3550,./audio/3550.wav,./audio/ref_voice/alienkevin.wav,哩個weekend有無plan好好relax下，例如去睇最新嘅movie或者去音樂會？,6.1867,kept,train,"6.19s in [5.0, 30.0]"
3551,./audio/3551.wav,./audio/ref_voice/alienkevin.wav,琴晚我哋去嘅pub真係好cool，酒吧嘅氣氛好好同且live band performance真係top notched！,9.7707,kept,train,"9.77s in [5.0, 30.0]"
3552,./audio/3552.wav,./audio/ref_voice/alienkevin.wav,我記得我之前去旅行時候，見到嘅natural scenery真係breathtaking，我都係即刻分享咗喺我嘅social media。,8.8747,kept,train,"8.87s in [5.0, 30.0]"
3553,./audio/3553.wav,./audio/ref_voice/alienkevin.wav,你是咪鍾意喺weekends去outdoor hiking？我覺得哩個真係好chill嘅活動，大家可以放鬆心情，同時可以appreciate到大自然嘅beaut…,10.112,kept,train,"10.11s in [5.0, 30.0]"
3554,./audio/3554.wav,./audio/ref_voice/alienkevin.wav,下次我們可以plan去一個theme park玩得開心啲，試下新嘅thrill rides，我肯定你會喜歡嘅！,6.8907,kept,train,"6.89s in [5.0, 30.0]"
3555,./audio/3555.wav,./audio/ref_voice/alienkevin.wav,所以，你ready未去聽我最喜歡嘅band演唱會？我哋買好嘅ticket係front row，相信佢地嘅live performance一定會blow your…,9.6,kept,train,"9.60s in [5.0, 30.0]"
3556,./audio/3556.wav,./audio/ref_voice/alienkevin.wav,周未晚晚我哋去嘅karaoke真係好嘅娛樂方式，大家都可以唱吓歌，飲下啤酒，同朋友共度美好時光！,9.1947,kept,train,"9.19s in [5.0, 30.0]"
3557,./audio/3557.wav,./audio/ref_voice/alienkevin.wav,我聽講呢個summer有個music festival，一定會有好多我哋鍾意嘅band係度perform，好想去呀！,6.912,kept,train,"6.91s in [5.0, 30.0]"
3558,./audio/3558.wav,./audio/ref_voice/alienkevin.wav,喺football game中，每個player都需要善用their strength和agility，同時配合team strategy去贏取比賽。,9.003,kept,train,"9.00s in [5.0, 30.0]"
3559,./audio/3559.wav,./audio/ref_voice/alienkevin.wav,喺long distance running中，維持consistent pace同耐力嘅充沛好重要，否則會因為over-exhaust自己而無法到達finis…,11.4347,kept,train,"11.43s in [5.0, 30.0]"
3560,./audio/3560.wav,./audio/ref_voice/alienkevin.wav,喺swimming比賽中，每個swimmer都需要focus喺自己嘅breathing和stroke technique，同時要aware返其他參賽者嘅移動。,8.128,kept,train,"8.13s in [5.0, 30.0]"
3561,./audio/3561.wav,./audio/ref_voice/alienkevin.wav,喺tennis match中，選手通常需要良好嘅hand-eye coordination，並配合策略性嘅play 去優化自己嘅performance。,8.1707,kept,train,"8.17s in [5.0, 30.0]"
3562,./audio/3562.wav,./audio/ref_voice/alienkevin.wav,喺golf比賽中，除咗要有準確嘅aim，選手仲需要知道win風同布景嘅影響，方能put-the-ball-into-the-hole。,8.2134,kept,train,"8.21s in [5.0, 30.0]"
3563,./audio/3563.wav,./audio/ref_voice/alienkevin.wav,Bodybuilding唔單單只係練肌肉，佢仲需要discipline嘅diet plan，和恰到好處嘅rest period，咁先可以keep住身體嘅shap…,9.5147,kept,train,"9.51s in [5.0, 30.0]"
3564,./audio/3564.wav,./audio/ref_voice/alienkevin.wav,喺長跑過程中，維持positive mindset同self-motivation一樣緊要，喊好你跌入self-doubt嘅陷阱。,9.8987,kept,train,"9.90s in [5.0, 30.0]"
3565,./audio/3565.wav,./audio/ref_voice/alienkevin.wav,Basketball嘅player需要善用自己嘅dribbling skills，可以同時保持eye contact同隊友，reliable pass係一種重要…,8.8107,kept,train,"8.81s in [5.0, 30.0]"
3566,./audio/3566.wav,./audio/ref_voice/alienkevin.wav,一個好嘅soccer team需要balance在offensive同defensive strategies之間，喺適當嘅時間做出quick transiti…,7.5734,kept,train,"7.57s in [5.0, 30.0]"
3567,./audio/3567.wav,./audio/ref_voice/alienkevin.wav,Yoga唔單單喺一種recreation活動，佢仲可以幫助你保持flexibility和improve你嘅balance。,6.912,kept,train,"6.91s in [5.0, 30.0]"
3568,./audio/3568.wav,./audio/ref_voice/alienkevin.wav,香港嘅unemployment rate上升，政府正在考慮推出新嘅economic stimulus package來鼓勵創業activity.,8.32,kept,train,"8.32s in [5.0, 30.0]"
3569,./audio/3569.wav,./audio/ref_voice/alienkevin.wav,政府計劃將重新開放border同陸地，但要implement 嚴格既健康檢查去防止Covid-19嘅spread.,8.448,kept,train,"8.45s in [5.0, 30.0]"
3570,./audio/3570.wav,./audio/ref_voice/alienkevin.wav,為咗鼓勵大眾 participate in green initiatives，政府宣布將推出新嘅recycling program.,7.488,kept,train,"7.49s in [5.0, 30.0]"
3571,./audio/3571.wav,./audio/ref_voice/alienkevin.wav,教育局發表新嘅 curriculum reform，令學生成為生活中嘅 lifelong learners，但有老師擔心會增加他們嘅workload.,9.7494,kept,train,"9.75s in [5.0, 30.0]"
3572,./audio/3572.wav,./audio/ref_voice/alienkevin.wav,市民對政府對房屋短缺問題嘅解決方案感到frustrated，呼籲政府提供more affordable housing options.,8.2347,kept,train,"8.23s in [5.0, 30.0]"
3573,./audio/3573.wav,./audio/ref_voice/alienkevin.wav,由於air pollution嘅問題日益嚴重，政府將introduce更嚴格嘅emission standards.,6.3787,kept,train,"6.38s in [5.0, 30.0]"
3574,./audio/3574.wav,./audio/ref_voice/alienkevin.wav,學生們對於新一輪嘅DSE考試感到stressed，社區團體呼籲政府提供more academic support.,8.0854,kept,train,"8.09s in [5.0, 30.0]"
3575,./audio/3575.wav,./audio/ref_voice/alienkevin.wav,對於擴大公眾投票權嘅討論在社會上引起heated debates，有市民擔心會undermine香港嘅stability.,8.96,kept,train,"8.96s in [5.0, 30.0]"
3576,./audio/3576.wav,./audio/ref_voice/alienkevin.wav,政府計劃擴大public healthcare facilities，以便于better cope with future health crises.,6.8907,kept,train,"6.89s in [5.0, 30.0]"
3577,./audio/3577.wav,./audio/ref_voice/alienkevin.wav,新一波COVID-19疫情爆發令市民急需更多protective measures，政府呼籲大家提高警覺並follow指引。,8.5547,kept,train,"8.55s in [5.0, 30.0]"
3578,./audio/3578.wav,./audio/ref_voice/alienkevin.wav,我覺得SOGO嗰邊好多latest fashion trends，你可以喺度買到好嘅衫同飾物。,6.4427,kept,train,"6.44s in [5.0, 30.0]"
3579,./audio/3579.wav,./audio/ref_voice/alienkevin.wav,Landsmark Center有好多luxury brands，我成日都會喺度搵下靚嘅手袋。,7.1894,kept,eval,"7.19s in [5.0, 30.0]"
3580,./audio/3580.wav,./audio/ref_voice/alienkevin.wav,你聽過Festival Walk嘅Zara未？佢哋嘅on-sale items都仲係好新款，好值得買。,6.9974,kept,train,"7.00s in [5.0, 30.0]"
3581,./audio/3581.wav,./audio/ref_voice/alienkevin.wav,恆生Plaza嘅Topshop有時會有特價嘅seasonal items，你可以試下嘅。,5.76,kept,train,"5.76s in [5.0, 30.0]"
3582,./audio/3582.wav,./audio/ref_voice/alienkevin.wav,Mong Kok嘅Nike store順便可以買返對最新款嘅sneakers，好過癮呀。,6.336,kept,train,"6.34s in [5.0, 30.0]"
3583,./audio/3583.wav,./audio/ref_voice/alienkevin.wav,IFC Mall 嗰邊有最新款嘅iPhone，如果你鍾意蘋果嘅產品，你唔可以錯過。,5.9307,kept,train,"5.93s in [5.0, 30.0]"
3584,./audio/3584.wav,./audio/ref_voice/alienkevin.wav,Times Square嘅H&M我覺得非常affordable，仲有好多時尚嘅選擇。,5.44,kept,train,"5.44s in [5.0, 30.0]"
3585,./audio/3585.wav,./audio/ref_voice/alienkevin.wav,你可以去check下Causeway Bay嘅Uniqlo，佢哋嘅clothing quality好好噃。,6.144,kept,train,"6.14s in [5.0, 30.0]"
3586,./audio/3586.wav,./audio/ref_voice/alienkevin.wav,APM嘅SEPHORA有最全嘅make-up products，如果你鍾意化妝，你一定要去看下。,6.8907,kept,train,"6.89s in [5.0, 30.0]"
3587,./audio/3587.wav,./audio/ref_voice/alienkevin.wav,Pacific Place嗰邊嘅Coach新款錢包好美嬤，好適合送比女朋友嘅。,6.8907,kept,train,"6.89s in [5.0, 30.0]"
3588,./audio/3588.wav,./audio/ref_voice/alienkevin.wav,不要give up，學習是個長遠battle，要持續嘅effort才會有result好睇.,6.699,kept,train,"6.70s in [5.0, 30.0]"
3589,./audio/3589.wav,./audio/ref_voice/alienkevin.wav,你嘅learning journey，唔stop，就一定會有大突破嘅day到來.,4.3307,too_short,n/a,4.33s < 5.0
3590,./audio/3590.wav,./audio/ref_voice/alienkevin.wav,Practice makes perfect，每日都要做一丁丁練習，你會發現自己已經improve咗好多.,9.152,kept,train,"9.15s in [5.0, 30.0]"
3591,./audio/3591.wav,./audio/ref_voice/alienkevin.wav,Study hard，just like打嘅嘢，你越努力，你越能考試時smash it!,6.5067,kept,train,"6.51s in [5.0, 30.0]"
3592,./audio/3592.wav,./audio/ref_voice/alienkevin.wav,Remember，學習唔係為咗別人，首先、就是為咗自己，focus on your own progress.,6.848,kept,train,"6.85s in [5.0, 30.0]"
3593,./audio/3593.wav,./audio/ref_voice/alienkevin.wav,學習就好似building blocks，慢慢stack up你嘅知識，create你自己嘅tower.,5.3974,kept,train,"5.40s in [5.0, 30.0]"
3594,./audio/3594.wav,./audio/ref_voice/alienkevin.wav,學習就像一個adventure，你會在途中encounter各種challenges，但這些都會使你更強大。,7.383,kept,train,"7.38s in [5.0, 30.0]"
3595,./audio/3595.wav,./audio/ref_voice/alienkevin.wav,Dedication係學習嘅crucial part，要專心插耳，唔好讓distractions拉你走。,6.4854,kept,train,"6.49s in [5.0, 30.0]"
3596,./audio/3596.wav,./audio/ref_voice/alienkevin.wav,"成功來自於學習，failure來自於停止學習。Don't be scared of making mistakes, that's how we learn.",7.6374,kept,train,"7.64s in [5.0, 30.0]"
3597,./audio/3597.wav,./audio/ref_voice/alienkevin.wav,Take your time，切記唔好rush through，係學習嘅journey裏，每一個step都係important.,6.592,kept,train,"6.59s in [5.0, 30.0]"
3598,./audio/3598.wav,./audio/ref_voice/alienkevin.wav,"Be proactive, 要主动，别等到别人提醒你才去做。",4.928,too_short,n/a,4.93s < 5.0
3599,./audio/3599.wav,./audio/ref_voice/alienkevin.wav,"Keep learning, 永远要保持学习态度，你会发现事物总有新的理解。",5.6747,kept,train,"5.67s in [5.0, 30.0]"
3600,./audio/3600.wav,./audio/ref_voice/alienkevin.wav,"Stay organized, 维持整洁，有助于提高工作效率.",4.5654,too_short,n/a,4.57s < 5.0
3601,./audio/3601.wav,./audio/ref_voice/alienkevin.wav,"Show respect, 尊重他人，每个人都有他们独特的价值。",4.416,too_short,n/a,4.42s < 5.0
3602,./audio/3602.wav,./audio/ref_voice/alienkevin.wav,"Be adaptable, 要有适应能力，工作中总会有不同的挑战和变化。",6.1654,kept,train,"6.17s in [5.0, 30.0]"
3603,./audio/3603.wav,./audio/ref_voice/alienkevin.wav,"Take responsibility, 负责任，错误发生了，就承认并寻找解决办法。",7.1467,kept,eval,"7.15s in [5.0, 30.0]"
3604,./audio/3604.wav,./audio/ref_voice/alienkevin.wav,"Seek feedback, 寻求反馈，才能知道自己在哪里可以有所提高。",6.3147,kept,train,"6.31s in [5.0, 30.0]"
3605,./audio/3605.wav,./audio/ref_voice/alienkevin.wav,"Set clear goals, 设定明确的目标，让自己每天都有明确的方向。"" ",5.9947,kept,train,"5.99s in [5.0, 30.0]"
3606,./audio/3606.wav,./audio/ref_voice/alienkevin.wav,"Work as a team, 团队合作，每个人都是团队成功的一部分。",5.3334,kept,train,"5.33s in [5.0, 30.0]"
3607,./audio/3607.wav,./audio/ref_voice/alienkevin.wav,"Nurture creativity, 培养创新精神，思维开放才能找到不同的解决策略。",9.6,kept,train,"9.60s in [5.0, 30.0]"
3608,./audio/3608.wav,./audio/ref_voice/alienkevin.wav,"今朝嘅weather真係有啲chill，應該要穿多件sweater啦！"" ",6.4534,kept,train,"6.45s in [5.0, 30.0]"
3609,./audio/3609.wav,./audio/ref_voice/alienkevin.wav,睇吓吓倒底今日嘅天氣forecast會否accurate啦。,5.7814,kept,train,"5.78s in [5.0, 30.0]"
3610,./audio/3610.wav,./audio/ref_voice/alienkevin.wav,昨晚storm撩，搞到我成晚都唔係好可以sleep嘅。,7.6374,kept,train,"7.64s in [5.0, 30.0]"
3611,./audio/3611.wav,./audio/ref_voice/alienkevin.wav,Hot day先好去beach边，好似今日咁嘅天氣，超好啊！,6.72,kept,train,"6.72s in [5.0, 30.0]"
3612,./audio/3612.wav,./audio/ref_voice/alienkevin.wav,Sunset time真係無得頂，冇咩比見到紅霞飄過天際更add oil嘅喇！,9.344,kept,train,"9.34s in [5.0, 30.0]"
3613,./audio/3613.wav,./audio/ref_voice/alienkevin.wav,Dawn time可以see住日出，真係好幸運嘅一天。,5.888,kept,train,"5.89s in [5.0, 30.0]"
3614,./audio/3614.wav,./audio/ref_voice/alienkevin.wav,下佢sleet，凍到我全身ice-cream咁。,5.28,kept,train,"5.28s in [5.0, 30.0]"
3615,./audio/3615.wav,./audio/ref_voice/alienkevin.wav,Summer time間間隔驚有typhoon，平時要keep alert啦!,7.2,kept,train,"7.20s in [5.0, 30.0]"
3616,./audio/3616.wav,./audio/ref_voice/alienkevin.wav,冬天一定要remember帶手套，咁先至唔會感覺到寒冷。,7.4347,kept,train,"7.43s in [5.0, 30.0]"
3617,./audio/3617.wav,./audio/ref_voice/alienkevin.wav,"寒冷嘅rainy day,確實需要飲杯hot coffee去warm up自己。",6.88,kept,train,"6.88s in [5.0, 30.0]"
3618,./audio/3618.wav,./audio/ref_voice/alienkevin.wav,Night time天氣轉涼，買餐late-night snack，真係冇咩比呢個moment更enjoy嘅喎!,8.3307,kept,train,"8.33s in [5.0, 30.0]"
3619,./audio/3619.wav,./audio/ref_voice/alienkevin.wav,喺Japanese sushi bar食到嗰個uni sushi，真係一流，sea urchin嘅甜味完全喺口中散開，好impressive！,12.0747,kept,train,"12.07s in [5.0, 30.0]"
3620,./audio/3620.wav,./audio/ref_voice/alienkevin.wav,我試過嗰個Korean bbq，有嗰啲well-marinated beef，佢哋既嫩又滑，又juicy，真係好satisfying！,12.7254,kept,train,"12.73s in [5.0, 30.0]"
3621,./audio/3621.wav,./audio/ref_voice/alienkevin.wav,我經常去Italian restaurant嚟食那個carbonara，豐富嘅cream sauce同al dente嘅pasta完全match，飲杯red w…,13.323,kept,train,"13.32s in [5.0, 30.0]"
3622,./audio/3622.wav,./audio/ref_voice/alienkevin.wav,喺Thai restaurant度試過個pad thai，真係太好食喇，那個sweet and sour sauce真係讓我好excited！,10.6027,kept,train,"10.60s in [5.0, 30.0]"
3623,./audio/3623.wav,./audio/ref_voice/alienkevin.wav,我昨晚喺Indian restaurant度食了嗰個butter chicken curry，配上naan bread，好spicy又好enjoyable！,12.2667,kept,train,"12.27s in [5.0, 30.0]"
3624,./audio/3624.wav,./audio/ref_voice/alienkevin.wav,我最近喺German beer garden度飲咗嗰隻craft beer，同一份sauerkraut鸡肉sausage，啖啖好滋味，真係feel到嗰種cozy…,12.3947,kept,train,"12.39s in [5.0, 30.0]"
3625,./audio/3625.wav,./audio/ref_voice/alienkevin.wav,我早前喺Mexican joint試咗嗰個taco，配埋那个fresh salsa，爽口又清新，real treatloon！,10.624,kept,train,"10.62s in [5.0, 30.0]"
3626,./audio/3626.wav,./audio/ref_voice/alienkevin.wav,我同朋友喺American diner食咗個classic burger，那個juicy beef patty配cheesy，我真好like！,10.24,kept,eval,"10.24s in [5.0, 30.0]"
3627,./audio/3627.wav,./audio/ref_voice/alienkevin.wav,我昨晚喺French bakery買了個croissant，外皮crispy，入面又好buttery，配杯café au lait，真係好relax噃！,11.872,kept,eval,"11.87s in [5.0, 30.0]"
3628,./audio/3628.wav,./audio/ref_voice/alienkevin.wav,我最鍾意喺Spanish tapas bar度食嗰個paella，seafood既fresh又sweet，真係好memorable！,10.5707,kept,train,"10.57s in [5.0, 30.0]"
3629,./audio/3629.wav,./audio/ref_voice/alienkevin.wav,去Japan嘅Kyoto，睇住个温泉同桜花，真係unique同令人relax嘅journey！,8.4694,kept,train,"8.47s in [5.0, 30.0]"
3630,./audio/3630.wav,./audio/ref_voice/alienkevin.wav,去Australia嘅Sydney，行過個Harbour Bridge，睇Opera House，係一個must-do嘅experience!,8.6934,kept,train,"8.69s in [5.0, 30.0]"
3631,./audio/3631.wav,./audio/ref_voice/alienkevin.wav,去Italy嘅Venice，坐咗个Gondola，感受咗下舊世界嘅romance，好enchanting!,9.687,kept,train,"9.69s in [5.0, 30.0]"
3632,./audio/3632.wav,./audio/ref_voice/alienkevin.wav,去U.S.A嘅New York，上咗個Empire State Building，睇個夜景，真係breathtaking！,8.544,kept,train,"8.54s in [5.0, 30.0]"
3633,./audio/3633.wav,./audio/ref_voice/alienkevin.wav,去France嘅Paris，坐喺Seine River旁side，飲杯咖啡，瞓張油畫般嘅sunset，令人long-lasting嘅memory!,14.4214,kept,train,"14.42s in [5.0, 30.0]"
3634,./audio/3634.wav,./audio/ref_voice/alienkevin.wav,自駕去New Zealand嘅South Island，個panoramic view真係unbelievable!,7.7334,kept,train,"7.73s in [5.0, 30.0]"
3635,./audio/3635.wav,./audio/ref_voice/alienkevin.wav,"去Switzerland嘅Zurich，食番個地道嘅chocolate fondue，甜嘅人都satisfied!"" ",9.792,kept,train,"9.79s in [5.0, 30.0]"
3636,./audio/3636.wav,./audio/ref_voice/alienkevin.wav,去India嘅Jaipur，参观咗下粉紅城，好colourful同full of history!,9.0987,kept,eval,"9.10s in [5.0, 30.0]"
3637,./audio/3637.wav,./audio/ref_voice/alienkevin.wav,去South Korea嘅Seoul，買咗好多skin care products，好賣得remorseful!,9.0667,kept,train,"9.07s in [5.0, 30.0]"
3638,./audio/3638.wav,./audio/ref_voice/alienkevin.wav,去UK嘅London，遊咗眾多museums，好educational同interesting!,8.8534,kept,train,"8.85s in [5.0, 30.0]"
3639,./audio/3639.wav,./audio/ref_voice/alienkevin.wav,你今晚有無想去karaoke？我嘅favourite歌喺嗰度等緊我，哈哈！,8.2347,kept,train,"8.23s in [5.0, 30.0]"
3640,./audio/3640.wav,./audio/ref_voice/alienkevin.wav,你有無試過做escape room？果個感覺真係好exciting，需要好多critical thinking skills。,7.7547,kept,train,"7.75s in [5.0, 30.0]"
3641,./audio/3641.wav,./audio/ref_voice/alienkevin.wav,最近我學咗打golf，但係我覺得咁嘅sport真係需要好多patience。,7.5307,kept,train,"7.53s in [5.0, 30.0]"
3642,./audio/3642.wav,./audio/ref_voice/alienkevin.wav,我鍾意周末嘅時候去bookstore睇下書，然後我會pick一本新書，慢慢享受leisure time。,9.0774,kept,train,"9.08s in [5.0, 30.0]"
3643,./audio/3643.wav,./audio/ref_voice/alienkevin.wav,你有無嘗試過玩最新嘅VR games？我覺得咁嘅experience真係好innovative！,8.384,kept,train,"8.38s in [5.0, 30.0]"
3644,./audio/3644.wav,./audio/ref_voice/alienkevin.wav,你聽過最新嘅pop music嗎？我發現嗰首Hit song之後，我就愛上咗嗰個artist。,9.9094,kept,train,"9.91s in [5.0, 30.0]"
3645,./audio/3645.wav,./audio/ref_voice/alienkevin.wav,我諗大家既然喺一齊，我哋唔如去玩board games，放鬆下，一齊享受嗰份fun吖！,10.8267,kept,eval,"10.83s in [5.0, 30.0]"
3646,./audio/3646.wav,./audio/ref_voice/alienkevin.wav,你有無follow到最新嘅Netflix series？我覺得哩個drama真係好engaging，我whole weekend都係喺度binge-watchi…,12.7894,kept,train,"12.79s in [5.0, 30.0]"
3647,./audio/3647.wav,./audio/ref_voice/alienkevin.wav,"你想唔想去做yoga？我覺得哩個真係一個好relax嘅activity, 可以幫我哋release壓力。",10.272,kept,train,"10.27s in [5.0, 30.0]"
3648,./audio/3648.wav,./audio/ref_voice/alienkevin.wav,你有無玩過online trivia games？我覺得咁樣可以一邊entertain一邊學新知識咯！,12.064,kept,train,"12.06s in [5.0, 30.0]"
3649,./audio/3649.wav,./audio/ref_voice/alienkevin.wav,做足warming up同cooling down嘅運動都好重要，保證運動嘅safety 同effectiveness。,9.111,kept,eval,"9.11s in [5.0, 30.0]"
3650,./audio/3650.wav,./audio/ref_voice/alienkevin.wav,保持良好嘅sleep hygiene同埋balanced diet，都能助你喺sports performance上有更大嘅breakthrough。,11.2427,kept,train,"11.24s in [5.0, 30.0]"
3651,./audio/3651.wav,./audio/ref_voice/alienkevin.wav,喺basketball game中，每個team member都應該用heart去play，一齊努力去reach team goal。,9.12,kept,train,"9.12s in [5.0, 30.0]"
3652,./audio/3652.wav,./audio/ref_voice/alienkevin.wav,喺swimming pool 入便，你需要improve嘅唔止喺speed，你仲要注重你嘅breathing technique同endurance。,8.0,kept,train,"8.00s in [5.0, 30.0]"
3653,./audio/3653.wav,./audio/ref_voice/alienkevin.wav,Chess喺一項需要intellect同patience嘅遊戲，每一步都需要精心嘅calculation 同strategy。,9.312,kept,eval,"9.31s in [5.0, 30.0]"
3654,./audio/3654.wav,./audio/ref_voice/alienkevin.wav,喺soccer比賽入便，單單depend球技唔夠，要佢地得到goal，須要strong teamwork同溝通能力。,8.8107,kept,train,"8.81s in [5.0, 30.0]"
3655,./audio/3655.wav,./audio/ref_voice/alienkevin.wav,Baseball嘅成功秘訣唔單止係有powerful swing，同時你都需要俾心去捉到對手嘅pitching pattern。,10.9654,kept,train,"10.97s in [5.0, 30.0]"
3656,./audio/3656.wav,./audio/ref_voice/alienkevin.wav,Cross-country running需要high endurance同mental strength，喊好你半路就放棄。,7.616,kept,eval,"7.62s in [5.0, 30.0]"
3657,./audio/3657.wav,./audio/ref_voice/alienkevin.wav,"喺biking 比賽中，你需要充足嘅stamina去忍受長時間嘅physical exertion。"" ",7.3494,kept,train,"7.35s in [5.0, 30.0]"
3658,./audio/3658.wav,./audio/ref_voice/alienkevin.wav,守著賽跑嘅上個personal best，唔單只需要speed，更要嘅係persistence同self-discipline。,12.1174,kept,train,"12.12s in [5.0, 30.0]"
3659,./audio/3659.wav,./audio/ref_voice/alienkevin.wav,有news报道，香港有一名市民miss了last flight 回家，現在stranded在外地唔得返，呼籲政府提供support.,11.168,kept,eval,"11.17s in [5.0, 30.0]"
3660,./audio/3660.wav,./audio/ref_voice/alienkevin.wav,面對新型coronavirus的挑戰，香港政府宣布將進行large-scale testing，以identify更多嘅隱形感染者.,11.9574,kept,train,"11.96s in [5.0, 30.0]"
3661,./audio/3661.wav,./audio/ref_voice/alienkevin.wav,最近香港property market降價，反映出經濟situation不優，政府需要加大力度stimulate經濟發展.,11.703,kept,train,"11.70s in [5.0, 30.0]"
3662,./audio/3662.wav,./audio/ref_voice/alienkevin.wav,由於最近政府对教育系统的reform，引起了大部分教师和学生的concern，呼吁政府尊重教育專業，給學生一個fair的學習環境。,15.6694,kept,train,"15.67s in [5.0, 30.0]"
3663,./audio/3663.wav,./audio/ref_voice/alienkevin.wav,政府就air quality問題採取了新measures，包括建立更多green spaces和encourage大家用public transport，希望能…,16.2347,kept,train,"16.23s in [5.0, 30.0]"
3664,./audio/3664.wav,./audio/ref_voice/alienkevin.wav,有市民對新嘅immigration policy抱有skeptical，唔清楚會唔會affect到佢哋嘅工作機會，要求政府提供更清楚嘅explanation.,13.5787,kept,train,"13.58s in [5.0, 30.0]"
3665,./audio/3665.wav,./audio/ref_voice/alienkevin.wav,政府正在review minimum wage，希望能提高低收入者嘅生活質素，但亦引起部分企業對成本increase嘅擔憂。,13.8027,kept,train,"13.80s in [5.0, 30.0]"
3666,./audio/3666.wav,./audio/ref_voice/alienkevin.wav,香港政府將從今年開始，implement waste charging scheme，希望可以鼓勵市民減少垃圾，同時推進recycling industry發展…,14.1654,kept,train,"14.17s in [5.0, 30.0]"
3667,./audio/3667.wav,./audio/ref_voice/alienkevin.wav,我鍾意喺IFC Mall嗰度揾一啲特色嘅gifts，我最喜愛去個MUJI选靚嘅家品。,10.0374,kept,train,"10.04s in [5.0, 30.0]"
3668,./audio/3668.wav,./audio/ref_voice/alienkevin.wav,Sogo嗰度都係一個唔错嘅購物選擇，佢地有好落力嘅sale，常常都可以買到好多designer brand傾到想買嘅衫。,14.336,kept,train,"14.34s in [5.0, 30.0]"
3669,./audio/3669.wav,./audio/ref_voice/alienkevin.wav,我之前喺Times Square買左條Levi's嘅jeans，嗰度有好多嘅fashion stores，一定可以揾到你想要嘅衫。,12.5014,kept,train,"12.50s in [5.0, 30.0]"
3670,./audio/3670.wav,./audio/ref_voice/alienkevin.wav,Causeway Bay嘅H&M好大間，夠你行成日，同埋個秋冬collection真係好on point。,10.731,kept,eval,"10.73s in [5.0, 30.0]"
3671,./audio/3671.wav,./audio/ref_voice/alienkevin.wav,我成日都會去Element嗰度嘅Zara，好多on-trend items都係呢度搵到嘅。,8.4694,kept,eval,"8.47s in [5.0, 30.0]"
3672,./audio/3672.wav,./audio/ref_voice/alienkevin.wav,K11 Art Mall我成日都會去，嗰度有好多好特色嘅boutiques，D間漂亮嘅咖啡店都令人難以忘懷。,11.5414,kept,train,"11.54s in [5.0, 30.0]"
3673,./audio/3673.wav,./audio/ref_voice/alienkevin.wav,"Cityplaza嗰度有間Uniqlo，我好鍾意度做shopping, 特別係個underwear section，成日都有好多新嘅產品推出。",12.0214,kept,train,"12.02s in [5.0, 30.0]"
3674,./audio/3674.wav,./audio/ref_voice/alienkevin.wav,荃灣嘅D-Park都有好多我中意嘅brands，除左做shopping，都可以上個Cinema看戲，好chill噃。,11.9574,kept,train,"11.96s in [5.0, 30.0]"
3675,./audio/3675.wav,./audio/ref_voice/alienkevin.wav,呢度我最愛就係Pacific Place，好多luxury brands都集中喺度，窮人我去度既舒服又有野買。,11.8294,kept,train,"11.83s in [5.0, 30.0]"
3676,./audio/3676.wav,./audio/ref_voice/alienkevin.wav,"Harbour City嘅Toys""R""Us有好多特色嘅玩具，我成日都會買返啲Disney嘅collectibles。",8.6934,kept,train,"8.69s in [5.0, 30.0]"
3677,./audio/3677.wav,./audio/ref_voice/alienkevin.wav,學習唔只係讀書嘅問題，life experience都係一個重要嘅教材。,7.7654,kept,train,"7.77s in [5.0, 30.0]"
3678,./audio/3678.wav,./audio/ref_voice/alienkevin.wav,要understand真正嘅knowledge，就要ready去接受新嘅information。,5.824,kept,train,"5.82s in [5.0, 30.0]"
3679,./audio/3679.wav,./audio/ref_voice/alienkevin.wav,Learning process唔應該係壓力來源，但係應該係尋找knowledge嘅旅程。,7.5734,kept,train,"7.57s in [5.0, 30.0]"
3680,./audio/3680.wav,./audio/ref_voice/alienkevin.wav,唔好怕failure，因為failure就係經驗嘅來源。Remember to look at the bright side.,7.3387,kept,train,"7.34s in [5.0, 30.0]"
3681,./audio/3681.wav,./audio/ref_voice/alienkevin.wav,Every lesson dat we learn in life prepares us for the future.,6.6454,kept,eval,"6.65s in [5.0, 30.0]"
3682,./audio/3682.wav,./audio/ref_voice/alienkevin.wav,唔好覺得學習係一種burden，其實你學習嘅每一樣野，將來都可以幫助到你自己。,8.1707,kept,train,"8.17s in [5.0, 30.0]"
3683,./audio/3683.wav,./audio/ref_voice/alienkevin.wav,Commitment係學習中最重要嘅一環，如果你有決心，你就可以overcome所有嘅困難。,8.32,kept,eval,"8.32s in [5.0, 30.0]"
3684,./audio/3684.wav,./audio/ref_voice/alienkevin.wav,唔好怕問問題，因為扮聰明絕對唔係一種learn嘅好方式。,6.9227,kept,train,"6.92s in [5.0, 30.0]"
3685,./audio/3685.wav,./audio/ref_voice/alienkevin.wav,Adopt a growth mindset，唔好滿足於現狀，believe dat你可以進步。,8.3094,kept,train,"8.31s in [5.0, 30.0]"
3686,./audio/3686.wav,./audio/ref_voice/alienkevin.wav,學識放慢你嘅pace，give yourself space去理解新嘅information.,5.952,kept,train,"5.95s in [5.0, 30.0]"
3687,./audio/3687.wav,./audio/ref_voice/alienkevin.wav,"Take initiative, 主动担当，别等问题找上门再处理。",6.08,kept,train,"6.08s in [5.0, 30.0]"
3688,./audio/3688.wav,./audio/ref_voice/alienkevin.wav,"Stay organized, 保持整理，让工作更有效率。",5.8454,kept,train,"5.85s in [5.0, 30.0]"
3689,./audio/3689.wav,./audio/ref_voice/alienkevin.wav,"Be accountable, 要有责任感，做事要对得起自己的良知。",8.3734,kept,train,"8.37s in [5.0, 30.0]"
3690,./audio/3690.wav,./audio/ref_voice/alienkevin.wav,"Embrace change, 接受变化，时刻准备好改变自己的策略。",6.112,kept,train,"6.11s in [5.0, 30.0]"
3691,./audio/3691.wav,./audio/ref_voice/alienkevin.wav,"Be positive, 保持正面，影响周围的人。",5.376,kept,train,"5.38s in [5.0, 30.0]"
3692,./audio/3692.wav,./audio/ref_voice/alienkevin.wav,"Ask questions, 多问问题，不然永远不会成长。",6.592,kept,eval,"6.59s in [5.0, 30.0]"
3693,./audio/3693.wav,./audio/ref_voice/alienkevin.wav,"Show up on time, 注意时间，第一步就是把时间弄清楚。",7.712,kept,train,"7.71s in [5.0, 30.0]"
3694,./audio/3694.wav,./audio/ref_voice/alienkevin.wav,"Deliver results, 要出成果，说说而已不会有改变。",6.816,kept,train,"6.82s in [5.0, 30.0]"
3695,./audio/3695.wav,./audio/ref_voice/alienkevin.wav,"Keep learning, 继续学习，才能跟上时代的步伐。",5.4614,kept,train,"5.46s in [5.0, 30.0]"
3696,./audio/3696.wav,./audio/ref_voice/alienkevin.wav,"Build relationships, 建立关系，人脉就是财富。",5.5147,kept,train,"5.51s in [5.0, 30.0]"
3697,./audio/3697.wav,./audio/ref_voice/alienkevin.wav,"Be innovative, 创新者，才能领跑行业。",5.3227,kept,train,"5.32s in [5.0, 30.0]"
3698,./audio/3698.wav,./audio/ref_voice/alienkevin.wav,"Collaborate with others, 跟他人合作，万人齐心，其利断金。",8.1067,kept,train,"8.11s in [5.0, 30.0]"
3699,./audio/3699.wav,./audio/ref_voice/alienkevin.wav,"Exceed expectations, 超越期望，你的工作比任何人都要懂。",8.5547,kept,train,"8.55s in [5.0, 30.0]"
3700,./audio/3700.wav,./audio/ref_voice/alienkevin.wav,"Work smart, 工作聪明，才能把事情做得更好。",6.592,kept,train,"6.59s in [5.0, 30.0]"
3701,./audio/3701.wav,./audio/ref_voice/alienkevin.wav,"Be resilient, 不屈不挠，失败并不可怕，怕的是你没有勇气面对。",8.7254,kept,train,"8.73s in [5.0, 30.0]"
3702,./audio/3702.wav,./audio/ref_voice/alienkevin.wav,天氣app指咗今日做嘅forecast係晴天，但d窗外確係落緊大雨啊。,7.712,kept,train,"7.71s in [5.0, 30.0]"
3703,./audio/3703.wav,./audio/ref_voice/alienkevin.wav,我係自家都好少留意我嘅thermometer，只要feel到凍就無所謂喇。,7.4667,kept,train,"7.47s in [5.0, 30.0]"
3704,./audio/3704.wav,./audio/ref_voice/alienkevin.wav,全身雖然tank咗好多thermal嘅衫，但係仲覺得好凍。,7.296,kept,train,"7.30s in [5.0, 30.0]"
3705,./audio/3705.wav,./audio/ref_voice/alienkevin.wav,成個星期都雲霧twist up，上邊d to the point嘅天氣真係返嚟啦。,9.2587,kept,train,"9.26s in [5.0, 30.0]"
3706,./audio/3706.wav,./audio/ref_voice/alienkevin.wav,室内嘅air conditioner set到冬天模式，但係出去就要戴上sun hat，呢種extreme都係頭一遭。,15.1894,kept,train,"15.19s in [5.0, 30.0]"
3707,./audio/3707.wav,./audio/ref_voice/alienkevin.wav,廁所有radiator，但係咁嘅大雪天，我相信除咗溫暖嘅boots，無嘢可以拯救我。,9.6107,kept,train,"9.61s in [5.0, 30.0]"
3708,./audio/3708.wav,./audio/ref_voice/alienkevin.wav,有時候我好懷疑呢個weather app，唔知輸入嘅數據inaccurate定係我霧裡看花呢。,10.3147,kept,train,"10.31s in [5.0, 30.0]"
3709,./audio/3709.wav,./audio/ref_voice/alienkevin.wav,你會唔會覺得，咁嘅天氣喺香港乎咁cold，已經足以賣咗d heater翻本喇？,10.272,kept,train,"10.27s in [5.0, 30.0]"
3710,./audio/3710.wav,./audio/ref_voice/alienkevin.wav,啱啱個app talking about要小心黑冰，但係我仲係希望有d冰雪會融化啦。,9.8987,kept,train,"9.90s in [5.0, 30.0]"
3711,./audio/3711.wav,./audio/ref_voice/alienkevin.wav,仲有，我只係期待d潮濕嘅天氣去除，唔想再擔心mouldy嘅問題喇。,9.8774,kept,train,"9.88s in [5.0, 30.0]"
3712,./audio/3712.wav,./audio/ref_voice/alienkevin.wav,我今朝喺Japanese sushi bar食咗幾款sashimi，佢哋嘅salmon好fresh，真係好夠味！,8.3947,kept,train,"8.39s in [5.0, 30.0]"
3713,./audio/3713.wav,./audio/ref_voice/alienkevin.wav,我個兄弟喺Spanish restaurant訂咗個paella 同sangria，佢話嗰個seafood又tender又juicy，仲有佢個rice好crea…,17.4294,kept,train,"17.43s in [5.0, 30.0]"
3714,./audio/3714.wav,./audio/ref_voice/alienkevin.wav,我同我朋友喺Thai street food stall嗰邊食咗個pad Thai，加上lime juice 同 chopped peanuts，呢個combo…,14.1014,kept,eval,"14.10s in [5.0, 30.0]"
3715,./audio/3715.wav,./audio/ref_voice/alienkevin.wav,我上個星期喺Italian pizzeria 嚟咗個margherita pizza，佢嘅tomato sauce又rich又tangy，同mozzarella…,14.9654,kept,train,"14.97s in [5.0, 30.0]"
3716,./audio/3716.wav,./audio/ref_voice/alienkevin.wav,我昨晚喺Mexican taco truck嗰邊訂咗個chicken taco，佢個coriander同lime真係好complement佢嘅flavor，好想…,12.3414,kept,train,"12.34s in [5.0, 30.0]"
3717,./audio/3717.wav,./audio/ref_voice/alienkevin.wav,我度假喺Hawaii嗰陣食咗個poke bowl，嗰啲fresh tuna同avocado，配上sushi rice，簡直係好unreal噃！,12.0747,kept,train,"12.07s in [5.0, 30.0]"
3718,./audio/3718.wav,./audio/ref_voice/alienkevin.wav,我喺Lebanese restaurant試咗個hummus同pita，佢哋嘅garlic flavor真係好出色，我完全stop唔到！,12.1067,kept,train,"12.11s in [5.0, 30.0]"
3719,./audio/3719.wav,./audio/ref_voice/alienkevin.wav,我同我女朋友喺Greek restaurant嗰邊試咗個moussaka，佢嘅eggplant同minced meat layer真係好tasty，仲有佢嘅bé…,11.5734,kept,eval,"11.57s in [5.0, 30.0]"
3720,./audio/3720.wav,./audio/ref_voice/alienkevin.wav,去咗嗰度Thailand嘅Bangkok，個Grand Palace真係好grand同壯觀！,7.9254,kept,train,"7.93s in [5.0, 30.0]"
3721,./audio/3721.wav,./audio/ref_voice/alienkevin.wav,飛咗黎Australia嘅Sydney，去咗下darling harbour睇晚霞，感覺好romantic！,8.2774,kept,train,"8.28s in [5.0, 30.0]"
3722,./audio/3722.wav,./audio/ref_voice/alienkevin.wav,去咗Japan嘅Tokyo，佢地嘅technology同fast-paced lifestyle真係好impressive！,6.699,kept,train,"6.70s in [5.0, 30.0]"
3723,./audio/3723.wav,./audio/ref_voice/alienkevin.wav,去完Italy嘅Rome之後，我愛上咗佢嘅古老architecture同rich history！,9.0134,kept,train,"9.01s in [5.0, 30.0]"
3724,./audio/3724.wav,./audio/ref_voice/alienkevin.wav,雖然我喺Dubai嘅weather覺得有啲太熱，但佢嘅luxury lifestyle同skyscrapers真是一覽無遺！,10.7734,kept,train,"10.77s in [5.0, 30.0]"
3725,./audio/3725.wav,./audio/ref_voice/alienkevin.wav,Paris真係好elegant，佢嘅fashion同art culture真係吸引到我！,7.4134,kept,train,"7.41s in [5.0, 30.0]"
3726,./audio/3726.wav,./audio/ref_voice/alienkevin.wav,我先喺United States嘅New York見到咗咁多咁tall嘅建築物，好overwhelming！,12.064,kept,train,"12.06s in [5.0, 30.0]"
3727,./audio/3727.wav,./audio/ref_voice/alienkevin.wav,我初到Spain嘅Barcelona，已經深深愛上咗佢嘅beaches同旺盛嘅nightlife！,8.384,kept,train,"8.38s in [5.0, 30.0]"
3728,./audio/3728.wav,./audio/ref_voice/alienkevin.wav,我去咗South Africa嘅Cape Town，參觀咗下Table Mountain，真係好breathtaking！,8.0107,kept,train,"8.01s in [5.0, 30.0]"
3729,./audio/3729.wav,./audio/ref_voice/alienkevin.wav,喺Greece嘅Santorini，佢嘅蔚藍海景同白色建築真係picturesque到極點！,8.672,kept,train,"8.67s in [5.0, 30.0]"
3730,./audio/3730.wav,./audio/ref_voice/alienkevin.wav,我真係鐘意每年嘅Coachella，我哋可以喺嗰度enjoy到世界各地嘅coolest音樂，超開心！,11.6694,kept,eval,"11.67s in [5.0, 30.0]"
3731,./audio/3731.wav,./audio/ref_voice/alienkevin.wav,你有無聽過Joji嘅最新一張album？我覺得嗰個beats同melody真係好chill啊！,8.448,kept,train,"8.45s in [5.0, 30.0]"
3732,./audio/3732.wav,./audio/ref_voice/alienkevin.wav,我喺weekend喺迪士尼度玩咗整份日，真係太much fun，你下次唔係要一齊去嘅？,9.472,kept,train,"9.47s in [5.0, 30.0]"
3733,./audio/3733.wav,./audio/ref_voice/alienkevin.wav,我最近八小戲院睇咗部電影，嘅名叫係 'Inception'，好mind-blowing架，你要唔要試吓？,11.488,kept,train,"11.49s in [5.0, 30.0]"
3734,./audio/3734.wav,./audio/ref_voice/alienkevin.wav,我真係好愛Taylor Swift嘅歌，每當我係stress out嗰陣我都會play嗰隻歌 'Shake it off'，成日令我感覺好多喇！,11.6907,kept,train,"11.69s in [5.0, 30.0]"
3735,./audio/3735.wav,./audio/ref_voice/alienkevin.wav,你有冇睇咗嗰部K-drama 'Crash Landing on you'？我覺得Plot呢度好intense，每個episode都keep我喺edge of …,14.295,kept,train,"14.29s in [5.0, 30.0]"
3736,./audio/3736.wav,./audio/ref_voice/alienkevin.wav,我真係好期待下一次嘅EDC，喺那裹感覺就似喺另一個reality咁樣，喺那度跳舞attack到天光，真係一個unforgettable experience！,14.2614,kept,train,"14.26s in [5.0, 30.0]"
3737,./audio/3737.wav,./audio/ref_voice/alienkevin.wav,我今年想試吓Cosplay喺Comic-Con，應該好exciting嘅，你有冇同我一齊嘅？,9.8987,kept,eval,"9.90s in [5.0, 30.0]"
3738,./audio/3738.wav,./audio/ref_voice/alienkevin.wav,最近Netflix上咗新season嘅 'Stranger Things'，我已經準備好喺weekend將佢binge-watch through，你要唔要同我…,11.2214,kept,train,"11.22s in [5.0, 30.0]"
3739,./audio/3739.wav,./audio/ref_voice/alienkevin.wav,"我喺PS5度打咗個game叫'The Last of Us',嗰個storyline同gameplay真係一流架！",8.7574,kept,train,"8.76s in [5.0, 30.0]"
3740,./audio/3740.wav,./audio/ref_voice/alienkevin.wav,Football比賽中你要keep possession同時亦要look for opportunities去攻擊對方嘅goal.,9.1627,kept,train,"9.16s in [5.0, 30.0]"
3741,./audio/3741.wav,./audio/ref_voice/alienkevin.wav,Swimming可以鍛煉個人嘅endurance同coordination，係一個好全面嘅體育活動。,9.44,kept,train,"9.44s in [5.0, 30.0]"
3742,./audio/3742.wav,./audio/ref_voice/alienkevin.wav,Boxing唔止需要physical strength，更需要mental toughness與strategy去面對對手。,8.9707,kept,train,"8.97s in [5.0, 30.0]"
3743,./audio/3743.wav,./audio/ref_voice/alienkevin.wav,跑步喺welcome所有能力level嘅人，快慢由你自主，你可以用呢個方式進行cardio training。,11.0507,kept,train,"11.05s in [5.0, 30.0]"
3744,./audio/3744.wav,./audio/ref_voice/alienkevin.wav,Basketball唔單止需要shooting skills，passing同dribbling都係absolutely essential嘅元素。,10.1227,kept,train,"10.12s in [5.0, 30.0]"
3745,./audio/3745.wav,./audio/ref_voice/alienkevin.wav,Yoga可以幫你improve flexibility同balance，同時亦有助於stress relief.,8.9067,kept,train,"8.91s in [5.0, 30.0]"
3746,./audio/3746.wav,./audio/ref_voice/alienkevin.wav,Weightlifting要注意你嘅form同technique，否則可能會有injury嘅風險。,8.1494,kept,train,"8.15s in [5.0, 30.0]"
3747,./audio/3747.wav,./audio/ref_voice/alienkevin.wav,Cycling係一種low-impact嘅體育活動，對於要protect knees嘅人特別適合。,8.384,kept,train,"8.38s in [5.0, 30.0]"
3748,./audio/3748.wav,./audio/ref_voice/alienkevin.wav,"無論你係玩table tennis定係tennis, 喺game中都需要focus同quick reflexes。",9.088,kept,train,"9.09s in [5.0, 30.0]"
3749,./audio/3749.wav,./audio/ref_voice/alienkevin.wav,嚟一場friendly嘅badminton比賽，除咗可以keep fit，同時亦可以increase您陣人與人之間嘅bonding。,12.1174,kept,train,"12.12s in [5.0, 30.0]"
3750,./audio/3750.wav,./audio/ref_voice/alienkevin.wav,因為covid pandemic，香港旅遊業受到重創，很多tour agency都停業，我哋要support local business，保護人哋嘅工作機會。,13.76,kept,train,"13.76s in [5.0, 30.0]"
3751,./audio/3751.wav,./audio/ref_voice/alienkevin.wav,香港street food被列入UNESCO的intangible cultural heritage，真係俾面，但係要繼續保護我哋嘅food culture，…,17.9734,kept,train,"17.97s in [5.0, 30.0]"
3752,./audio/3752.wav,./audio/ref_voice/alienkevin.wav,對於overpopulation問題，香港政府計畫develop new town以舒緩housing需求，但同時都要balance保護環境嘅需要。,12.5014,kept,eval,"12.50s in [5.0, 30.0]"
3753,./audio/3753.wav,./audio/ref_voice/alienkevin.wav,香港政府打算implement 新嘅高鐵計劃，係希望能夠提高交通效率，但市民擔心gaudy development會摧毁我哋香港美麗自然環境。,12.5334,kept,train,"12.53s in [5.0, 30.0]"
3754,./audio/3754.wav,./audio/ref_voice/alienkevin.wav,香港嘅protest movement成為國際焦點，政府需要透過communication和dialogues，去解決deep rooted問題，達到socia…,11.595,kept,train,"11.59s in [5.0, 30.0]"
3755,./audio/3755.wav,./audio/ref_voice/alienkevin.wav,香港property tax嘅改革，可能引起中產階級嘅反感，政府需要謹慎handle這個sensitive issue，實現公平分擔，也保護市民嘅生活。,12.4054,kept,train,"12.41s in [5.0, 30.0]"
3756,./audio/3756.wav,./audio/ref_voice/alienkevin.wav,因應全球climate change，香港需要增強綠化建設，promote renewable energy，建立sustainable future。,11.904,kept,train,"11.90s in [5.0, 30.0]"
3757,./audio/3757.wav,./audio/ref_voice/alienkevin.wav,香港government plan嚟introduce STEM education入學校curriculum，希望提高學生嘅技能，為未來digital eco…,12.7574,kept,eval,"12.76s in [5.0, 30.0]"
3758,./audio/3758.wav,./audio/ref_voice/alienkevin.wav,我比较鍾意去CWB嘅Sogo買衫，個Product quality實在太緊要喇。,9.152,kept,train,"9.15s in [5.0, 30.0]"
3759,./audio/3759.wav,./audio/ref_voice/alienkevin.wav,"除左Oriental Watch, 我都会去Rolex睇下佢地嘅latest collection.",7.5307,kept,train,"7.53s in [5.0, 30.0]"
3760,./audio/3760.wav,./audio/ref_voice/alienkevin.wav,Chanel嘅香水好出名，去Times Square嘅Beauty Avenue就可以試吓佢地最新款。,8.5547,kept,train,"8.55s in [5.0, 30.0]"
3761,./audio/3761.wav,./audio/ref_voice/alienkevin.wav,Burbery嘅trench coat系classics，我都挺想去Harbour City買一件嚟搭配一下。,9.4187,kept,train,"9.42s in [5.0, 30.0]"
3762,./audio/3762.wav,./audio/ref_voice/alienkevin.wav,太古城嘅supermarket有好多我鍾意嘅healthy snacks，我每次过吾到都將佢地carry咗返屋企。,9.4827,kept,eval,"9.48s in [5.0, 30.0]"
3763,./audio/3763.wav,./audio/ref_voice/alienkevin.wav,Links of London嘅頸鍊出名靚，我所有特別嘅occasion都會去Princess Jewellery睇下.,9.399,kept,train,"9.40s in [5.0, 30.0]"
3764,./audio/3764.wav,./audio/ref_voice/alienkevin.wav,每次去太古廣場，我都要舔返塊Haagen-Dazs嘅雪糕，好enjoy呢個shopping experience喇。,8.8,kept,train,"8.80s in [5.0, 30.0]"
3765,./audio/3765.wav,./audio/ref_voice/alienkevin.wav,Festival Walk嘅AEON Style 呢個Japan supermarket超正，佢嘅products都好有Japan feel。,9.0347,kept,train,"9.03s in [5.0, 30.0]"
3766,./audio/3766.wav,./audio/ref_voice/alienkevin.wav,"K11 Art Mall有好多獨立設計，好鍾意嗰度嘅lifestyle products，好inspiring噃!"" ",8.823,kept,train,"8.82s in [5.0, 30.0]"
3767,./audio/3767.wav,./audio/ref_voice/alienkevin.wav,Cosco Wholesale香港工業中心個outlet唔錯，買完都可以去唔遠嘅UM Dining上菜用嚟chill下。,11.7334,kept,train,"11.73s in [5.0, 30.0]"
3768,./audio/3768.wav,./audio/ref_voice/alienkevin.wav,學習唔係just about記住嘅訊息，而係需要understand 呢啲訊息點樣用喺日常生活中。,7.563,kept,train,"7.56s in [5.0, 30.0]"
3769,./audio/3769.wav,./audio/ref_voice/alienkevin.wav,要了解學習其實都係一種continuous process，你學咗一樣嘢唔代表你可以停止學習。,8.96,kept,train,"8.96s in [5.0, 30.0]"
3770,./audio/3770.wav,./audio/ref_voice/alienkevin.wav,學習上唔好太depend on 嘅人，唔係依靠人，而係學習點樣自己stand up。,8.9387,kept,train,"8.94s in [5.0, 30.0]"
3771,./audio/3771.wav,./audio/ref_voice/alienkevin.wav,"喺學習嗰陣唔好compare yourself to others,我哋各有各嘅learning speed。",7.4667,kept,train,"7.47s in [5.0, 30.0]"
3772,./audio/3772.wav,./audio/ref_voice/alienkevin.wav,唔好嫌你學得slow，最重要嘅係你唔要give up，持續嘅學習，持續嘅improvement 。,9.5574,kept,train,"9.56s in [5.0, 30.0]"
3773,./audio/3773.wav,./audio/ref_voice/alienkevin.wav,"唔好怕failure, failure係一個好嘅學習機會，幫你identify你嘅弱點。",7.2854,kept,train,"7.29s in [5.0, 30.0]"
3774,./audio/3774.wav,./audio/ref_voice/alienkevin.wav,學習永遠無絕對嘅right or wrong，就算你做錯，你都還係會learn something.,8.7787,kept,train,"8.78s in [5.0, 30.0]"
3775,./audio/3775.wav,./audio/ref_voice/alienkevin.wav,學習係關於discover自身嘅potential，你要dare to challenge自己。,7.8827,kept,train,"7.88s in [5.0, 30.0]"
3776,./audio/3776.wav,./audio/ref_voice/alienkevin.wav,"學習係需要patience,唔會即刻見到成果，所以你要保持persistent睇到結果。",9.7174,kept,train,"9.72s in [5.0, 30.0]"
3777,./audio/3777.wav,./audio/ref_voice/alienkevin.wav,"學習不僅僅係focus on books,你都要學習點樣interact同人，點樣處理conflict。",9.0774,kept,train,"9.08s in [5.0, 30.0]"
3778,./audio/3778.wav,./audio/ref_voice/alienkevin.wav,"Always meet deadlines, 按时完成，工作效率才能提升。",6.6454,kept,train,"6.65s in [5.0, 30.0]"
3779,./audio/3779.wav,./audio/ref_voice/alienkevin.wav,"Communicate effectively, 明白沟通，解决对方困惑。",6.08,kept,train,"6.08s in [5.0, 30.0]"
3780,./audio/3780.wav,./audio/ref_voice/alienkevin.wav,"Stay focused, 专心致志，使工作更有效。",5.664,kept,train,"5.66s in [5.0, 30.0]"
3781,./audio/3781.wav,./audio/ref_voice/alienkevin.wav,"Accept criticism, 接受批评，使你更加成熟。",5.3334,kept,train,"5.33s in [5.0, 30.0]"
3782,./audio/3782.wav,./audio/ref_voice/alienkevin.wav,"Never stop learning, 继续学习，增长知识，爱岗敬业。",6.112,kept,train,"6.11s in [5.0, 30.0]"
3783,./audio/3783.wav,./audio/ref_voice/alienkevin.wav,"Manage time wisely, 聪明管理时间，工作才有成效。",8.535,kept,train,"8.53s in [5.0, 30.0]"
3784,./audio/3784.wav,./audio/ref_voice/alienkevin.wav,"Take initiative, 积极主动，增加工作机会。",6.6774,kept,train,"6.68s in [5.0, 30.0]"
3785,./audio/3785.wav,./audio/ref_voice/alienkevin.wav,"Pursue excellence, 追求卓越，精益求精。",5.9734,kept,train,"5.97s in [5.0, 30.0]"
3786,./audio/3786.wav,./audio/ref_voice/alienkevin.wav,"Be reliable, 可以信赖，赢得同事的尊重。",6.112,kept,train,"6.11s in [5.0, 30.0]"
3787,./audio/3787.wav,./audio/ref_voice/alienkevin.wav,"Show respect to others, 尊重他人，和谐共事。",5.3227,kept,train,"5.32s in [5.0, 30.0]"
3788,./audio/3788.wav,./audio/ref_voice/alienkevin.wav,聽朝嗰陣落雨，我響umbrella下flip through返我嘅紙報，真係幾滑稽。,7.8934,kept,train,"7.89s in [5.0, 30.0]"
3789,./audio/3789.wav,./audio/ref_voice/alienkevin.wav,同我講埋今日熱到爆炸，air conditioner都唔夠佢。,7.4987,kept,train,"7.50s in [5.0, 30.0]"
3790,./audio/3790.wav,./audio/ref_voice/alienkevin.wav,睇下窗外，全城都霧霾foggy up，真係唔知佢哋怎樣survive。,8.2347,kept,train,"8.23s in [5.0, 30.0]"
3791,./audio/3791.wav,./audio/ref_voice/alienkevin.wav,星期三儉個sunny day，我地喺beach玩得真係好開心。,8.8534,kept,train,"8.85s in [5.0, 30.0]"
3792,./audio/3792.wav,./audio/ref_voice/alienkevin.wav,又到季節轉變，暖氣嗰個switch就由我控制。,6.0054,kept,train,"6.01s in [5.0, 30.0]"
3793,./audio/3793.wav,./audio/ref_voice/alienkevin.wav,落雨天令我影響咗去gym，唔make sense嘅天氣對我影響咗健身。,7.7974,kept,train,"7.80s in [5.0, 30.0]"
3794,./audio/3794.wav,./audio/ref_voice/alienkevin.wav,天文台講哩個禮拜又將進入寒流，我個old coat終於派得上用場。,10.8907,kept,train,"10.89s in [5.0, 30.0]"
3795,./audio/3795.wav,./audio/ref_voice/alienkevin.wav,噚日個風吹得我死去live come，我實在需要個scarf。,7.296,kept,train,"7.30s in [5.0, 30.0]"
3796,./audio/3796.wav,./audio/ref_voice/alienkevin.wav,聽日出太陽，我都懶得bring along我部雨傘，Domino effect咁啱啱洗完嘅頭髮就會變得濕淋淋。,11.712,kept,train,"11.71s in [5.0, 30.0]"
3797,./audio/3797.wav,./audio/ref_voice/alienkevin.wav,個太陽出到曬我，我都忘記咗我嘅sunglasses，就算唔出門都要隔著窗簾enjoy啲陽光。,11.648,kept,train,"11.65s in [5.0, 30.0]"
3798,./audio/3798.wav,./audio/ref_voice/alienkevin.wav,我上個禮拜喺French bakery買咗個croissant，佢嘅buttery texture真係好滑口，包括佢嘅flakiness我都好欣賞！,9.5147,kept,train,"9.51s in [5.0, 30.0]"
3799,./audio/3799.wav,./audio/ref_voice/alienkevin.wav,我同朋友喺Mexican restaurant食咗個tacos，佢嘅ground beef同cheese topping真係好mouthwatering，仲有佢…,14.6774,kept,eval,"14.68s in [5.0, 30.0]"
3800,./audio/3800.wav,./audio/ref_voice/alienkevin.wav,我昨晚喺Italian pizzeria訂咗個margherita pizza，上頭嘅mozzarella cheese同tomato sauce配合得真係pe…,15.3174,kept,train,"15.32s in [5.0, 30.0]"
3801,./audio/3801.wav,./audio/ref_voice/alienkevin.wav,我見到個recipe教人整vegan burger就動手去整，用咗black beans做個patty，佢嘅醬汁仲好creamy，口感真係好rich勁喺感覺好健…,16.2987,kept,train,"16.30s in [5.0, 30.0]"
3802,./audio/3802.wav,./audio/ref_voice/alienkevin.wav,"我喺Thai restaurant試咗個pad thai，佢嘅rice noodles, tofu同bean sprouts都好fresh，再加上佢哋嘅spec…",13.3547,kept,train,"13.35s in [5.0, 30.0]"
3803,./audio/3803.wav,./audio/ref_voice/alienkevin.wav,我近日喺家整咗個beef stir fry，用咗嘅beef strips真係好tender，仲有佢嘅sautéed vegetables煮得剛剛好，真係好美味！,11.2,kept,train,"11.20s in [5.0, 30.0]"
3804,./audio/3804.wav,./audio/ref_voice/alienkevin.wav,我喺Indian restaurant食到一個chicken tikka masala，嗰個spicy creamy sauce真係好滋味，配上naan bre…,11.5414,kept,train,"11.54s in [5.0, 30.0]"
3805,./audio/3805.wav,./audio/ref_voice/alienkevin.wav,我喺Korean BBQ joint食咗一份pork belly，佢嘅meat好juicy，完全highlight出咗原汁原味，再配一碗kimchi fried…,16.2454,kept,train,"16.25s in [5.0, 30.0]"
3806,./audio/3806.wav,./audio/ref_voice/alienkevin.wav,我喺Vietnamese restaurant試咗個pho，佢嘅beef broth真係good to the last drop，仲有佢嘅steak slic…,12.256,kept,train,"12.26s in [5.0, 30.0]"
3807,./audio/3807.wav,./audio/ref_voice/alienkevin.wav,我同朋友喺Spanish tapas bar分享了幾款tapas，佢哋嘅patatas bravas同chorizo sausage真係好喺have bite，…,18.368,kept,train,"18.37s in [5.0, 30.0]"
3808,./audio/3808.wav,./audio/ref_voice/alienkevin.wav,我上咗Australia嘅Sydney，去咗下Opera House，強烈feel到佢嘅modern之美！,7.7014,kept,train,"7.70s in [5.0, 30.0]"
3809,./audio/3809.wav,./audio/ref_voice/alienkevin.wav,京都嘅Kyomizu-dera，每次俾佢嘅古老同神秘attract到，我一成唔變喺我最鐘意嘅日本spot！,13.8454,kept,train,"13.85s in [5.0, 30.0]"
3810,./audio/3810.wav,./audio/ref_voice/alienkevin.wav,Las Vegas嘅night life真係狂到爆，我感受到咗佢嘅wild同free！,9.003,kept,train,"9.00s in [5.0, 30.0]"
3811,./audio/3811.wav,./audio/ref_voice/alienkevin.wav,喺Italy 既Rome，佢嘅Colosseum和Vatican City讓我深深感受到咗古羅馬嘅magnificence！,10.6774,kept,train,"10.68s in [5.0, 30.0]"
3812,./audio/3812.wav,./audio/ref_voice/alienkevin.wav,Hawaii嘅beach同島嶼自然景觀真係breathtaking到讓人無法抗拒。,8.4587,kept,train,"8.46s in [5.0, 30.0]"
3813,./audio/3813.wav,./audio/ref_voice/alienkevin.wav,法國嘅Paris，Eiffel Tower下，我感受到嗰種romantic情懷好似喺電影嘅情節！,8.192,kept,train,"8.19s in [5.0, 30.0]"
3814,./audio/3814.wav,./audio/ref_voice/alienkevin.wav,去咗下南極Antarctica，睇住成群嘅penguins，真係特別cute，好難忘嘅experience！,9.0774,kept,train,"9.08s in [5.0, 30.0]"
3815,./audio/3815.wav,./audio/ref_voice/alienkevin.wav,喺New York嘅Times Square，每一面billboard同人流多樣性都令我感受到嗰種urban hustle and bustle！,8.4587,kept,train,"8.46s in [5.0, 30.0]"
3816,./audio/3816.wav,./audio/ref_voice/alienkevin.wav,住喺Maldives嘅水上屋，一望無際嘅sea view 真係relaxing到我想居住落去！,8.8427,kept,train,"8.84s in [5.0, 30.0]"
3817,./audio/3817.wav,./audio/ref_voice/alienkevin.wav,去咗下日本嘅Mount Fuji，爬到嗰個summit，俾人感受到嘅sense of achievement真係無法言喻！,9.9947,kept,train,"9.99s in [5.0, 30.0]"
3818,./audio/3818.wav,./audio/ref_voice/alienkevin.wav,"我真係不能miss Avengers嗰份movie, Iron Man嗰啲超能力真係好令我震撼啊！",8.928,kept,train,"8.93s in [5.0, 30.0]"
3819,./audio/3819.wav,./audio/ref_voice/alienkevin.wav,你聽過嗰隻song 'Despacito'咩? 佢係我今年summer嘅最愛誒！,7.7654,kept,eval,"7.77s in [5.0, 30.0]"
3820,./audio/3820.wav,./audio/ref_voice/alienkevin.wav,"我最近check咗 'Friends' 嗰個TV show, Rachel同Ross嘅關係真係好感人！",9.12,kept,train,"9.12s in [5.0, 30.0]"
3821,./audio/3821.wav,./audio/ref_voice/alienkevin.wav,"我最近好into K-pop, BTS嗰份'talent'係真係唔能ignore啊！",9.975,kept,eval,"9.97s in [5.0, 30.0]"
3822,./audio/3822.wav,./audio/ref_voice/alienkevin.wav,"我嗰日去咗個concert, Ed Sheeran嘅表演真係唔得了！",5.0454,kept,train,"5.05s in [5.0, 30.0]"
3823,./audio/3823.wav,./audio/ref_voice/alienkevin.wav,我昨晚睇咗一齣drama叫 'Breaking Bad'，個plot真的太captivating了！,8.3947,kept,train,"8.39s in [5.0, 30.0]"
3824,./audio/3824.wav,./audio/ref_voice/alienkevin.wav,你有冇試過玩 'Among Us'？我同我朋友玩得好開心哩！,6.848,kept,train,"6.85s in [5.0, 30.0]"
3825,./audio/3825.wav,./audio/ref_voice/alienkevin.wav,我好鍾意去Disneyland，嗰度嘅rides真係好exciting！,4.992,too_short,n/a,4.99s < 5.0
3826,./audio/3826.wav,./audio/ref_voice/alienkevin.wav,我成日睇Netflix，'Stranger Things' 嗰份suspense真係讓我無法stop watching唔睇下去！,7.4347,kept,train,"7.43s in [5.0, 30.0]"
3827,./audio/3827.wav,./audio/ref_voice/alienkevin.wav,"我好鍾意Taylor Swift嘅'folklore' album,佢嗰啲lyrics真係好deep啊！",6.592,kept,train,"6.59s in [5.0, 30.0]"
3828,./audio/3828.wav,./audio/ref_voice/alienkevin.wav,Cycling唔只需要good stamina，對路線記憶同navigation skills都係好重要。,7.52,kept,train,"7.52s in [5.0, 30.0]"
3829,./audio/3829.wav,./audio/ref_voice/alienkevin.wav,跑步仲要注意breathing technique，否則就好快就會感到fatigued。,5.76,kept,train,"5.76s in [5.0, 30.0]"
3830,./audio/3830.wav,./audio/ref_voice/alienkevin.wav,Gym workout唔單止需要strength，更要有proper form去避免受傷。,6.8694,kept,eval,"6.87s in [5.0, 30.0]"
3831,./audio/3831.wav,./audio/ref_voice/alienkevin.wav,Swimming需要coordination同breathing control，否前就會好快就feel exhausted。,7.7974,kept,train,"7.80s in [5.0, 30.0]"
3832,./audio/3832.wav,./audio/ref_voice/alienkevin.wav,Football唔單止係about scoring goals，同埋defense同teamwork都係好crucial。,7.296,kept,train,"7.30s in [5.0, 30.0]"
3833,./audio/3833.wav,./audio/ref_voice/alienkevin.wav,Yoga唔係只係about flexibility，穩定性及inner peace都係重要part嘅。,9.4827,kept,train,"9.48s in [5.0, 30.0]"
3834,./audio/3834.wav,./audio/ref_voice/alienkevin.wav,Rugby唔只需physical toughness，理解同運用strategy都係winning的關鍵。,8.7467,kept,train,"8.75s in [5.0, 30.0]"
3835,./audio/3835.wav,./audio/ref_voice/alienkevin.wav,"Dance唔止係藝術，strength, agility同balance都係can't ignore的部分。",7.808,kept,train,"7.81s in [5.0, 30.0]"
3836,./audio/3836.wav,./audio/ref_voice/alienkevin.wav,唔論係Tennis定Badminton，footwork同timing都係必需master嘅技巧。,8.0427,kept,train,"8.04s in [5.0, 30.0]"
3837,./audio/3837.wav,./audio/ref_voice/alienkevin.wav,無論做啲咩種類嘅Sports，warm-up同cool-down都係唔可以miss out嘅环节。,6.9974,kept,train,"7.00s in [5.0, 30.0]"
3838,./audio/3838.wav,./audio/ref_voice/alienkevin.wav,香港政府宣布要進一步enhance既警力，希望可以維護city's security，但市民擔心個人freedom的受脅。,8.5974,kept,train,"8.60s in [5.0, 30.0]"
3839,./audio/3839.wav,./audio/ref_voice/alienkevin.wav,最近香港的property market實在太hot，使到唔少local難以購買自己嘅第一個家。,8.832,kept,train,"8.83s in [5.0, 30.0]"
3840,./audio/3840.wav,./audio/ref_voice/alienkevin.wav,香港government在疫情期間推出嘅消費券足以support local businesses， 但有批評話唔夠幫助到有需要的人。,9.536,kept,train,"9.54s in [5.0, 30.0]"
3841,./audio/3841.wav,./audio/ref_voice/alienkevin.wav,香港既education system又一次被批評 emotionally drained 學生，呼籲regulate 學校的壓力。,10.1334,kept,train,"10.13s in [5.0, 30.0]"
3842,./audio/3842.wav,./audio/ref_voice/alienkevin.wav,香港的public transport system再一次升價，市民質疑是否真正reflect operational kosten同考慮到市民需要。,10.528,kept,eval,"10.53s in [5.0, 30.0]"
3843,./audio/3843.wav,./audio/ref_voice/alienkevin.wav,香港政府擬議嘅reclamation project 又引起環保人士反對，話會對本地marine life造成影響。,10.144,kept,train,"10.14s in [5.0, 30.0]"
3844,./audio/3844.wav,./audio/ref_voice/alienkevin.wav,香港government打算將develop AI技術，係希望能夠提高香港競爭力，但市民擔心privacy issue和提升mysogyny。,11.4774,kept,eval,"11.48s in [5.0, 30.0]"
3845,./audio/3845.wav,./audio/ref_voice/alienkevin.wav,香港嘅航空工業受到疫情嚴重打擊，導致唔少人失去工作，呼籲政府提供aid package幫助受影響的員工。,11.1467,kept,train,"11.15s in [5.0, 30.0]"
3846,./audio/3846.wav,./audio/ref_voice/alienkevin.wav,香港政府打算implement 新的教育政策，希望能提高學生嘅競爭力，但問題係是否更加stressful學生。,8.8427,kept,train,"8.84s in [5.0, 30.0]"
3847,./audio/3847.wav,./audio/ref_voice/alienkevin.wav,因為疫情影響，香港的tourism industry撞上壁，政府希望透過online tourism來吸引遊客。,8.4694,kept,train,"8.47s in [5.0, 30.0]"
3848,./audio/3848.wav,./audio/ref_voice/alienkevin.wav,港島東嘅APM好多時都會搞啲特別嘅shopping events，好attraction嘅呢!,7.959,kept,eval,"7.96s in [5.0, 30.0]"
3849,./audio/3849.wav,./audio/ref_voice/alienkevin.wav,我最近去咗Harbour City買咗D新鞋，個design好特別，真係love it!,7.7014,kept,train,"7.70s in [5.0, 30.0]"
3850,./audio/3850.wav,./audio/ref_voice/alienkevin.wav,Pacific Place嘅fashion brands真係好吸引，見到喺度有打折就一定要去買喇!,7.4774,kept,train,"7.48s in [5.0, 30.0]"
3851,./audio/3851.wav,./audio/ref_voice/alienkevin.wav,Elements嘅luxury brands真係冇得輸，雖然價錢偏高但product quality就真係無得輸喎!,8.9387,kept,eval,"8.94s in [5.0, 30.0]"
3852,./audio/3852.wav,./audio/ref_voice/alienkevin.wav,我每個月都會去TST嘅DFS買一兩樣duty free items，個saving真係幾可觀嘅.,10.656,kept,eval,"10.66s in [5.0, 30.0]"
3853,./audio/3853.wav,./audio/ref_voice/alienkevin.wav,港島嘅IFC mall賣緊一個我好喜歡嘅French brand perfume，我下禮拜就去買!,8.672,kept,train,"8.67s in [5.0, 30.0]"
3854,./audio/3854.wav,./audio/ref_voice/alienkevin.wav,我最近特別喜歡Times Square嘅一間獨立店，佢嘅accessories design好獨特，實在太steal my heart喇.,9.632,kept,train,"9.63s in [5.0, 30.0]"
3855,./audio/3855.wav,./audio/ref_voice/alienkevin.wav,Festival Walk嘅movie-themed merchandise真係好奇特，Next time我一定會再去買嘅.,8.5227,kept,eval,"8.52s in [5.0, 30.0]"
3856,./audio/3856.wav,./audio/ref_voice/alienkevin.wav,我最鍾意去CWB嘅Sogo買日本產品，由cosmetics到food，我都好享受嗰種shop till you drop畀感覺.,10.2827,kept,train,"10.28s in [5.0, 30.0]"
3857,./audio/3857.wav,./audio/ref_voice/alienkevin.wav,我上星期喺Citygate買咗一條designer brand jeans，原價retail price真係幾恐怖，但因為有sale就真係超值嘅喎!,12.2987,kept,train,"12.30s in [5.0, 30.0]"
3858,./audio/3858.wav,./audio/ref_voice/alienkevin.wav,學嘅時候，要有patience，唔可以一直急着想快速嘅完成，唔係咁會get the real knowledge。,9.399,kept,train,"9.40s in [5.0, 30.0]"
3859,./audio/3859.wav,./audio/ref_voice/alienkevin.wav,學習並唔一定要focus在某一個particular field，可以嘗試學習各種不同嘅things，呢個會令你更全面嘅understand the world…,11.991,kept,train,"11.99s in [5.0, 30.0]"
3860,./audio/3860.wav,./audio/ref_voice/alienkevin.wav,Different people有different learning styles，重要嘅係要了解自己嘅學習方式，善用嚟提升自己嘅學習效率。,10.5707,kept,train,"10.57s in [5.0, 30.0]"
3861,./audio/3861.wav,./audio/ref_voice/alienkevin.wav,學習呀，唔只係要在classroom度，life itself都係一個大嘅learning platform。,9.28,kept,train,"9.28s in [5.0, 30.0]"
3862,./audio/3862.wav,./audio/ref_voice/alienkevin.wav,Study唔好overstress，保持balance lifestyle係幫助學習嘅一個重要factor。,8.139,kept,train,"8.14s in [5.0, 30.0]"
3863,./audio/3863.wav,./audio/ref_voice/alienkevin.wav,True learning唔係只侷限於學校嘅textbook或者lecture notes咁簡單，而係關乎如何apply da knowledge in rea…,12.4054,kept,train,"12.41s in [5.0, 30.0]"
3864,./audio/3864.wav,./audio/ref_voice/alienkevin.wav,珍惜每一個fail嘅機會，因為failure都係學習嘅一部份，幫助你remark yourself，再起步。,8.512,kept,train,"8.51s in [5.0, 30.0]"
3865,./audio/3865.wav,./audio/ref_voice/alienkevin.wav,唔明白嘅嘢就要勇於ask question，咁樣先能學得更多。,6.752,kept,train,"6.75s in [5.0, 30.0]"
3866,./audio/3866.wav,./audio/ref_voice/alienkevin.wav,好好嘅manage你嘅time，有效嘅利用每一分每一秒去學習，咁先唔會waste你嘅effort。” ,11.2,kept,train,"11.20s in [5.0, 30.0]"
3867,./audio/3867.wav,./audio/ref_voice/alienkevin.wav,Keep an open mind呀，學習新嘅嘢並冇fixed formula，要自己去explore，去discover。,8.224,kept,train,"8.22s in [5.0, 30.0]"
3868,./audio/3868.wav,./audio/ref_voice/alienkevin.wav,唔好只係啱啱pass了test或者exam就停咗，學習應該always be ongoing one。,9.312,kept,train,"9.31s in [5.0, 30.0]"
3869,./audio/3869.wav,./audio/ref_voice/alienkevin.wav,"Embrace challenges, 勇于挑战，不怕困难，攀登高峰。",6.464,kept,train,"6.46s in [5.0, 30.0]"
3870,./audio/3870.wav,./audio/ref_voice/alienkevin.wav,"Teamwork is key, 团队协作，齐心协力，成功在望。",5.44,kept,train,"5.44s in [5.0, 30.0]"
3871,./audio/3871.wav,./audio/ref_voice/alienkevin.wav,"Always be punctual, 准时到达，重视时间，认真工作。",5.3014,kept,train,"5.30s in [5.0, 30.0]"
3872,./audio/3872.wav,./audio/ref_voice/alienkevin.wav,"Mistakes are lessons, 别怕出错，失败是成功之母，学习反馈。",7.456,kept,train,"7.46s in [5.0, 30.0]"
3873,./audio/3873.wav,./audio/ref_voice/alienkevin.wav,"Stay organized, 保持整洁，有序工作，提高效率。",5.5787,kept,train,"5.58s in [5.0, 30.0]"
3874,./audio/3874.wav,./audio/ref_voice/alienkevin.wav,"Focus on what matters, 集中注意力，重要事项，抓住关键。",8.2347,kept,train,"8.23s in [5.0, 30.0]"
3875,./audio/3875.wav,./audio/ref_voice/alienkevin.wav,"Continuous improvement, 持续进步，提高水平，追求卓越。",6.0587,kept,train,"6.06s in [5.0, 30.0]"
3876,./audio/3876.wav,./audio/ref_voice/alienkevin.wav,"Respect for others, 尊重他人，尊贵儿儿，团结合作。",7.5307,kept,train,"7.53s in [5.0, 30.0]"
3877,./audio/3877.wav,./audio/ref_voice/alienkevin.wav,"Strive for excellence, 追求卓越，完善自我，持续创新。",6.464,kept,train,"6.46s in [5.0, 30.0]"
3878,./audio/3878.wav,./audio/ref_voice/alienkevin.wav,"Dedication pays off, 付出就有回报，坚持做好每一件事，取得成功。",7.5094,kept,train,"7.51s in [5.0, 30.0]"
3879,./audio/3879.wav,./audio/ref_voice/alienkevin.wav,真係put up with唔住呢度嘅炎熱夏天，一出門就全身sweaty。,6.7734,kept,train,"6.77s in [5.0, 30.0]"
3880,./audio/3880.wav,./audio/ref_voice/alienkevin.wav,不能出返去都令人feel depressed，成日喺屋企所以effective果度完全變咗形。,9.0774,kept,train,"9.08s in [5.0, 30.0]"
3881,./audio/3881.wav,./audio/ref_voice/alienkevin.wav,果天去咗central shopping，就落起大雨，令我要speed up行完嗮嘢。,7.5947,kept,train,"7.59s in [5.0, 30.0]"
3882,./audio/3882.wav,./audio/ref_voice/alienkevin.wav,近日嘅天氣，早晨既sunny afternoon又開始rainy，真係讓人catch up唔到。,8.192,kept,train,"8.19s in [5.0, 30.0]"
3883,./audio/3883.wav,./audio/ref_voice/alienkevin.wav,件外套我唔記得帶嘞，但突然間天氣turn cold，我就想即刻new one，吓到我趁下班时rush去購物中心。,13.2267,kept,train,"13.23s in [5.0, 30.0]"
3884,./audio/3884.wav,./audio/ref_voice/alienkevin.wav,大雪天，真係令我100% stay at home，play係雪中會被雪bomb，冇錯就係有人會攻擊我！,12.0534,kept,train,"12.05s in [5.0, 30.0]"
3885,./audio/3885.wav,./audio/ref_voice/alienkevin.wav,今晚天氣好美，full moon就像畫一樣，真係令我感到relax。”,8.2134,kept,train,"8.21s in [5.0, 30.0]"
3886,./audio/3886.wav,./audio/ref_voice/alienkevin.wav,有時候睇睇天氣report，都覺得唔准，預計會dry，但去到半路就開始落雨，立即變咗drowned rat一樣，好難accept呢。,13.76,kept,train,"13.76s in [5.0, 30.0]"
3887,./audio/3887.wav,./audio/ref_voice/alienkevin.wav,一年四季都炎熱，我未夾夾已經超heat up，真係嫌太hot，想轉回去秋天當時嘅chill狀態。”,9.92,kept,train,"9.92s in [5.0, 30.0]"
3888,./audio/3888.wav,./audio/ref_voice/alienkevin.wav,我今日喺Thai restaurant食咗個green curry chicken 的午餐，佢哋嘅coconut milk搏咗落去好rich，配上jasmine…,12.928,kept,train,"12.93s in [5.0, 30.0]"
3889,./audio/3889.wav,./audio/ref_voice/alienkevin.wav,"喺個Japanese sushi bar我嘗試咗幾款特色rolls, 那個tuna roll同eel roll都好tasty，加上一杯sake簡直perfect…",13.952,kept,eval,"13.95s in [5.0, 30.0]"
3890,./audio/3890.wav,./audio/ref_voice/alienkevin.wav,我喺呢段Italian trattoria講嘅Spaghetti bolognese呢個分量非常足，佢哋啲tomato meat sauce真係有滋味，吃完唔會…,14.048,kept,train,"14.05s in [5.0, 30.0]"
3891,./audio/3891.wav,./audio/ref_voice/alienkevin.wav,French cuisine喺我嘅心目中一向都有個好嘅位，佢哋嘅coq au vin有深厚紅酒香，配上baguette，feel好sophisticated!,16.32,kept,train,"16.32s in [5.0, 30.0]"
3892,./audio/3892.wav,./audio/ref_voice/alienkevin.wav,對於mexican food，我最鍾意食嘅就是这个chicken enchiladas，辣辣嘅cheese sauce配上tortilla，有埋啲salsa唔駛…,15.264,kept,train,"15.26s in [5.0, 30.0]"
3893,./audio/3893.wav,./audio/ref_voice/alienkevin.wav,我昨日喺Vietnamese restaurant食嗮個beef pho，佢哋嘅soup base淡淡牛骨香，配上few slices嘅beef，honestl…,16.0534,kept,train,"16.05s in [5.0, 30.0]"
3894,./audio/3894.wav,./audio/ref_voice/alienkevin.wav,Israeli food其實都幾特別，譬如hummus啦，falafel啦，我仲鐘意佢哋嘅Shakshuka - tomato sauce加上夠蛋，配pita …,13.6854,kept,train,"13.69s in [5.0, 30.0]"
3895,./audio/3895.wav,./audio/ref_voice/alienkevin.wav,Today 喺個Korean BBQ restaurant，我地叫咗份pork belly同kalbi，barbecue過後肉質咁juicy，配咗kimchi就…,13.248,kept,eval,"13.25s in [5.0, 30.0]"
3896,./audio/3896.wav,./audio/ref_voice/alienkevin.wav,"Chinese Dim sum辣唔辣嘅我都鍾意食，比如個Siu Mai, Har gow同腸粉，再配上pot of tea，feel like traditio…",12.448,kept,train,"12.45s in [5.0, 30.0]"
3897,./audio/3897.wav,./audio/ref_voice/alienkevin.wav,我喺Persian restaurant跟朋友分享咗份Mixed Grill，其中佢哋嘅Lamb Kebab同Chicken Joojeh真係完全addicti…,17.9627,kept,train,"17.96s in [5.0, 30.0]"
3898,./audio/3898.wav,./audio/ref_voice/alienkevin.wav,喺Australia嘅Sydney睇咗佢嘅Opera House，唔止architecture 驚人，夜晚嘅view更加breathtaking！,10.2934,kept,train,"10.29s in [5.0, 30.0]"
3899,./audio/3899.wav,./audio/ref_voice/alienkevin.wav,喺US嘅Yellowstone National Park，火山，湖泊同森林嘅combination唔止讓我覺得nature嘅power，更加感受到咗地球嘅美麗…,13.2054,kept,train,"13.21s in [5.0, 30.0]"
3900,./audio/3900.wav,./audio/ref_voice/alienkevin.wav,親身體驗咗下喺China嘅Great Wall行嘅感覺，喺山頂眺望四周，係咁樣overwhelming嘅experience！,13.3547,kept,train,"13.35s in [5.0, 30.0]"
3901,./audio/3901.wav,./audio/ref_voice/alienkevin.wav,喺Japan嘅Kyoto嘅秋天，都市同ancient temples包圍住嘅紅葉，美到好似painting咁，令我無法忘懷！,9.952,kept,train,"9.95s in [5.0, 30.0]"
3902,./audio/3902.wav,./audio/ref_voice/alienkevin.wav,去咗下France嘅Paris，Eiffel Tower喺夜晚燈光閃閃嘅時候，我就覺得「呢一刻，我唔係喺人間，我喺paradise！」,12.8,kept,train,"12.80s in [5.0, 30.0]"
3903,./audio/3903.wav,./audio/ref_voice/alienkevin.wav,喺Nepal trekking，雖然辛苦，但係喺Himalayas感受到嘅peace同quiet，真係難以置信！,10.624,kept,train,"10.62s in [5.0, 30.0]"
3904,./audio/3904.wav,./audio/ref_voice/alienkevin.wav,"喺South Africa safari，親眼見到lions, elephants等wildlife，感覺就似喺National Geographic show…",11.6587,kept,train,"11.66s in [5.0, 30.0]"
3905,./audio/3905.wav,./audio/ref_voice/alienkevin.wav,喺Spain嘅Barcelona，Gaudi嘅unique architect真係叫我感受到咗art嘅力量，每一個corner都係一種inspiration！,12.8,kept,train,"12.80s in [5.0, 30.0]"
3906,./audio/3906.wav,./audio/ref_voice/alienkevin.wav,喺New Zealand嘅Milford Sound，對住壮观嘅mountains同清澈嘅waters，感受到嘅就係pure tranquility！,12.5547,kept,eval,"12.55s in [5.0, 30.0]"
3907,./audio/3907.wav,./audio/ref_voice/alienkevin.wav,喺Egypt睇到咗古老嘅pyramids同sphinx，係好神秘同mysterious嘅experience，真係worth it！,9.7174,kept,train,"9.72s in [5.0, 30.0]"
3908,./audio/3908.wav,./audio/ref_voice/alienkevin.wav,"我最近好like睇 Marvel 嘅 Avengers movie series, Iron Man嘅作用真係好出色！",9.8454,kept,train,"9.85s in [5.0, 30.0]"
3909,./audio/3909.wav,./audio/ref_voice/alienkevin.wav,"我之前去咗一個 pop-up art exhibition, 嗰啲art pieces真係好有creativity！",7.712,kept,train,"7.71s in [5.0, 30.0]"
3910,./audio/3910.wav,./audio/ref_voice/alienkevin.wav,"我最近好喜歡聽Sammi Cheng嘅歌, 特別係嗰首Believe in Mi, melody同lyrics都好touching啊！",11.4027,kept,train,"11.40s in [5.0, 30.0]"
3911,./audio/3911.wav,./audio/ref_voice/alienkevin.wav,"我最近follow番咗MasterChef之嘅TV show, 厨师们嘅cooking skills 真係好厉害啊！",10.752,kept,train,"10.75s in [5.0, 30.0]"
3912,./audio/3912.wav,./audio/ref_voice/alienkevin.wav,"我刚刚去咗Disney Land嗰度玩, Mickey Mouse同Donald Duck都好cute啊！",5.984,kept,train,"5.98s in [5.0, 30.0]"
3913,./audio/3913.wav,./audio/ref_voice/alienkevin.wav,"我最近download一個叫Among Us嘅video game, 堆friend玩得好开心啊！",7.9467,kept,train,"7.95s in [5.0, 30.0]"
3914,./audio/3914.wav,./audio/ref_voice/alienkevin.wav,周星馳嘅 '恭喜發財' 系列真係太classic啦，每次睇都会laugh till cry！,7.9254,kept,train,"7.93s in [5.0, 30.0]"
3915,./audio/3915.wav,./audio/ref_voice/alienkevin.wav,"我最近好享受做yoga, 尤其係follow番 'Yoga with Adriene'嘅videos, feel好relaxed！"" ",9.152,kept,train,"9.15s in [5.0, 30.0]"
3916,./audio/3916.wav,./audio/ref_voice/alienkevin.wav,我听咗一首新歌叫Driver's License， singer Olivia Rodrigo嘅voice真係好touching！,9.2267,kept,train,"9.23s in [5.0, 30.0]"
3917,./audio/3917.wav,./audio/ref_voice/alienkevin.wav,我最近好迷 Netflix嗰份 'Stranger Things'，嗰啲child actors嘅performance真係完全blow我mind!,10.0694,kept,eval,"10.07s in [5.0, 30.0]"
3918,./audio/3918.wav,./audio/ref_voice/alienkevin.wav,壁球嘅gameplay唔單止要有speed，而且要有好嘅strategy同focus。,8.8747,kept,train,"8.87s in [5.0, 30.0]"
3919,./audio/3919.wav,./audio/ref_voice/alienkevin.wav,Golf玩得好除咗depend on技術，嘅patience同持久力都好必要。,8.4587,kept,eval,"8.46s in [5.0, 30.0]"
3920,./audio/3920.wav,./audio/ref_voice/alienkevin.wav,打Baseball嘅時候，要know how to pitch同hit都喺好重要嘅一部份。,5.8987,kept,train,"5.90s in [5.0, 30.0]"
3921,./audio/3921.wav,./audio/ref_voice/alienkevin.wav,跑步並唔係只about how fast你跑，你嘅endurance同discipline都好key。,8.9707,kept,train,"8.97s in [5.0, 30.0]"
3922,./audio/3922.wav,./audio/ref_voice/alienkevin.wav,游水嘅時候，你嘅breathing technique同呢個水嘅relationship就係決定你嘅performance。,9.1627,kept,train,"9.16s in [5.0, 30.0]"
3923,./audio/3923.wav,./audio/ref_voice/alienkevin.wav,比賽，唔係關於你贏或者輸，佢more about你學咗啲咩，你improved咗幾多。,7.9147,kept,train,"7.91s in [5.0, 30.0]"
3924,./audio/3924.wav,./audio/ref_voice/alienkevin.wav,Basketball就喺more than just shooting baskets，你嘅teamwork同communication skills就係決定你…,10.9974,kept,train,"11.00s in [5.0, 30.0]"
3925,./audio/3925.wav,./audio/ref_voice/alienkevin.wav,跳舞並唔係只關於moves，佢係一種用body去express你嘅art form。,8.5974,kept,train,"8.60s in [5.0, 30.0]"
3926,./audio/3926.wav,./audio/ref_voice/alienkevin.wav,做瑜伽唔單止好fit身體，而且help住我哋放鬆同提升focus。,6.4427,kept,train,"6.44s in [5.0, 30.0]"
3927,./audio/3927.wav,./audio/ref_voice/alienkevin.wav,Rugby唔係只about力量，而係一種嘅discipline同teamwork，所以呢個game係好特別嘅。,7.936,kept,train,"7.94s in [5.0, 30.0]"
3928,./audio/3928.wav,./audio/ref_voice/alienkevin.wav,"為了提高香港的global integration,政府繼續投資於infrastructure projects，包括新airport和rail system。",12.224,kept,train,"12.22s in [5.0, 30.0]"
3929,./audio/3929.wav,./audio/ref_voice/alienkevin.wav,"香港近年黎有increasing demand for renewable energy, 但目前的infrastructure還不夠sustainable，需…",15.296,kept,train,"15.30s in [5.0, 30.0]"
3930,./audio/3930.wav,./audio/ref_voice/alienkevin.wav,香港的property market 面對泡沫威脅，政府需要implement新strategy以防造成economic instability。,9.536,kept,train,"9.54s in [5.0, 30.0]"
3931,./audio/3931.wav,./audio/ref_voice/alienkevin.wav,香港的youth unemployment rate持續上升，需要大量job creation strategies和career development pr…,11.2427,kept,train,"11.24s in [5.0, 30.0]"
3932,./audio/3932.wav,./audio/ref_voice/alienkevin.wav,因為climate change，香港的weather pattern變得越來越unpredictable，對唔同industry都有挑戰，特別係agricul…,13.6214,kept,train,"13.62s in [5.0, 30.0]"
3933,./audio/3933.wav,./audio/ref_voice/alienkevin.wav,由於社區老齡化，香港需要係healthcare system投入更多resources，特別係針對elderly care services。,9.1414,kept,train,"9.14s in [5.0, 30.0]"
3934,./audio/3934.wav,./audio/ref_voice/alienkevin.wav,疫情下，香港的retail sector遇到未曾有過的挑戰，政府需要strategy去support佢哋走出困境。,11.776,kept,train,"11.78s in [5.0, 30.0]"
3935,./audio/3935.wav,./audio/ref_voice/alienkevin.wav,香港政府正在review 漁業政策，希望透過sustainable fishing實踐marine conservation。,10.1014,kept,train,"10.10s in [5.0, 30.0]"
3936,./audio/3936.wav,./audio/ref_voice/alienkevin.wav,擔心technology gap加劇social inequality，香港政府係education sector投資咗大量funds，包括Digital in…,12.896,kept,train,"12.90s in [5.0, 30.0]"
3937,./audio/3937.wav,./audio/ref_voice/alienkevin.wav,香港急需更多affordable housing，但建設project的progress緩慢，呢個問題帶來咗policy challenges。,10.944,kept,train,"10.94s in [5.0, 30.0]"
3938,./audio/3938.wav,./audio/ref_voice/alienkevin.wav,我鍾意去Mongkok嘅Ladies Market揾一啲trendy既clothes，佢嗰度嘅variety真係非常豐富.,8.3734,kept,train,"8.37s in [5.0, 30.0]"
3939,./audio/3939.wav,./audio/ref_voice/alienkevin.wav,我成日去尖沙咀嘅Harbour City買一啲high-end品牌嘅handbags，我覺得個value-for-money感覺真係頗強.,13.9734,kept,train,"13.97s in [5.0, 30.0]"
3940,./audio/3940.wav,./audio/ref_voice/alienkevin.wav,除咗中環嘅Apple Store，我都好鍾意去灣仔嘅WTC買一啲latest tech gadgets，喺度可以搵到好多新穎嘅產品.,13.1307,kept,train,"13.13s in [5.0, 30.0]"
3941,./audio/3941.wav,./audio/ref_voice/alienkevin.wav,我成日去銅鑼灣嘅Big City Mall買一啲sneakers，其實喺香港夠多好嘅sneaker shops就係咁，你搵得好就一定揾得你鍾意既款.,16.1494,kept,train,"16.15s in [5.0, 30.0]"
3942,./audio/3942.wav,./audio/ref_voice/alienkevin.wav,"每次去旺角嘅APM，我都會買好多不同品牌嘅makeup products，mac, bobbi brown, nars，我都咁鐘意.",12.7787,kept,train,"12.78s in [5.0, 30.0]"
3943,./audio/3943.wav,./audio/ref_voice/alienkevin.wav,我喺上海街嘅廚具店搵到好多affordable嘅kitchenware，又實用又平，實在值得推介.,9.152,kept,train,"9.15s in [5.0, 30.0]"
3944,./audio/3944.wav,./audio/ref_voice/alienkevin.wav,佢無論去深水埗嘅黃金商場買一啲local designers嘅時裝品，可以support local又可以保持個人嘅unique style.,12.32,kept,train,"12.32s in [5.0, 30.0]"
3945,./audio/3945.wav,./audio/ref_voice/alienkevin.wav,星期六我通常會去荃灣嘅Citywalk搵好多mid-range嘅fashion brands，有時仲可以揾到幾好嘅bargain.,15.008,kept,eval,"15.01s in [5.0, 30.0]"
3946,./audio/3946.wav,./audio/ref_voice/alienkevin.wav,我成日都去Causeway Bay嘅Fashion Walk買streetwear，喺香港，你可以好easily搵到你鍾意嘅hip hop風格衫褲.,12.8,kept,train,"12.80s in [5.0, 30.0]"
3947,./audio/3947.wav,./audio/ref_voice/alienkevin.wav,我喺銅鑼灣嘅Hysan Place買咗好多運動裝備，Nike Adidas 我都好鍾意，尤其係跑步鞋，我就鍾意搵d colourful嘅.,13.6854,kept,eval,"13.69s in [5.0, 30.0]"
3948,./audio/3948.wav,./audio/ref_voice/alienkevin.wav,Education同學習並唔完全相等，學習可以更深入，更personalized，更focusing on individual strengths and i…,13.5254,kept,train,"13.53s in [5.0, 30.0]"
3949,./audio/3949.wav,./audio/ref_voice/alienkevin.wav,Broaden我哋嘅horizon並唔單單係read book咁簡單，佢可以係對異文化嘅尊重，對科技嘅接受，同對社會問題嘅理解。,12.2667,kept,train,"12.27s in [5.0, 30.0]"
3950,./audio/3950.wav,./audio/ref_voice/alienkevin.wav,大家都要明白，學習並唔係只有一種formula or method，而係需要adapt and evolve。,8.8427,kept,train,"8.84s in [5.0, 30.0]"
3951,./audio/3951.wav,./audio/ref_voice/alienkevin.wav,"Effective learning唔係講求速度或者時間長短，而係訓練我哋如何focus, 如何理解，再如何apply咗學到嘅野。",12.064,kept,train,"12.06s in [5.0, 30.0]"
3952,./audio/3952.wav,./audio/ref_voice/alienkevin.wav,學到一樣新野，就即刻practice，唔好怕失敗，每次失敗都係一次學習嘅機會。,7.4347,kept,train,"7.43s in [5.0, 30.0]"
3953,./audio/3953.wav,./audio/ref_voice/alienkevin.wav,喺學習道路度，唔該記住be kind to yourself，無人一開始就可以知曉一切，每個人都係由一步一步build up知識。,11.648,kept,train,"11.65s in [5.0, 30.0]"
3954,./audio/3954.wav,./audio/ref_voice/alienkevin.wav,學習英文或者其他語言，唔係僅僅爲咗可以communicate，更加重要嘅係透過語言去理解唔同嘅文化同風俗。,10.88,kept,train,"10.88s in [5.0, 30.0]"
3955,./audio/3955.wav,./audio/ref_voice/alienkevin.wav,Learning should be fun和exciting，如果你覺得學習係壓力，咁可能你需要換一種學習嘅方法。,9.4614,kept,train,"9.46s in [5.0, 30.0]"
3956,./audio/3956.wav,./audio/ref_voice/alienkevin.wav,記住，唔係近期考試嘅分數或者grade決定你嘅未來，而係你畢生學習和持續成長嘅態度。,12.0214,kept,train,"12.02s in [5.0, 30.0]"
3957,./audio/3957.wav,./audio/ref_voice/alienkevin.wav,喺學習過程中，唔好忽略了friendship，因為朋友可以一齊分享學習過程中嘅joy同困難，創造出unique shared experiences。,11.0934,kept,train,"11.09s in [5.0, 30.0]"
3958,./audio/3958.wav,./audio/ref_voice/alienkevin.wav,"Work smart not hard, 巧妙工作，不是辛苦工作，提高工作效率。",5.7494,kept,eval,"5.75s in [5.0, 30.0]"
3959,./audio/3959.wav,./audio/ref_voice/alienkevin.wav,"A good start is half the success, 好的起点即是一半的成功，开始做好准备，为成功打基础。",10.7094,kept,train,"10.71s in [5.0, 30.0]"
3960,./audio/3960.wav,./audio/ref_voice/alienkevin.wav,"Never stop learning, 永不停止学习，增强能力，提升素质。",4.928,too_short,n/a,4.93s < 5.0
3961,./audio/3961.wav,./audio/ref_voice/alienkevin.wav,"Be professional, need to 专业，负责至上，以质量为重。",6.912,kept,eval,"6.91s in [5.0, 30.0]"
3962,./audio/3962.wav,./audio/ref_voice/alienkevin.wav,"Win through solid preparations, 实实在在的准备，赢在起跑线。",8.3947,kept,train,"8.39s in [5.0, 30.0]"
3963,./audio/3963.wav,./audio/ref_voice/alienkevin.wav,"Every detail matters, 每一细节都很重要，拒绝马虎，追求完美。",6.9227,kept,train,"6.92s in [5.0, 30.0]"
3964,./audio/3964.wav,./audio/ref_voice/alienkevin.wav,"Take initiative, 主动出击，掌握主动权，创新发展。",6.0267,kept,train,"6.03s in [5.0, 30.0]"
3965,./audio/3965.wav,./audio/ref_voice/alienkevin.wav,"Stay focused, 保持专注，集中注意力，提高效果。",6.048,kept,train,"6.05s in [5.0, 30.0]"
3966,./audio/3966.wav,./audio/ref_voice/alienkevin.wav,"Dedication and commitment lead to success, 奉献和承诺就是成功，坚守岗位，忠于职守。",9.472,kept,train,"9.47s in [5.0, 30.0]"
3967,./audio/3967.wav,./audio/ref_voice/alienkevin.wav,"Embrace changes, 接受变化，灵活应对，适应发展。"" ",4.96,too_short,n/a,4.96s < 5.0
3968,./audio/3968.wav,./audio/ref_voice/alienkevin.wav,"Efficiency is everything, 效率就是一切，降低成本，提高效益。"" ",7.3494,kept,train,"7.35s in [5.0, 30.0]"
3969,./audio/3969.wav,./audio/ref_voice/alienkevin.wav,"Collaboration is key, 合作为关，共同发展，团结就是力量。",5.568,kept,train,"5.57s in [5.0, 30.0]"
3970,./audio/3970.wav,./audio/ref_voice/alienkevin.wav,"Creativity drives progress, 创新驱动进步，思维开阔，让思想飞翔。"" ",8.1707,kept,train,"8.17s in [5.0, 30.0]"
3971,./audio/3971.wav,./audio/ref_voice/alienkevin.wav,"Make quality perfection and make perfection quality, 做到质量完美，做到完美质量。",8.4907,kept,train,"8.49s in [5.0, 30.0]"
3972,./audio/3972.wav,./audio/ref_voice/alienkevin.wav,"Honesty is the best policy, 诚实为上策，遵守道德，忠诚工作。"" ",7.5734,kept,train,"7.57s in [5.0, 30.0]"
3973,./audio/3973.wav,./audio/ref_voice/alienkevin.wav,"Hard work pays off, 勤奋有回报，努力不懈，成功在望。",5.5147,kept,train,"5.51s in [5.0, 30.0]"
3974,./audio/3974.wav,./audio/ref_voice/alienkevin.wav,好驚啲雪同ice落kitchen度，令我hurry up咁整完lunch，唔想冰凍死呀！,7.6907,kept,train,"7.69s in [5.0, 30.0]"
3975,./audio/3975.wav,./audio/ref_voice/alienkevin.wav,风real big，令我feel好似玩咗個roller coaster咁。,6.752,kept,train,"6.75s in [5.0, 30.0]"
3976,./audio/3976.wav,./audio/ref_voice/alienkevin.wav,"讲真, 嗰个雷雨超scary，我都驚need call緊急熱線!",6.9654,kept,eval,"6.97s in [5.0, 30.0]"
3977,./audio/3977.wav,./audio/ref_voice/alienkevin.wav,熱wave真係hot到我連breathe都困難。,6.5067,kept,eval,"6.51s in [5.0, 30.0]"
3978,./audio/3978.wav,./audio/ref_voice/alienkevin.wav,"一覺醒來雪cover咗成個balcony, 俾人有’white Christmas‘感覺。",7.584,kept,train,"7.58s in [5.0, 30.0]"
3979,./audio/3979.wav,./audio/ref_voice/alienkevin.wav,"天晴晒，呢个weather係perfect for hiking, 令我想speed up去山腳傾偈又做運動。",8.7574,kept,train,"8.76s in [5.0, 30.0]"
3980,./audio/3980.wav,./audio/ref_voice/alienkevin.wav,天色變咗好暗忽然間就落起大雨，我覺得唔好意思咁disturb大家but我要leave先啦！,11.1467,kept,train,"11.15s in [5.0, 30.0]"
3981,./audio/3981.wav,./audio/ref_voice/alienkevin.wav,太陽好bright，令路上嘅景色好吸引，我想share畀朋友睇。,6.2507,kept,train,"6.25s in [5.0, 30.0]"
3982,./audio/3982.wav,./audio/ref_voice/alienkevin.wav,今日好warm啊，我drive去beach feel下太陽的熱度！,6.112,kept,train,"6.11s in [5.0, 30.0]"
3983,./audio/3983.wav,./audio/ref_voice/alienkevin.wav,陣雨突然來，我部bike都濕liao，今次真係要重買一部新的！,10.3787,kept,train,"10.38s in [5.0, 30.0]"
3984,./audio/3984.wav,./audio/ref_voice/alienkevin.wav,我最鍾意個cantonese-style吊燒雞，肉質tender而且juicy，層次分明，每口都有驚喜!,8.6827,kept,train,"8.68s in [5.0, 30.0]"
3985,./audio/3985.wav,./audio/ref_voice/alienkevin.wav,"偶尔我都会去Japanese sushi bar，佢哋嘅salmon sashimi同tuna roll都非常新鲜，加上一碟pickled radish, pe…",10.3147,kept,train,"10.31s in [5.0, 30.0]"
3986,./audio/3986.wav,./audio/ref_voice/alienkevin.wav,我超級狂熱於吃steak，特別係dat美國style嘅ribeye，medium-rare就好，外面焦香裡面嫩滑，超讚!,11.84,kept,train,"11.84s in [5.0, 30.0]"
3987,./audio/3987.wav,./audio/ref_voice/alienkevin.wav,去到台灣我就一定要食嗰啲street food，例如台灣嘅fried chicken steak同bubble tea，食之前一定要加spicy powder，…,14.3147,kept,train,"14.31s in [5.0, 30.0]"
3988,./audio/3988.wav,./audio/ref_voice/alienkevin.wav,喺寒冷嘅日子裡，一碗Vietnamese pho最適合不過，湯底rich同滋味，配上thin sliced beef和bean sprouts，真係好comfo…,13.3014,kept,train,"13.30s in [5.0, 30.0]"
3989,./audio/3989.wav,./audio/ref_voice/alienkevin.wav,我對於Korean BBQ就冇乜抵抗力，尤其那grilled pork belly同kimchi，配上冷beer，就算食到撐我都唔會好意思stop!,14.7307,kept,train,"14.73s in [5.0, 30.0]"
3990,./audio/3990.wav,./audio/ref_voice/alienkevin.wav,喺Japan嘅Tokyo check in咗一間heritage hotel，間間房都富有歷史同文化啲feel，仲可以好close嘅感受到Japanese嘅ho…,13.568,kept,train,"13.57s in [5.0, 30.0]"
3991,./audio/3991.wav,./audio/ref_voice/alienkevin.wav,喺France嘅Paris嘅Eiffel Tower下面升起嗰陣嘅sunshine，係life中嘅one of the most beautiful momen…,11.264,kept,train,"11.26s in [5.0, 30.0]"
3992,./audio/3992.wav,./audio/ref_voice/alienkevin.wav,去咗Italy嘅Venice搭gondola，睇住陷落夕陽，覺得唔止romantic，仲有種peaceful嘅感覺。,12.7787,kept,train,"12.78s in [5.0, 30.0]"
3993,./audio/3993.wav,./audio/ref_voice/alienkevin.wav,喺New Zealand嘅Queenstown跳咗bungee jump，雖然有少少scary但係係好exciting嘅experience，真係 unforg…,12.8854,kept,train,"12.89s in [5.0, 30.0]"
3994,./audio/3994.wav,./audio/ref_voice/alienkevin.wav,去咗U.S.嘅New York，喺Times Square嘅燈光下漫步，真係有個city嘅energy同vibrancy去感受到。,12.8854,kept,train,"12.89s in [5.0, 30.0]"
3995,./audio/3995.wav,./audio/ref_voice/alienkevin.wav,喺China嘅Great Wall行左一大段路，雖然好tiring但係覺得係一個好meaningful嘅trip，可以學到well-preserved嘅hist…,10.5174,kept,train,"10.52s in [5.0, 30.0]"
3996,./audio/3996.wav,./audio/ref_voice/alienkevin.wav,去咗Thailand嘅Bangkok，試咗佢哋local嘅street food，味道真係incredible，好享受嗰個food experience！,9.4934,kept,train,"9.49s in [5.0, 30.0]"
3997,./audio/3997.wav,./audio/ref_voice/alienkevin.wav,喺Singapore既Marina Bay Sands上面睇日落，整個cityscape真係好mesmerizing，特別係燈光show開始嗰陣，真係dazzl…,12.6187,kept,train,"12.62s in [5.0, 30.0]"
3998,./audio/3998.wav,./audio/ref_voice/alienkevin.wav,喺Switzerland嘅Mount Titlis玩雪，滑咗ski，好exciting！感覺好似返到童年嘅happy times！,10.1867,kept,train,"10.19s in [5.0, 30.0]"
3999,./audio/3999.wav,./audio/ref_voice/alienkevin.wav,去咗South Africa睇wild animals，見到咗lions同elephants。Dat係一個unforgettable嘅experience，我哋…,18.0587,kept,train,"18.06s in [5.0, 30.0]"
4000,./audio/4000.wav,./audio/ref_voice/alienkevin.wav,"我最近真係好欣赏迪士尼嘅新movie 'Mulan', action scenes佢地都做得好出色啊！",8.2347,kept,train,"8.23s in [5.0, 30.0]"
4001,./audio/4001.wav,./audio/ref_voice/alienkevin.wav,"我依家成日喺YouTube上面睇BTS嘅MV, 唔知點解佢地嘅dance moves我地好難學喎！",9.5254,kept,train,"9.53s in [5.0, 30.0]"
4002,./audio/4002.wav,./audio/ref_voice/alienkevin.wav,"我朋友帶我去咗一間新嘅karaoke, 咁我就唱咗几首Eason Chan嘅歌，feel簡直太good喇！",9.6534,kept,train,"9.65s in [5.0, 30.0]"
4003,./audio/4003.wav,./audio/ref_voice/alienkevin.wav,"上星期我去睇咗一場Katy Perry嘅concert, 喺场中我都唔敢相信咁多人都喜歡聽佢嘅歌！",11.6374,kept,train,"11.64s in [5.0, 30.0]"
4004,./audio/4004.wav,./audio/ref_voice/alienkevin.wav,"我依家好鍾意睇'Friends' 呢部TV series, 劇中嘅jokes 真係好搞笑啊！",6.7947,kept,train,"6.79s in [5.0, 30.0]"
4005,./audio/4005.wav,./audio/ref_voice/alienkevin.wav,"我最近好迷Taylor Swift嘅新album 'Folklore', 佢嘅songwriting skills真係太厲害喇！",9.7174,kept,train,"9.72s in [5.0, 30.0]"
4006,./audio/4006.wav,./audio/ref_voice/alienkevin.wav,"我發現咗一部好好笑嘅comedy show叫做 'The Office', 我推薦大家都去睇睇！",6.2614,kept,train,"6.26s in [5.0, 30.0]"
4007,./audio/4007.wav,./audio/ref_voice/alienkevin.wav,"我上個月去咗Disneyland, 玩咗好多rides，真係好exciting啊！",5.367,kept,eval,"5.37s in [5.0, 30.0]"
4008,./audio/4008.wav,./audio/ref_voice/alienkevin.wav,Netflix上嘅新drama 'The Crown' 真係好吸引，我一口氣binge watch晒全部episodes！,7.7867,kept,train,"7.79s in [5.0, 30.0]"
4009,./audio/4009.wav,./audio/ref_voice/alienkevin.wav,我買咗幾本新嘅graphic novels去閱讀，其中一本叫'Persepolis'，好realistic咁描繪咗作者嘅life experiences。,11.8187,kept,train,"11.82s in [5.0, 30.0]"
4010,./audio/4010.wav,./audio/ref_voice/alienkevin.wav,Football嘅時候，你嘅agility同你嘅passing skills就係決定你係pitch上嘅dominance。,7.296,kept,train,"7.30s in [5.0, 30.0]"
4011,./audio/4011.wav,./audio/ref_voice/alienkevin.wav,健身gym嘅時候，你嘅mindfulness同埋你個dumbbell嘅relationship就決定咗你嘅muscle development。,9.867,kept,train,"9.87s in [5.0, 30.0]"
4012,./audio/4012.wav,./audio/ref_voice/alienkevin.wav,"跑步距離唔只係靠你嘅stamina, 你個心嘅determination都就係決定你嘅endurance。",8.8,kept,train,"8.80s in [5.0, 30.0]"
4013,./audio/4013.wav,./audio/ref_voice/alienkevin.wav,打乒乓球，轉轉嘅spin technique同你嘅racket control就係你嘅winning shot key。,7.936,kept,train,"7.94s in [5.0, 30.0]"
4014,./audio/4014.wav,./audio/ref_voice/alienkevin.wav,Yoga尼唔只係講flexibility，你嘅breath control都係影響你嘅poses嘅stability。,11.648,kept,train,"11.65s in [5.0, 30.0]"
4015,./audio/4015.wav,./audio/ref_voice/alienkevin.wav,Cycling嘅時候，你嘅balance同你個BIKE嘅relationship就係決定你嘅safety。,6.2507,kept,train,"6.25s in [5.0, 30.0]"
4016,./audio/4016.wav,./audio/ref_voice/alienkevin.wav,做瑜伽嗰陣，你個body awareness同你嘅inner peace就係決定你嘅practice嘅effectiveness。,9.664,kept,train,"9.66s in [5.0, 30.0]"
4017,./audio/4017.wav,./audio/ref_voice/alienkevin.wav,游泳嗰陣，你嘅technique同呢個水嘅relationship就係決定你嘅speed。,8.4694,kept,train,"8.47s in [5.0, 30.0]"
4018,./audio/4018.wav,./audio/ref_voice/alienkevin.wav,Hiking嘅時候，你個preparation同埋你同大自然間嘅relationship就影響你嘅experience。,9.216,kept,eval,"9.22s in [5.0, 30.0]"
4019,./audio/4019.wav,./audio/ref_voice/alienkevin.wav,打排球，你嘅teamwork同你嘅strategies就決定你嘅game result。,6.368,kept,train,"6.37s in [5.0, 30.0]"
4020,./audio/4020.wav,./audio/ref_voice/alienkevin.wav,香港的housing shortage狀況日益嚴重，政府需要boost供樓量，策略包括redevelopment舊區和開發new territories。,13.2374,kept,train,"13.24s in [5.0, 30.0]"
4021,./audio/4021.wav,./audio/ref_voice/alienkevin.wav,教育reform在香港引起了大量debate，有人認為應該保留DSE，有人認為應該introduce以技能為主的qualification。,14.848,kept,train,"14.85s in [5.0, 30.0]"
4022,./audio/4022.wav,./audio/ref_voice/alienkevin.wav,疫情對香港的tourism industry影響嚴重，政府需要roll-out一個recovery plan以吸引international visitors回…,10.144,kept,train,"10.14s in [5.0, 30.0]"
4023,./audio/4023.wav,./audio/ref_voice/alienkevin.wav,香港的fintech industry在近年有rapid growth，但regulation必須跟步，確保金融穩定，同時鼓勵innovation。,9.632,kept,train,"9.63s in [5.0, 30.0]"
4024,./audio/4024.wav,./audio/ref_voice/alienkevin.wav,香港的youth unemployment率上升，政府需要制訂 new measures以提供job opportunities，並鼓勵youth entrep…,14.7414,kept,train,"14.74s in [5.0, 30.0]"
4025,./audio/4025.wav,./audio/ref_voice/alienkevin.wav,香港的elderly care services需要改革，尤其是介乎home care和nursing home之間的community-based servi…,13.12,kept,train,"13.12s in [5.0, 30.0]"
4026,./audio/4026.wav,./audio/ref_voice/alienkevin.wav,香港要achieve zero waste，需要更多public education同green initiatives 相關的工作。,8.2774,kept,train,"8.28s in [5.0, 30.0]"
4027,./audio/4027.wav,./audio/ref_voice/alienkevin.wav,我鍾意去旺角嘅sneaker street買我嘅brand new kicks，永遠可以find到最hype嘅限量版在度.,11.5627,kept,train,"11.56s in [5.0, 30.0]"
4028,./audio/4028.wav,./audio/ref_voice/alienkevin.wav,去元朗嘅品牌Outlet可以買到一啲discounted嘅designer品牌，隨時可以save好多錢.,11.2,kept,train,"11.20s in [5.0, 30.0]"
4029,./audio/4029.wav,./audio/ref_voice/alienkevin.wav,我每星期都會去西九龍嘅Elements mall去check out最新嘅fashion trends，真係好in-fashion.,11.019,kept,train,"11.02s in [5.0, 30.0]"
4030,./audio/4030.wav,./audio/ref_voice/alienkevin.wav,我成日去灣仔嘅電腦商場買tech gadgets，因為嗰度嘅price通常都比其他地方更加競爭.,9.728,kept,train,"9.73s in [5.0, 30.0]"
4031,./audio/4031.wav,./audio/ref_voice/alienkevin.wav,我鍾意星期日去中環嘅PMQ去check out吓一啲local artist嘅handmade products，真係好unique.,10.6347,kept,train,"10.63s in [5.0, 30.0]"
4032,./audio/4032.wav,./audio/ref_voice/alienkevin.wav,我成日喺中環嘅IFC考慮買咩luxury goods，因為嗰度嘅品牌選擇好多，可以搵到我想要嘅嘢.,9.7387,kept,train,"9.74s in [5.0, 30.0]"
4033,./audio/4033.wav,./audio/ref_voice/alienkevin.wav,每次去銅鑼灣嘅Times Square都會買啲high-end skincare嘅產品，冇咩嘢beat住照顧自己嘅肌膚.,11.1894,kept,train,"11.19s in [5.0, 30.0]"
4034,./audio/4034.wav,./audio/ref_voice/alienkevin.wav,喺尖沙咀嘅K-11我可以買到好多個人喜歡嘅artistic products，我覺得買嘢都要有個人嘅taste.,13.28,kept,train,"13.28s in [5.0, 30.0]"
4035,./audio/4035.wav,./audio/ref_voice/alienkevin.wav,我每次都會去尖沙咀嘅Miramall自由行去pick up一啲獨家嘅時裝品，比起其他地方嘅商場真係更add-value.,12.3734,kept,train,"12.37s in [5.0, 30.0]"
4036,./audio/4036.wav,./audio/ref_voice/alienkevin.wav,我成日都去橫頭磡嘅APM買啲fashion accessories，因為嗰度嘅品牌選擇真係好wide，隨時都會買到好嘅東西.,14.688,kept,train,"14.69s in [5.0, 30.0]"
4037,./audio/4037.wav,./audio/ref_voice/alienkevin.wav,學習並唔單只係對knowledge input，更多架就係要學習如何apply喺日常生活、工作，甚至你嘅relationships中。,13.9414,kept,train,"13.94s in [5.0, 30.0]"
4038,./audio/4038.wav,./audio/ref_voice/alienkevin.wav,唔好怕make mistakes，係錯誤中我哋學到最寶貴嘅lessons，所以更要embrace failures。,9.7814,kept,train,"9.78s in [5.0, 30.0]"
4039,./audio/4039.wav,./audio/ref_voice/alienkevin.wav,學習好似一條journey，唔單只要focusing on the destination，更要enjoy the process。,9.0667,kept,train,"9.07s in [5.0, 30.0]"
4040,./audio/4040.wav,./audio/ref_voice/alienkevin.wav,唔該appreciate你自己嘅progress，每一個small step都係向前嘅progress，唔好期待overnight success。,9.399,kept,train,"9.40s in [5.0, 30.0]"
4041,./audio/4041.wav,./audio/ref_voice/alienkevin.wav,Constant learning係人生嘅重要一環，因為唔論係技能定係know-how，都需要不斷upgrade同更新。,10.4214,kept,train,"10.42s in [5.0, 30.0]"
4042,./audio/4042.wav,./audio/ref_voice/alienkevin.wav,Self-learning唔係isolating自己，佢係你嘅initiative，去explore你未知嘅world，開放你嘅mindset同進步。,12.171,kept,train,"12.17s in [5.0, 30.0]"
4043,./audio/4043.wav,./audio/ref_voice/alienkevin.wav,Problem-solving skills同critical thinking能力都係好重要嘅學習components，唔好只係追求快速記住facts and…,14.08,kept,train,"14.08s in [5.0, 30.0]"
4044,./audio/4044.wav,./audio/ref_voice/alienkevin.wav,Active learning唔等於工作量大，而係你細心approach每一個問題，用你learnt嘅知識去解決，同埋不斷reflect並improve。,14.9867,kept,train,"14.99s in [5.0, 30.0]"
4045,./audio/4045.wav,./audio/ref_voice/alienkevin.wav,"學習唔係compare game，佢係你自己嘅journey，每個人嘅pace都有所不同，唔該respect自己同別人。"" ",10.72,kept,train,"10.72s in [5.0, 30.0]"
4046,./audio/4046.wav,./audio/ref_voice/alienkevin.wav,"Remember always to question and challenge,一味接受唔係真正嘅學習，學習就係要critical，係要curious。",15.36,kept,train,"15.36s in [5.0, 30.0]"
4047,./audio/4047.wav,./audio/ref_voice/alienkevin.wav,"Keep learning, 继续学习，增值自己，提升技能。",4.395,too_short,n/a,4.39s < 5.0
4048,./audio/4048.wav,./audio/ref_voice/alienkevin.wav,"Work smart, 工作要有策略，效率至上，节省时间。",4.384,too_short,n/a,4.38s < 5.0
4049,./audio/4049.wav,./audio/ref_voice/alienkevin.wav,"Think outside the box, 要跳出框框，创新思考，寻求突破。",6.688,kept,train,"6.69s in [5.0, 30.0]"
4050,./audio/4050.wav,./audio/ref_voice/alienkevin.wav,"Always on time, 守时为重，提早预备，保持准确。",5.259,kept,train,"5.26s in [5.0, 30.0]"
4051,./audio/4051.wav,./audio/ref_voice/alienkevin.wav,"Take initiative, 主动出击，积极参与，不等待机会。",5.8987,kept,train,"5.90s in [5.0, 30.0]"
4052,./audio/4052.wav,./audio/ref_voice/alienkevin.wav,"Accept failure, 接受失败，从中学习，走向成功。",4.672,too_short,n/a,4.67s < 5.0
4053,./audio/4053.wav,./audio/ref_voice/alienkevin.wav,"Communicate effectively, 沟通有效率，说话清楚，同事合作。",5.5787,kept,train,"5.58s in [5.0, 30.0]"
4054,./audio/4054.wav,./audio/ref_voice/alienkevin.wav,"Multi-tasking, 能力要全面，处理多事，手脚要快。",4.96,too_short,n/a,4.96s < 5.0
4055,./audio/4055.wav,./audio/ref_voice/alienkevin.wav,"Respect others, 尊重他人，礼貌待人，提升形象。",5.0134,kept,train,"5.01s in [5.0, 30.0]"
4056,./audio/4056.wav,./audio/ref_voice/alienkevin.wav,"Stay positive, 保持乐观，积极面对，不怕困难。",5.248,kept,train,"5.25s in [5.0, 30.0]"
4057,./audio/4057.wav,./audio/ref_voice/alienkevin.wav,"Be punctual, 爱惜时间，准时出席，不迟到。",3.936,too_short,n/a,3.94s < 5.0
4058,./audio/4058.wav,./audio/ref_voice/alienkevin.wav,"Adapt to changes, 面对改变，灵活的适应，不抗拒新事物。",7.5734,kept,train,"7.57s in [5.0, 30.0]"
4059,./audio/4059.wav,./audio/ref_voice/alienkevin.wav,今朝起身嗰陣候感覺到一股chill，睇番天文台嘅report，原來真係寒流到喇！,10.944,kept,train,"10.94s in [5.0, 30.0]"
4060,./audio/4060.wav,./audio/ref_voice/alienkevin.wav,"見到天空中them fluffy clouds, 我知道即將有一場大雨。",5.5894,kept,train,"5.59s in [5.0, 30.0]"
4061,./audio/4061.wav,./audio/ref_voice/alienkevin.wav,"晚晒啦，但仲feel so hot,這個humidity真係令人難受，冇咗mood做嘢唔係嘛？",8.7467,kept,train,"8.75s in [5.0, 30.0]"
4062,./audio/4062.wav,./audio/ref_voice/alienkevin.wav,嗰陣候行出去，感覺呢個sunshine咁溫暖，真係喺winter中的一股暖流。 ,7.3387,kept,train,"7.34s in [5.0, 30.0]"
4063,./audio/4063.wav,./audio/ref_voice/alienkevin.wav,今日天氣真系unpredictable，一陣sunny再一陣rainy。,4.16,too_short,n/a,4.16s < 5.0
4064,./audio/4064.wav,./audio/ref_voice/alienkevin.wav,太陽光咁灼熱，連air-conditioning開足都覺得冇用，我仲feel like在沙漠度呀！,8.128,kept,train,"8.13s in [5.0, 30.0]"
4065,./audio/4065.wav,./audio/ref_voice/alienkevin.wav,你睇吓個sky，呢個配色simple但又elegant，我真係appreciate nature咁美啊！,7.6587,kept,train,"7.66s in [5.0, 30.0]"
4066,./audio/4066.wav,./audio/ref_voice/alienkevin.wav,原會冇人會expect到香港will有咁嘅snow，but it really happened ，真系太incredible了！,9.472,kept,train,"9.47s in [5.0, 30.0]"
4067,./audio/4067.wav,./audio/ref_voice/alienkevin.wav,"今日唔係個go out嘅ideal day，吹緊超強嘅wind, 可能會吹散啲人。",5.7814,kept,train,"5.78s in [5.0, 30.0]"
4068,./audio/4068.wav,./audio/ref_voice/alienkevin.wav,"你知道呢種thunderstorm其實都好appealing，坐係屋企聽住long long嘅thunder sound, 享受一種無比嘅寧謐感。",12.9707,kept,train,"12.97s in [5.0, 30.0]"
4069,./audio/4069.wav,./audio/ref_voice/alienkevin.wav,"每次我去日本我一定要去食嗰間fresh sushi bar，佢哋嗰度嘅toro(sashimi)太彩麗,每次吃都覺得幸福感爆棚!",12.928,kept,eval,"12.93s in [5.0, 30.0]"
4070,./audio/4070.wav,./audio/ref_voice/alienkevin.wav,我更本無法抵抗dim sum嘅誘惑，尤其係海鮮siu mai同蝦餃，每次食都會overeat，係我嘅happy brunch！,11.6054,kept,train,"11.61s in [5.0, 30.0]"
4071,./audio/4071.wav,./audio/ref_voice/alienkevin.wav,最後面提一提我最最鍾意嘅甜品：french toast，特別係配埋maple syrup同埋fresh cream，簡直係dessert heaven啊！,11.2427,kept,train,"11.24s in [5.0, 30.0]"
4072,./audio/4072.wav,./audio/ref_voice/alienkevin.wav,"最近在versus牛扒市場認識咗地道嘅Italian pizza，那薄餅底配上香濃嘅cheese，以此可見世界嘅食物係有多麼美好!"" ",13.4187,kept,train,"13.42s in [5.0, 30.0]"
4073,./audio/4073.wav,./audio/ref_voice/alienkevin.wav,"我哋每次一去到韓國就會直接追求嗰度嘅BBQ，尤其係豬五花肉同牛小排，配落kimchi同lettuce wrap食，我感覺到人生被填滿咗!"" ",13.9947,kept,eval,"13.99s in [5.0, 30.0]"
4074,./audio/4074.wav,./audio/ref_voice/alienkevin.wav,去到美國，一碗clam chowder同一個broiled lobster就算是一個perfect dinner！,7.5734,kept,train,"7.57s in [5.0, 30.0]"
4075,./audio/4075.wav,./audio/ref_voice/alienkevin.wav,成個Belgium嘅chocolate world強烈吸引住我，各種flavor嘅truffle chocolate都做得精美得黎食味又鬼咁美！,8.6827,kept,train,"8.68s in [5.0, 30.0]"
4076,./audio/4076.wav,./audio/ref_voice/alienkevin.wav,一提起嗰束新鮮嘅burrito，我已經開始流口水。充滿咗風味嘅烤雞肉同蔬菜，加埋嗰撮香辣醬，太過癮喇!,9.6214,kept,train,"9.62s in [5.0, 30.0]"
4077,./audio/4077.wav,./audio/ref_voice/alienkevin.wav,去年喺Japan既Cherry Blossom season我去左Kyoto，睇到滿城飛舞嘅sakura petals真係令人impressed唔少。,11.2214,kept,train,"11.22s in [5.0, 30.0]"
4078,./audio/4078.wav,./audio/ref_voice/alienkevin.wav,喺New Zealand嗰邊hiking，見到雪山同crystal clear嘅湖泊，覺得nature嘅beauty真係難以言表。,8.2347,kept,train,"8.23s in [5.0, 30.0]"
4079,./audio/4079.wav,./audio/ref_voice/alienkevin.wav,喺Australia嗰邊scuba diving，同colorful coral reef同tropical fish一齊游，真係好exciting同relax…,11.6907,kept,train,"11.69s in [5.0, 30.0]"
4080,./audio/4080.wav,./audio/ref_voice/alienkevin.wav,最难忘係去Italy Rome嗰次，睇到Colosseum嘅grandeur同ancient architecture，同學到呢個city嘅rich histo…,12.567,kept,train,"12.57s in [5.0, 30.0]"
4081,./audio/4081.wav,./audio/ref_voice/alienkevin.wav,喺U.S.A.嘅Grand Canyon驚嘆自然力量，見到sunrise嘅時候，整個canyon被金光洒落，真係讓人感動，緊記在心。,12.2027,kept,train,"12.20s in [5.0, 30.0]"
4082,./audio/4082.wav,./audio/ref_voice/alienkevin.wav,"我去過Paris， Eiffel Tower嘅night view真係breathtaking，尤其喺晚間，灯光show嘅時候整個tower閃閃發光, 太sur…",13.248,kept,train,"13.25s in [5.0, 30.0]"
4083,./audio/4083.wav,./audio/ref_voice/alienkevin.wav,"喺London, 喜歡漫步喺Thames River旁，睇夜幕低垂時嘅London Eye同Big Ben，都係我一生中unforgettable嘅moment…",11.8187,kept,train,"11.82s in [5.0, 30.0]"
4084,./audio/4084.wav,./audio/ref_voice/alienkevin.wav,OMG! 呢度嘅歌手 Adele 嘅聲音真係令我好感動。,5.2054,kept,train,"5.21s in [5.0, 30.0]"
4085,./audio/4085.wav,./audio/ref_voice/alienkevin.wav,Show Me The Money 嘅rappers 其實都好有才华，每次我都會喺YouTube上留意返佢哋嘅performance。,8.064,kept,eval,"8.06s in [5.0, 30.0]"
4086,./audio/4086.wav,./audio/ref_voice/alienkevin.wav,我嘅favourite band Coldplay 要喺香港hold concert，我實在好excited！,5.655,kept,train,"5.65s in [5.0, 30.0]"
4087,./audio/4087.wav,./audio/ref_voice/alienkevin.wav,HBO嗰部Game of Thrones咁熱門嘅drama，我其實都未watch過。,5.2694,kept,train,"5.27s in [5.0, 30.0]"
4088,./audio/4088.wav,./audio/ref_voice/alienkevin.wav,我依家迷死Friends，簡直比煲劇更addictive，每晚都要watch少少先得。,7.7867,kept,train,"7.79s in [5.0, 30.0]"
4089,./audio/4089.wav,./audio/ref_voice/alienkevin.wav,我最近發現咗Spotify有好多新song，真係唔錯！,3.5414,too_short,n/a,3.54s < 5.0
4090,./audio/4090.wav,./audio/ref_voice/alienkevin.wav,"我喺Netflix睇咗部Stranger Things, 強烈recommend呀！",4.8854,too_short,n/a,4.89s < 5.0
4091,./audio/4091.wav,./audio/ref_voice/alienkevin.wav,The Witcher真係唔得嘢，我每次等新season等到都想give up喇。,5.12,kept,train,"5.12s in [5.0, 30.0]"
4092,./audio/4092.wav,./audio/ref_voice/alienkevin.wav,Apple Music嘅playlist好好玩，你可以根據自己嘅mood揀歌。,4.352,too_short,n/a,4.35s < 5.0
4093,./audio/4093.wav,./audio/ref_voice/alienkevin.wav,我確實覺得Marvel嘅movies好好睇，我每一部都有睇過。,4.672,too_short,n/a,4.67s < 5.0
4094,./audio/4094.wav,./audio/ref_voice/alienkevin.wav,籃球唔只係靠你嘅shooting skills，你個teamwork和communication就係決定你哋嘅winning chances。,7.68,kept,train,"7.68s in [5.0, 30.0]"
4095,./audio/4095.wav,./audio/ref_voice/alienkevin.wav,健身room嘅equipment唔只係幫你build muscles，你對自身嘅body awareness都係確保你嘅safety。,8.9814,kept,eval,"8.98s in [5.0, 30.0]"
4096,./audio/4096.wav,./audio/ref_voice/alienkevin.wav,足球嘅strategy唔只係靠你個coach，你個team嘅cohesion就係會影響你哋一場比賽嘅outcome。,9.5574,kept,eval,"9.56s in [5.0, 30.0]"
4097,./audio/4097.wav,./audio/ref_voice/alienkevin.wav,游泳嘅speed唔只靠你嘅arm strength，你個breathing technique都會影響你嘅performance。,8.192,kept,train,"8.19s in [5.0, 30.0]"
4098,./audio/4098.wav,./audio/ref_voice/alienkevin.wav,跳高唔只係靠你嘅jumping ability，你對timing嘅掌握都係關鍵因素。,6.6774,kept,train,"6.68s in [5.0, 30.0]"
4099,./audio/4099.wav,./audio/ref_voice/alienkevin.wav,桌球嘅victory唔只靠你嘅hand-eye coordination，你對opponent嘅insight都係決定你成功嘅chances。,10.4747,kept,train,"10.47s in [5.0, 30.0]"
4100,./audio/4100.wav,./audio/ref_voice/alienkevin.wav,壘球賽唔只關於你嘅batting skills，你嘅fielding都可以影響比賽嘅results。,8.2134,kept,train,"8.21s in [5.0, 30.0]"
4101,./audio/4101.wav,./audio/ref_voice/alienkevin.wav,橄欖球嘅tackle唔只係体力問題，頭腦嘅strategy都夠影響你嘅defensive effectiveness。,8.9174,kept,train,"8.92s in [5.0, 30.0]"
4102,./audio/4102.wav,./audio/ref_voice/alienkevin.wav,政府講過要transform香港成為smart city，但實際上有幾多市民知道呢個計劃到底包括咩内容呢？,8.384,kept,train,"8.38s in [5.0, 30.0]"
4103,./audio/4103.wav,./audio/ref_voice/alienkevin.wav,我哋經常聽叧行政長官的policy address，但係有冇考慮過佢哋嘅選舉promises跟政策有咩conflict呢？,11.328,kept,train,"11.33s in [5.0, 30.0]"
4104,./audio/4104.wav,./audio/ref_voice/alienkevin.wav,雖然我哋驚佩healthcare workers喺疫情期間辛勞工作，但係需要解決的問題仲有好多，例如staff shortage同埋overcrowded wa…,13.5254,kept,train,"13.53s in [5.0, 30.0]"
4105,./audio/4105.wav,./audio/ref_voice/alienkevin.wav,香港的housing crisis始終未能獲得解決，政府需要更有效的solution來改善這個問題。,8.448,kept,train,"8.45s in [5.0, 30.0]"
4106,./audio/4106.wav,./audio/ref_voice/alienkevin.wav,Climate change係全球嘅問題，香港都唔係例外。我哋需要更多green policies來應對未來挑戰。,8.7254,kept,train,"8.73s in [5.0, 30.0]"
4107,./audio/4107.wav,./audio/ref_voice/alienkevin.wav,一直以來我哋都好concern香港的freedom of speech，因為呢樣野係保證我哋可以表達自己觀點嘅基礎。,9.28,kept,train,"9.28s in [5.0, 30.0]"
4108,./audio/4108.wav,./audio/ref_voice/alienkevin.wav,有D人認為enforcement of social distancing rules喺香港做得唔夠足夠，令疫情未能有效地控制。,10.263,kept,train,"10.26s in [5.0, 30.0]"
4109,./audio/4109.wav,./audio/ref_voice/alienkevin.wav,香港yearly budget release都係一個big event，一方面reflect政府口碑，另一方面都reflect香港嘅economic situ…,10.3894,kept,train,"10.39s in [5.0, 30.0]"
4110,./audio/4110.wav,./audio/ref_voice/alienkevin.wav,唔少香港人都對政府嘅immigration policy有意見，尤其係關於mainland immigrants嘅問題。”,9.2587,kept,train,"9.26s in [5.0, 30.0]"
4111,./audio/4111.wav,./audio/ref_voice/alienkevin.wav,背後有保護環境嘅passion，一班青年人係street上recycle收leftover food，希望透過呢啲小行動，引發更大嘅change。”,12.459,kept,train,"12.46s in [5.0, 30.0]"
4112,./audio/4112.wav,./audio/ref_voice/alienkevin.wav,我最鍾意去香港站嘅IFC Mall逛添，嗰度嘅high-end brands實在好吸引，尤其係我的favourite designer label吖。,12.0107,kept,eval,"12.01s in [5.0, 30.0]"
4113,./audio/4113.wav,./audio/ref_voice/alienkevin.wav,喺馬鞍山嘅新港城中心，經常可以買到一啲budget-friendly但質量又好嘅clothes，真係好實際又滿足我嘅shopping needs。,11.7974,kept,train,"11.80s in [5.0, 30.0]"
4114,./audio/4114.wav,./audio/ref_voice/alienkevin.wav,我成日都會去沙田新城市廣場，因為嗰度嘅food court真係好多選擇，而且我可以順便揾啲好嘅deals買啲gifts返去比我朋友。,13.2694,kept,eval,"13.27s in [5.0, 30.0]"
4115,./audio/4115.wav,./audio/ref_voice/alienkevin.wav,赤柱嗰邊嘅Stanley Market 真係一個好地方尋寶，你可以買到一啲將軍澳冇得揾嘅personalized souvenirs，和我嘅taste完全mat…,14.4854,kept,train,"14.49s in [5.0, 30.0]"
4116,./audio/4116.wav,./audio/ref_voice/alienkevin.wav,每次去旺角嘅Langham Place都會有新嘅發現，嗰度的青年brands總會帶嚟新嘅fashion inspiration，真係好exciting吖。,12.736,kept,train,"12.74s in [5.0, 30.0]"
4117,./audio/4117.wav,./audio/ref_voice/alienkevin.wav,我最近發現喺九龍灣嘅Megabox都可以買到d牌子專門店唔常俾折扣嘅product，真係幾surprising吖。,10.2187,kept,train,"10.22s in [5.0, 30.0]"
4118,./audio/4118.wav,./audio/ref_voice/alienkevin.wav,我鍾意去屯門嘅Citygate買啲outlet merchandise，因為價錢實在好好，品質又唔差，有時仲買到一啲limited edition嘅produc…,11.7974,kept,train,"11.80s in [5.0, 30.0]"
4119,./audio/4119.wav,./audio/ref_voice/alienkevin.wav,我成日都會去愉景新城，嗰度嘅bookstores 真係好well-stocked，我成日都可以揾到一啲我想要嘅books。,9.8774,kept,train,"9.88s in [5.0, 30.0]"
4120,./audio/4120.wav,./audio/ref_voice/alienkevin.wav,學就好似playing a puzzle，每一塊knowledge都係重要嘅，miss一塊都會incomplete。,7.36,kept,train,"7.36s in [5.0, 30.0]"
4121,./audio/4121.wav,./audio/ref_voice/alienkevin.wav,教育唔係just about making grades，佢更係帮助你搞明白自己 want 乜嘅，然後去追求佢。,8.5547,kept,train,"8.55s in [5.0, 30.0]"
4122,./audio/4122.wav,./audio/ref_voice/alienkevin.wav,學習有時需要嘅唔係智慧，而係persistence和勇氣去面對failures。,6.848,kept,train,"6.85s in [5.0, 30.0]"
4123,./audio/4123.wav,./audio/ref_voice/alienkevin.wav,"每個人都有佢嘅learning style，有人 like visual, 有人 prefer listening。重要嘅係找到適合自己嘅方法。",11.072,kept,train,"11.07s in [5.0, 30.0]"
4124,./audio/4124.wav,./audio/ref_voice/alienkevin.wav,學習就係一個continuous process，唔好因為單次嘅failure就give up。,6.08,kept,train,"6.08s in [5.0, 30.0]"
4125,./audio/4125.wav,./audio/ref_voice/alienkevin.wav,唔開心嘅時候，學習可以成為你的escape，讓你throw yourself into creativity或者knowledge中，暫時忘掉煩惱。,10.155,kept,eval,"10.15s in [5.0, 30.0]"
4126,./audio/4126.wav,./audio/ref_voice/alienkevin.wav,唔好怕問問題，curiosity係學習嘅引擎。可以係教室提問，or查研，甚至問Siri都得。,9.152,kept,train,"9.15s in [5.0, 30.0]"
4127,./audio/4127.wav,./audio/ref_voice/alienkevin.wav,我哋要學嘅唔只有knowledge，然後還有critical thinking， problem solving skill，，同埋咩係be a decent …,10.3894,kept,train,"10.39s in [5.0, 30.0]"
4128,./audio/4128.wav,./audio/ref_voice/alienkevin.wav,學習唔係one way street，你可以向任何方向explore，並不受任何限制。,6.231,kept,train,"6.23s in [5.0, 30.0]"
4129,./audio/4129.wav,./audio/ref_voice/alienkevin.wav,"佢係使終唔止於心中，然後遠離一啲negative distractions, focus on wot u need to learn。",10.3894,kept,train,"10.39s in [5.0, 30.0]"
4130,./audio/4130.wav,./audio/ref_voice/alienkevin.wav,"Professional attitude, 专业态度，认真工作，毋须马虎。",4.2667,too_short,n/a,4.27s < 5.0
4131,./audio/4131.wav,./audio/ref_voice/alienkevin.wav,"Problem-solving, 解决问题，脑筋要快，想法要多。",3.6694,too_short,n/a,3.67s < 5.0
4132,./audio/4132.wav,./audio/ref_voice/alienkevin.wav,"Teamwork, 团队合作，一起拼搏，力量大增。",3.6267,too_short,n/a,3.63s < 5.0
4133,./audio/4133.wav,./audio/ref_voice/alienkevin.wav,"Attention to detail, 留意细节，毋漏任何一处，对工作要有责任心。",7.616,kept,train,"7.62s in [5.0, 30.0]"
4134,./audio/4134.wav,./audio/ref_voice/alienkevin.wav,"Time management, 时间管理，工作生活，皆应有序。",5.1627,kept,train,"5.16s in [5.0, 30.0]"
4135,./audio/4135.wav,./audio/ref_voice/alienkevin.wav,"Leadership, 领导能力，带动团队，向前行。",4.6507,too_short,n/a,4.65s < 5.0
4136,./audio/4136.wav,./audio/ref_voice/alienkevin.wav,"Adaptability, 适应力，环境不断变化，要随时应对。",5.12,kept,train,"5.12s in [5.0, 30.0]"
4137,./audio/4137.wav,./audio/ref_voice/alienkevin.wav,"Decision making, 判断力，工作中常有选择，眼光要独到。",4.6507,too_short,n/a,4.65s < 5.0
4138,./audio/4138.wav,./audio/ref_voice/alienkevin.wav,"Creativity, 创新精神，打破框架，寻求突破。",5.2907,kept,train,"5.29s in [5.0, 30.0]"
4139,./audio/4139.wav,./audio/ref_voice/alienkevin.wav,"Motivation, 动力十足，激发能量，实现目标。",3.712,too_short,n/a,3.71s < 5.0
4140,./audio/4140.wav,./audio/ref_voice/alienkevin.wav,好喜歡聽見raindrop落喺窗台，真係讓人放鬆到不得了。,6.912,kept,train,"6.91s in [5.0, 30.0]"
4141,./audio/4141.wav,./audio/ref_voice/alienkevin.wav,呢個wind冷到我，差唔多要黐牙喇嘩。,5.2054,kept,train,"5.21s in [5.0, 30.0]"
4142,./audio/4142.wav,./audio/ref_voice/alienkevin.wav,"整天都overcast，我想見到個sunlight嘅時候有幾遠呢?"" ",5.0987,kept,train,"5.10s in [5.0, 30.0]"
4143,./audio/4143.wav,./audio/ref_voice/alienkevin.wav,Summer嘅熱真係太多咗，我已經miss咗winter嘅coolness喇。,6.6347,kept,train,"6.63s in [5.0, 30.0]"
4144,./audio/4144.wav,./audio/ref_voice/alienkevin.wav,Storm真係嚇死人，好彩我哋有shelter保護自己。,4.9494,too_short,n/a,4.95s < 5.0
4145,./audio/4145.wav,./audio/ref_voice/alienkevin.wav,今日個sun真係好耀眼，但我依然面對佢，因為我知道shade就喺我身後。,7.7227,kept,train,"7.72s in [5.0, 30.0]"
4146,./audio/4146.wav,./audio/ref_voice/alienkevin.wav,我想快D見到snow，但我知道咁樣可能性好微。,5.376,kept,train,"5.38s in [5.0, 30.0]"
4147,./audio/4147.wav,./audio/ref_voice/alienkevin.wav,呢個humidity真係令人好唔舒服，我相信乜都做唔到。,6.6347,kept,train,"6.63s in [5.0, 30.0]"
4148,./audio/4148.wav,./audio/ref_voice/alienkevin.wav,Cloud嘅形狀不停變，真係好有趣。,3.2214,too_short,n/a,3.22s < 5.0
4149,./audio/4149.wav,./audio/ref_voice/alienkevin.wav,實在係好熱，感覺連air condition都幫唔到手。,4.544,too_short,n/a,4.54s < 5.0
4150,./audio/4150.wav,./audio/ref_voice/alienkevin.wav,Monday morning一喊醒，我已經想住嗰杯double shot espresso同一件butter croissant 早餐!,9.4507,kept,train,"9.45s in [5.0, 30.0]"
4151,./audio/4151.wav,./audio/ref_voice/alienkevin.wav,Pizza night就是揀一個愛看嘅movie，一邊啖咗double cheese supreme邊看，真係人生一大樂事！,12.032,kept,train,"12.03s in [5.0, 30.0]"
4152,./audio/4152.wav,./audio/ref_voice/alienkevin.wav,冬天喺Hong Kong最欠缺嘅就係那個濃郁嘅hot chocolate，埋電影院睇場movie，一個people popcorn兩杯hot chocolate…,12.1174,kept,eval,"12.12s in [5.0, 30.0]"
4153,./audio/4153.wav,./audio/ref_voice/alienkevin.wav,啲人話，生活唔可以太甜。但你試過blueberry cheesecake配mint tea，你就知道有幾好！,8.576,kept,train,"8.58s in [5.0, 30.0]"
4154,./audio/4154.wav,./audio/ref_voice/alienkevin.wav,"你有冇試過將寿司同steak一齊食? 其實相當match喎！"" ",5.056,kept,train,"5.06s in [5.0, 30.0]"
4155,./audio/4155.wav,./audio/ref_voice/alienkevin.wav,我最唔鍾意喺夏天，太熱！But冰淇淋可以幫助我好過啲，尤其係草莓flavor，真係refreshing！,9.856,kept,train,"9.86s in [5.0, 30.0]"
4156,./audio/4156.wav,./audio/ref_voice/alienkevin.wav,"我最期待Xmas，因為可以同family enjoy turkey dinner，食飽之後再來杯mulled wine，好warm咁，好開心！"" ",11.4347,kept,train,"11.43s in [5.0, 30.0]"
4157,./audio/4157.wav,./audio/ref_voice/alienkevin.wav,有時after work，我會同一班friend去飲一杯mojito，再配住light嘅暖暖嘅玉米chips，呢一刻，我係feel happy嘅。,12.459,kept,train,"12.46s in [5.0, 30.0]"
4158,./audio/4158.wav,./audio/ref_voice/alienkevin.wav,我喺Japan走過，尤其係Kyoto，一個充滿traditional嘅地方，你可以explore好多temple同garden。,10.155,kept,train,"10.15s in [5.0, 30.0]"
4159,./audio/4159.wav,./audio/ref_voice/alienkevin.wav,這次去New York我地係Times Square countdown，倒數完jump咗幾圈，氣氛好high!,6.8694,kept,train,"6.87s in [5.0, 30.0]"
4160,./audio/4160.wav,./audio/ref_voice/alienkevin.wav,"我非常like喺Italy浸浸藍色海水, sunbath喺金色沙灘，晚餐就係海邊餐廳enjoy seafood.",9.9414,kept,train,"9.94s in [5.0, 30.0]"
4161,./audio/4161.wav,./audio/ref_voice/alienkevin.wav,Australia嘅Great Barrier Reef snorkeling真係incredible，你一定要去，會見到好多colourful嘅coral同t…,10.176,kept,eval,"10.18s in [5.0, 30.0]"
4162,./audio/4162.wav,./audio/ref_voice/alienkevin.wav,去過Thailand之後，我成日都想番返去，尤其喺Chiang Mai，那裡的local market真係fascinating，你可以嚟場culinary a…,12.224,kept,train,"12.22s in [5.0, 30.0]"
4163,./audio/4163.wav,./audio/ref_voice/alienkevin.wav,"Egypt嘅pyramids真係impressive，而且我都好enjoy嗰度嘅camel ride."" ",6.7414,kept,train,"6.74s in [5.0, 30.0]"
4164,./audio/4164.wav,./audio/ref_voice/alienkevin.wav,如果你去London，唔忘去Tate Modern，嗰度嘅art collection真係難以置信。,9.1947,kept,train,"9.19s in [5.0, 30.0]"
4165,./audio/4165.wav,./audio/ref_voice/alienkevin.wav,"喺Greece嘅Santorini睇日落, 整個view好似postcard咁beautiful!"" ",5.248,kept,eval,"5.25s in [5.0, 30.0]"
4166,./audio/4166.wav,./audio/ref_voice/alienkevin.wav,我鍾意喺Canada嘅Banff National Park 做hiking，view真係stunning，你會見到snow-capped mountain同t…,11.3494,kept,train,"11.35s in [5.0, 30.0]"
4167,./audio/4167.wav,./audio/ref_voice/alienkevin.wav,南非嘅Kruger National Park係safari嘅paradise，因為你有機會見到big five!,8.535,kept,train,"8.53s in [5.0, 30.0]"
4168,./audio/4168.wav,./audio/ref_voice/alienkevin.wav,我真係好鍾意Taylor Swift嘅音樂，佢嘅lyrics總係可以打入我心.,6.123,kept,train,"6.12s in [5.0, 30.0]"
4169,./audio/4169.wav,./audio/ref_voice/alienkevin.wav,我會喺電影院追睇最新嘅Hollywood blockbusters，爽呆呆!,6.272,kept,train,"6.27s in [5.0, 30.0]"
4170,./audio/4170.wav,./audio/ref_voice/alienkevin.wav,我超級喜歡喺留言區留下我嘅comments，再睇下其他人點評周杰倫嘅新歌.,6.4854,kept,eval,"6.49s in [5.0, 30.0]"
4171,./audio/4171.wav,./audio/ref_voice/alienkevin.wav,我對電玩game真係有啲小瘾，PS5嘅那些new releases我一定要有.,8.32,kept,train,"8.32s in [5.0, 30.0]"
4172,./audio/4172.wav,./audio/ref_voice/alienkevin.wav,Iron Man係我最鐘意嘅Marvel角色，Robert Downey Jr真係得關!,9.7067,kept,train,"9.71s in [5.0, 30.0]"
4173,./audio/4173.wav,./audio/ref_voice/alienkevin.wav,我係追劇高手，最近完全中毒咗喺殭屍醫生喬呢部劇噃.,7.6374,kept,train,"7.64s in [5.0, 30.0]"
4174,./audio/4174.wav,./audio/ref_voice/alienkevin.wav,揮揮棒係我最鍾意嘅綜藝節目，每一集都好好笑又可以學知識,6.336,kept,train,"6.34s in [5.0, 30.0]"
4175,./audio/4175.wav,./audio/ref_voice/alienkevin.wav,"我偶爾都會喺KTV去唱下歌, 可以放鬆下自己嘅壓力.",4.544,too_short,n/a,4.54s < 5.0
4176,./audio/4176.wav,./audio/ref_voice/alienkevin.wav,王嘉爾嘅舞技真係讚到不行，我真係好羨慕佢.,4.928,too_short,n/a,4.93s < 5.0
4177,./audio/4177.wav,./audio/ref_voice/alienkevin.wav,鄭爽嘅acting真係好自然，每次睇佢嘅劇我都感覺得好實在.,7.808,kept,train,"7.81s in [5.0, 30.0]"
4178,./audio/4178.wav,./audio/ref_voice/alienkevin.wav,足球比賽唔止要攻擊，你嘅defensive skills都係非常crucial嘅。,8.896,kept,train,"8.90s in [5.0, 30.0]"
4179,./audio/4179.wav,./audio/ref_voice/alienkevin.wav,籃球嘅配合係使嘅，單憑你嘅shooting ability都未必可以贏得game。,6.9334,kept,eval,"6.93s in [5.0, 30.0]"
4180,./audio/4180.wav,./audio/ref_voice/alienkevin.wav,跑步嘅時候，除左speed，stamina都係一個重要嘅factor。,4.864,too_short,n/a,4.86s < 5.0
4181,./audio/4181.wav,./audio/ref_voice/alienkevin.wav,游水唔只基於你嘅swimming technique，breathing control都好緊要。,5.824,kept,train,"5.82s in [5.0, 30.0]"
4182,./audio/4182.wav,./audio/ref_voice/alienkevin.wav,網球game唔只靠技術，還要有良好嘅match strategy才能贏得比賽。,7.104,kept,train,"7.10s in [5.0, 30.0]"
4183,./audio/4183.wav,./audio/ref_voice/alienkevin.wav,壁球唔只是關於你嘅raquet skills，你嘅footwork都有可能影響game嘅outcome。,9.4507,kept,train,"9.45s in [5.0, 30.0]"
4184,./audio/4184.wav,./audio/ref_voice/alienkevin.wav,馬拉松唔止靠endurance，hydration management同nutrition intake都好重要。,5.824,kept,train,"5.82s in [5.0, 30.0]"
4185,./audio/4185.wav,./audio/ref_voice/alienkevin.wav,棒球game唔只考慮到投手嘅pitching ability，catcher嘅receiving skills都好決定性。,6.807,kept,train,"6.81s in [5.0, 30.0]"
4186,./audio/4186.wav,./audio/ref_voice/alienkevin.wav,乒乓球比賽唔止靠你嘅serve，反應速度同判斷力都至关重要嘅。,5.7174,kept,train,"5.72s in [5.0, 30.0]"
4187,./audio/4187.wav,./audio/ref_voice/alienkevin.wav,羽球嘅比賽唔止係關於技術，你嘅心理素質都可以影響到比賽嘅results。,8.64,kept,train,"8.64s in [5.0, 30.0]"
4188,./audio/4188.wav,./audio/ref_voice/alienkevin.wav,我哋嘅執政者需要realize，社會平等同公正種子要從education plant落去，否則我哋分化嘅問題只會愈來愈serious。,13.611,kept,train,"13.61s in [5.0, 30.0]"
4189,./audio/4189.wav,./audio/ref_voice/alienkevin.wav,新型冠狀病毒係一個global challenge，但係响香港，我地需要更加transparency同公平嘅healthcare system，唔可以得啲有錢人…,14.9334,kept,train,"14.93s in [5.0, 30.0]"
4190,./audio/4190.wav,./audio/ref_voice/alienkevin.wav,快餐culture嘅兴起，導致香港嘅年青一代面對obesity同其他健康問題，係時候我哋大力推廣healthy lifestyle同適量嘅exercise。,14.4427,kept,train,"14.44s in [5.0, 30.0]"
4191,./audio/4191.wav,./audio/ref_voice/alienkevin.wav,政府應該係投資於sustainable technologies嚟搵出面對climate crisis嘅解決方案，而唔係keep rely緊喺傳统嘅工業及石油嘅…,17.6,kept,train,"17.60s in [5.0, 30.0]"
4192,./audio/4192.wav,./audio/ref_voice/alienkevin.wav,香港的housing crisis加劇咗我哋嘅社會分化，建立affordable housing係我哋必需面對嘅首要任務。,11.1787,kept,train,"11.18s in [5.0, 30.0]"
4193,./audio/4193.wav,./audio/ref_voice/alienkevin.wav,再唔重視waste management，香港將會變成一個rubbish city，我哋嘅環境將會被更多gutter oil同plastic waste壞滅。”,16.512,kept,train,"16.51s in [5.0, 30.0]"
4194,./audio/4194.wav,./audio/ref_voice/alienkevin.wav,香港都應該follow西方國家引導，將green energy納入mainstream，咁樣先至可以真正咁達到carbon neutrality嘅目標。,13.44,kept,train,"13.44s in [5.0, 30.0]"
4195,./audio/4195.wav,./audio/ref_voice/alienkevin.wav,要非議的police brutality，更大嘅問題係政府嘅無能，無能去解決民心所向，無能去有效manage社會衝突，更無能去防止corruption放anyw…,19.456,kept,train,"19.46s in [5.0, 30.0]"
4196,./audio/4196.wav,./audio/ref_voice/alienkevin.wav,香港嘅old folks 有好多unsolved嘅mental health issues，但係social stigma 令佢哋怕seek help，呢個is…,15.5307,kept,eval,"15.53s in [5.0, 30.0]"
4197,./audio/4197.wav,./audio/ref_voice/alienkevin.wav,Current education system唔夠favour我哋嘅kindergartens，政府應該invest更多resources去改善初期嘅educ…,15.5947,kept,train,"15.59s in [5.0, 30.0]"
4198,./audio/4198.wav,./audio/ref_voice/alienkevin.wav,我好鍾意去香港中環嘅IFC做shopping，啲品牌店都好high-end，有時仲會有一啲exclusive deals。,9.8134,kept,train,"9.81s in [5.0, 30.0]"
4199,./audio/4199.wav,./audio/ref_voice/alienkevin.wav,最近喺Mongkok嘅Sneaker Street搜羅咗好多新款嘅sneakers，啲design好靚，價錢又reasonable。,9.6214,kept,eval,"9.62s in [5.0, 30.0]"
4200,./audio/4200.wav,./audio/ref_voice/alienkevin.wav,我有時會去九龍灣嘅Megabox買家居用品，因為啲選擇好多，價錢又相對平啲，同埋有好多優惠嘅discounts。,11.2,kept,train,"11.20s in [5.0, 30.0]"
4201,./audio/4201.wav,./audio/ref_voice/alienkevin.wav,Harbour City喺尖沙咀真係一個好好嘅購物地方，啲luxury brands全部都齊，好適合我呢啲喜歡名牌嘅人。,9.6214,kept,train,"9.62s in [5.0, 30.0]"
4202,./audio/4202.wav,./audio/ref_voice/alienkevin.wav,我每個星期都會去九龍塘嘅Festival Walk買食材，嗰度嘅supermarket真係好comprehensive，啲食材新鮮又多元化。,10.9654,kept,train,"10.97s in [5.0, 30.0]"
4203,./audio/4203.wav,./audio/ref_voice/alienkevin.wav,喺香港購物真係好滿足，除咗有大牌名店，仲有好多local brands可選，我覺得好support local products。,10.263,kept,train,"10.26s in [5.0, 30.0]"
4204,./audio/4204.wav,./audio/ref_voice/alienkevin.wav,我好鍾意喺大嶼山嘅gang tung村買啲organic food，個個都佢們自家種嘅，fresh又healthy。,8.9174,kept,train,"8.92s in [5.0, 30.0]"
4205,./audio/4205.wav,./audio/ref_voice/alienkevin.wav,我去過一次西環嘅The Lanes買衣服，我覺得好特別，大部分都係一啲vintage stores，好有character。,8.7254,kept,train,"8.73s in [5.0, 30.0]"
4206,./audio/4206.wav,./audio/ref_voice/alienkevin.wav,我鍾意喺香港嘅street markets買嘢，因為價錢便宜而且goods真係一應俱全，你要乜都揾到。,8.4054,kept,train,"8.41s in [5.0, 30.0]"
4207,./audio/4207.wav,./audio/ref_voice/alienkevin.wav,喺尖沙咀嘅Granville Road買衣服真係好經濟實惠，啲designs好趨勢，優惠又多，我每次都會買到滿載而歸。,10.4747,kept,train,"10.47s in [5.0, 30.0]"
4208,./audio/4208.wav,./audio/ref_voice/alienkevin.wav,學習不應該被 confine，你可以跟著自己心境去learn任何野。,5.4187,kept,train,"5.42s in [5.0, 30.0]"
4209,./audio/4209.wav,./audio/ref_voice/alienkevin.wav,唔好視學習為一種 burden，佢可以opens up唔同嘅possibilities你。,6.784,kept,train,"6.78s in [5.0, 30.0]"
4210,./audio/4210.wav,./audio/ref_voice/alienkevin.wav,學洛唔單單係pass exams，佢更係培養出你對知識嘅curiosity。,7.4454,kept,train,"7.45s in [5.0, 30.0]"
4211,./audio/4211.wav,./audio/ref_voice/alienkevin.wav,經驗係最好嘅teacher，所以唔好害怕try new things。,4.395,too_short,n/a,4.39s < 5.0
4212,./audio/4212.wav,./audio/ref_voice/alienkevin.wav,學嘢唔計較quick or slow，重要係你究竟學得happy唔happy。,5.248,kept,train,"5.25s in [5.0, 30.0]"
4213,./audio/4213.wav,./audio/ref_voice/alienkevin.wav,學習要有自己嘅pace，唔使跟人比較。,3.904,too_short,n/a,3.90s < 5.0
4214,./audio/4214.wav,./audio/ref_voice/alienkevin.wav,Find一個你passionate嘅野係你學習途中嘅 key motivation。,5.4187,kept,train,"5.42s in [5.0, 30.0]"
4215,./audio/4215.wav,./audio/ref_voice/alienkevin.wav,學習可以幫你積儲一個擁有更多choices嘅fiuture。,5.8027,kept,train,"5.80s in [5.0, 30.0]"
4216,./audio/4216.wav,./audio/ref_voice/alienkevin.wav,學唔到就問，問問問，問多就識多，咁樣就可以improve。,6.123,kept,train,"6.12s in [5.0, 30.0]"
4217,./audio/4217.wav,./audio/ref_voice/alienkevin.wav,學習係一條cannot predict嘅道路，有意想不到 surprises，所以要keep an open mind。,8.64,kept,train,"8.64s in [5.0, 30.0]"
4218,./audio/4218.wav,./audio/ref_voice/alienkevin.wav,"Task management, 管理任务，要能分清主次，分配时间，提高效率。",6.6347,kept,train,"6.63s in [5.0, 30.0]"
4219,./audio/4219.wav,./audio/ref_voice/alienkevin.wav,"Communication skills, 交流能力，能明了表达，理解他人，让工作顺利进行。",6.4214,kept,train,"6.42s in [5.0, 30.0]"
4220,./audio/4220.wav,./audio/ref_voice/alienkevin.wav,"Teamwork, 团队协作，人人都有份，协力完成，这就是团队精神。",6.528,kept,train,"6.53s in [5.0, 30.0]"
4221,./audio/4221.wav,./audio/ref_voice/alienkevin.wav,"Leadership, 领导能力，要有决断力，能带动队伍，方向要明确。",5.568,kept,train,"5.57s in [5.0, 30.0]"
4222,./audio/4222.wav,./audio/ref_voice/alienkevin.wav,"Time management, 时间管理，每一分每一秒，都值得珍惜，要用得其所。",5.0347,kept,train,"5.03s in [5.0, 30.0]"
4223,./audio/4223.wav,./audio/ref_voice/alienkevin.wav,"Creativity, 有创新，不怕试错，敢于打破常规，有别有一番风味。",7.872,kept,train,"7.87s in [5.0, 30.0]"
4224,./audio/4224.wav,./audio/ref_voice/alienkevin.wav,"Adaptability, 适应能力，能接受变化，面对困难不退缩，挑战就是机会。",6.912,kept,train,"6.91s in [5.0, 30.0]"
4225,./audio/4225.wav,./audio/ref_voice/alienkevin.wav,"Professional knowledge, 专业知识，多学多问，永远都在进步。",4.7147,too_short,n/a,4.71s < 5.0
4226,./audio/4226.wav,./audio/ref_voice/alienkevin.wav,"Negotiation skills, 谈判技巧，果断而又有弹性，达成共识最重要。",6.3787,kept,train,"6.38s in [5.0, 30.0]"
4227,./audio/4227.wav,./audio/ref_voice/alienkevin.wav,"Analytical skills, 分析能力，思考透彻，解决问题要有方法。",6.4214,kept,train,"6.42s in [5.0, 30.0]"
4228,./audio/4228.wav,./audio/ref_voice/alienkevin.wav,"Reliability, 可靠性，让人安心，承诺过的事情就一定要完成。",5.5254,kept,train,"5.53s in [5.0, 30.0]"
4229,./audio/4229.wav,./audio/ref_voice/alienkevin.wav,"Public speaking, 公开演讲，言之有物，使人心向往之，这就是魅力。",5.9734,kept,train,"5.97s in [5.0, 30.0]"
4230,./audio/4230.wav,./audio/ref_voice/alienkevin.wav,今朝嘅sun好足，真係太hot喇，要開air-conditioning喎。,6.0374,kept,train,"6.04s in [5.0, 30.0]"
4231,./audio/4231.wav,./audio/ref_voice/alienkevin.wav,Rain一直落，我都唔知做咩好，只好係屋企watch TV啦。,5.248,kept,train,"5.25s in [5.0, 30.0]"
4232,./audio/4232.wav,./audio/ref_voice/alienkevin.wav,凌晨時分好冷有snow，好彩我有火鑊仔暖和，不然要freeze喇。,8.427,kept,train,"8.43s in [5.0, 30.0]"
4233,./audio/4233.wav,./audio/ref_voice/alienkevin.wav,呢度有hurricane要来喇，大家要保持alert，唔好出門。,4.5867,too_short,n/a,4.59s < 5.0
4234,./audio/4234.wav,./audio/ref_voice/alienkevin.wav,天公伯老大speechless，咁熱既天再加heat wave？太over喇。,7.296,kept,train,"7.30s in [5.0, 30.0]"
4235,./audio/4235.wav,./audio/ref_voice/alienkevin.wav,Cold front过来咗，隔離都冷到我差唔多要wear多個sweater。,7.04,kept,train,"7.04s in [5.0, 30.0]"
4236,./audio/4236.wav,./audio/ref_voice/alienkevin.wav,Cloudy咁多日啦，我想見到blue sky啊。,3.3707,too_short,n/a,3.37s < 5.0
4237,./audio/4237.wav,./audio/ref_voice/alienkevin.wav,呢d wet weather，我差鼐要出mould喇。,7.6374,kept,train,"7.64s in [5.0, 30.0]"
4238,./audio/4238.wav,./audio/ref_voice/alienkevin.wav,Tomorrows forecast話會有 light rain，記得要帶umbrella喎。,5.568,kept,train,"5.57s in [5.0, 30.0]"
4239,./audio/4239.wav,./audio/ref_voice/alienkevin.wav,啱啱見到個rainbow，頓時覺得cloudy天都唔錯呀。,4.032,too_short,n/a,4.03s < 5.0
4240,./audio/4240.wav,./audio/ref_voice/alienkevin.wav,"Dim sum做得好，配上一杯热乎乎的pu erh tea，真系最好的早餐!"" ",7.5947,kept,train,"7.59s in [5.0, 30.0]"
4241,./audio/4241.wav,./audio/ref_voice/alienkevin.wav,試試韓國炸鷄啤酒night，fried chicken配上凉爽嘅beer，絕對令人心情開朗！,7.232,kept,eval,"7.23s in [5.0, 30.0]"
4242,./audio/4242.wav,./audio/ref_voice/alienkevin.wav,喺香港，street food一定要試，尤其係curry fish balls，爆香又彈牙!,6.3574,kept,train,"6.36s in [5.0, 30.0]"
4243,./audio/4243.wav,./audio/ref_voice/alienkevin.wav,"炖湯其實好simple，放啲ingredients如玉竹, 山楂，白木耳，加水，slow cook就得！",8.4054,kept,train,"8.41s in [5.0, 30.0]"
4244,./audio/4244.wav,./audio/ref_voice/alienkevin.wav,夏天就係要食mango sago，甜同冰冰涼，真係一流！,5.5894,kept,train,"5.59s in [5.0, 30.0]"
4245,./audio/4245.wav,./audio/ref_voice/alienkevin.wav,BBQ night就係燒烤串配上cold beer，令人完全忘記底緊嘅疲累！,9.0667,kept,train,"9.07s in [5.0, 30.0]"
4246,./audio/4246.wav,./audio/ref_voice/alienkevin.wav,"如果你食得鑊，試試擔擔麵嘅spicyflavor，配上啲pickles，完全係唔同level嘅享受！"" ",10.4107,kept,train,"10.41s in [5.0, 30.0]"
4247,./audio/4247.wav,./audio/ref_voice/alienkevin.wav,食壽司pairing嘅時候，唔好忘記一杯dry sake，味道更上一層！,7.7014,kept,train,"7.70s in [5.0, 30.0]"
4248,./audio/4248.wav,./audio/ref_voice/alienkevin.wav,辣炒螺片好滋味，不過話你知，啖下一個chilled white wine更match！,9.92,kept,train,"9.92s in [5.0, 30.0]"
4249,./audio/4249.wav,./audio/ref_voice/alienkevin.wav,想試traditional dessert？糖不甩配熱梅子茶，一定會令你驚喜！,7.5734,kept,train,"7.57s in [5.0, 30.0]"
4250,./audio/4250.wav,./audio/ref_voice/alienkevin.wav,我喺Japan既spring season去咗Cherry blossom viewing，好多Sakura開得好靚，真係like a dream.,7.9787,kept,eval,"7.98s in [5.0, 30.0]"
4251,./audio/4251.wav,./audio/ref_voice/alienkevin.wav,我鍾意喺France既Cte d'Azur晒sun，佢嘅beach同turquoise waters真系一流.,8.1067,kept,train,"8.11s in [5.0, 30.0]"
4252,./audio/4252.wav,./audio/ref_voice/alienkevin.wav,我喺New Zealand望咗Southern lights，實在太magical喇，我頂唔住要take好多photos.,9.7067,kept,train,"9.71s in [5.0, 30.0]"
4253,./audio/4253.wav,./audio/ref_voice/alienkevin.wav,我喺London逛咗market，好多antiques同手工藝品，好有British style.,7.3174,kept,train,"7.32s in [5.0, 30.0]"
4254,./audio/4254.wav,./audio/ref_voice/alienkevin.wav,我乎Iceland嘅Blue lagoon泡thermal spa，好relaxing，仲可以欣賞一下volcanic landscapes.,14.6134,kept,train,"14.61s in [5.0, 30.0]"
4255,./audio/4255.wav,./audio/ref_voice/alienkevin.wav,喺California嘅Napa Valley我試咗wine tasting，品嚐咗好多種local wine，都趣緻架.,8.6827,kept,train,"8.68s in [5.0, 30.0]"
4256,./audio/4256.wav,./audio/ref_voice/alienkevin.wav,我去到Australia紺Barrier Reef scuba diving，見到珊瑚同熱帶魚類，太charming喇.,9.728,kept,train,"9.73s in [5.0, 30.0]"
4257,./audio/4257.wav,./audio/ref_voice/alienkevin.wav,喺New York我喺Times Square過夜，己經滿滿嘅neon lights仲係咁captivating.,9.408,kept,train,"9.41s in [5.0, 30.0]"
4258,./audio/4258.wav,./audio/ref_voice/alienkevin.wav,我喺Thailand享受過beach parties，月光beach真係非常cool.,5.056,kept,train,"5.06s in [5.0, 30.0]"
4259,./audio/4259.wav,./audio/ref_voice/alienkevin.wav,我去喺China嘅Great Wall hiking，見識到呢個世界奇觀，好amazing啊！,6.2934,kept,train,"6.29s in [5.0, 30.0]"
4260,./audio/4260.wav,./audio/ref_voice/alienkevin.wav,呢個weekend，我哋打算去睇下新上映嘅山頂公園嗰部電影，聽說好評無數.,7.959,kept,train,"7.96s in [5.0, 30.0]"
4261,./audio/4261.wav,./audio/ref_voice/alienkevin.wav,流行樂壇呢個走向我好喜歡呀，Billie Eilish同Taylor Swift嘅新歌都十分catchy.,9.856,kept,train,"9.86s in [5.0, 30.0]"
4262,./audio/4262.wav,./audio/ref_voice/alienkevin.wav,我都好期待呢個summer嘅音樂節，穿上我嘅festival outfits，同三五知己享受音樂嘅洗禮.,9.3867,kept,train,"9.39s in [5.0, 30.0]"
4263,./audio/4263.wav,./audio/ref_voice/alienkevin.wav,最近迷上嘅podcast叫Blue Hour，每次 commuting 時聽，感覺好chill.,6.5494,kept,train,"6.55s in [5.0, 30.0]"
4264,./audio/4264.wav,./audio/ref_voice/alienkevin.wav,我真係迷住咗Netflix上邊嘅新系列Squid Game，劇情超吸引人.,7.8294,kept,train,"7.83s in [5.0, 30.0]"
4265,./audio/4265.wav,./audio/ref_voice/alienkevin.wav,雖然我唔係一個大歌手，但我喺karaoke唱歌fun得嚟超放鬆，特別係勁歌金曲.,9.6427,kept,train,"9.64s in [5.0, 30.0]"
4266,./audio/4266.wav,./audio/ref_voice/alienkevin.wav,我對電影院嘅popcorn真係有啲情有獨鍾，睇戲唔食佢好似咩都少咗咁.,7.275,kept,train,"7.27s in [5.0, 30.0]"
4267,./audio/4267.wav,./audio/ref_voice/alienkevin.wav,最近嘅足球比賽真係太刺激，特別係Premier League我哋team嘅performance.,6.8267,kept,train,"6.83s in [5.0, 30.0]"
4268,./audio/4268.wav,./audio/ref_voice/alienkevin.wav,我一定要喺呢個season內睇晒Stranger Things，一集接一集根本停唔到.,6.6134,kept,train,"6.61s in [5.0, 30.0]"
4269,./audio/4269.wav,./audio/ref_voice/alienkevin.wav,我成日都會去上網check下upcoming嘅concerts，我好鍾意live music.,7.104,kept,train,"7.10s in [5.0, 30.0]"
4270,./audio/4270.wav,./audio/ref_voice/alienkevin.wav,跑步唔單止對身體健康有好處，跑step可以幫助舒緩stress同埋提高concentration。,11.0294,kept,train,"11.03s in [5.0, 30.0]"
4271,./audio/4271.wav,./audio/ref_voice/alienkevin.wav,泳水唔只係一種exercise，同時都喺一種great方法去relax和cool down喺炎熱嘅季節。,10.0267,kept,eval,"10.03s in [5.0, 30.0]"
4272,./audio/4272.wav,./audio/ref_voice/alienkevin.wav,籃球game要贏泥就要喺offense同defense都做好，唔可以偏重一邊。,8.896,kept,train,"8.90s in [5.0, 30.0]"
4273,./audio/4273.wav,./audio/ref_voice/alienkevin.wav,羽毛球對手眼協調能力有好處，同時提高嘅accuracy和speed都咁重要喺張場度。,10.048,kept,train,"10.05s in [5.0, 30.0]"
4274,./audio/4274.wav,./audio/ref_voice/alienkevin.wav,喺健身嘅時候，千祈唔好忽視warm-up同cool-down，呢d殊不忽視嘅點對prevent injury好重要。,13.056,kept,train,"13.06s in [5.0, 30.0]"
4275,./audio/4275.wav,./audio/ref_voice/alienkevin.wav,"做Yoga唔拍拖你嘅flexibility，but also有助於sleep quality 改善同埋放鬆心靈情緒."" ",10.6027,kept,train,"10.60s in [5.0, 30.0]"
4276,./audio/4276.wav,./audio/ref_voice/alienkevin.wav,"嚟講係跆拳道內，respect同honour都與技術一樣重要，呢啲都係一種美德values."" ",10.155,kept,train,"10.15s in [5.0, 30.0]"
4277,./audio/4277.wav,./audio/ref_voice/alienkevin.wav,太極唔單止提高balance，練習持續嘅focus都幫助咗improve concentration 。,8.1067,kept,train,"8.11s in [5.0, 30.0]"
4278,./audio/4278.wav,./audio/ref_voice/alienkevin.wav,舞蹈exercise唔只係有益於cardiovascular health，而且唩嘅creativity都有發揮嘅空間。,11.0294,kept,train,"11.03s in [5.0, 30.0]"
4279,./audio/4279.wav,./audio/ref_voice/alienkevin.wav,香港嘅housing crisis需要政府更積極嘅政策handle，例如提供更多嘅affordable housing，改善公共屋邨嘅living condit…,13.9734,kept,train,"13.97s in [5.0, 30.0]"
4280,./audio/4280.wav,./audio/ref_voice/alienkevin.wav,非法泊車問題嚴重，政府應該invest in technology，例如implement智能停車系統，以解決香港嘅parking problem。,10.0267,kept,train,"10.03s in [5.0, 30.0]"
4281,./audio/4281.wav,./audio/ref_voice/alienkevin.wav,高樓價持續壓逼香港citizen，政府需要有更有力嘅measures，例如加強打击underground lending同提升transparency嘅fina…,15.339,kept,train,"15.34s in [5.0, 30.0]"
4282,./audio/4282.wav,./audio/ref_voice/alienkevin.wav,政府需要更focus喺保育同發展sustainable tourism，以保護我哋嘅natural heritage，而唔係單單concentrate喺econ…,17.024,kept,train,"17.02s in [5.0, 30.0]"
4283,./audio/4283.wav,./audio/ref_voice/alienkevin.wav,教育應唔應該係只有teach to the test？我哋需要一个更open-minded嘅educational system，可以讓students exp…,19.776,kept,train,"19.78s in [5.0, 30.0]"
4284,./audio/4284.wav,./audio/ref_voice/alienkevin.wav,香港人嘅work-life balance問題其實非常嚴重，政府需要implement一啲咩policy嚟改善呢個situation，例如提倡flexible …,14.528,kept,train,"14.53s in [5.0, 30.0]"
4285,./audio/4285.wav,./audio/ref_voice/alienkevin.wav,政府唔應該只係focus喺infrastructure development，亦都需要更加關注social issues，例如貧富差距同elderly car…,11.4987,kept,train,"11.50s in [5.0, 30.0]"
4286,./audio/4286.wav,./audio/ref_voice/alienkevin.wav,香港嘅air pollution問題愈來愈嚴重，我哋有需要提倡一個更green個lifestyle，包括推動氫能bus同車、減少塑膠嘅消耗等等。,15.9787,kept,train,"15.98s in [5.0, 30.0]"
4287,./audio/4287.wav,./audio/ref_voice/alienkevin.wav,我啱啱喺online網站買咗一款新嘅smartphone，好平價又機能強大，十分cost-effective。,7.5307,kept,train,"7.53s in [5.0, 30.0]"
4288,./audio/4288.wav,./audio/ref_voice/alienkevin.wav,我最鍾意去旺角嘅sneaker street買波鞋，啲款式update得好快，每次都有新款等我選擇。,8.896,kept,eval,"8.90s in [5.0, 30.0]"
4289,./audio/4289.wav,./audio/ref_voice/alienkevin.wav,Causeway Bay嘅department stores真係好好逛，無論係家居用品定係時裝，啲選擇都好diversified。,11.904,kept,train,"11.90s in [5.0, 30.0]"
4290,./audio/4290.wav,./audio/ref_voice/alienkevin.wav,我上個月喺一個outlet買咗一個designer bag，打完折之後價格真係好attractive。,8.384,kept,eval,"8.38s in [5.0, 30.0]"
4291,./audio/4291.wav,./audio/ref_voice/alienkevin.wav,喺Tsim Sha Tsui嘅Harbour City我可以一次過買齊所有嘅cosmetics，啲品牌實在太多啦。,9.8774,kept,train,"9.88s in [5.0, 30.0]"
4292,./audio/4292.wav,./audio/ref_voice/alienkevin.wav,幾日前喺internet買咗一個禮物比朋友，佢話話係high-quality同好實用，我都覺得值得。,10.3254,kept,train,"10.33s in [5.0, 30.0]"
4293,./audio/4293.wav,./audio/ref_voice/alienkevin.wav,我最近喺Amazon買咗一部新嘅e-reader，好喜歡佢嘅user-friendly設計，而且價錢都OK。,8.0,kept,train,"8.00s in [5.0, 30.0]"
4294,./audio/4294.wav,./audio/ref_voice/alienkevin.wav,我最近喺一個online shopping platform買咗一部新車，交易過程非常smooth同埋方便。,6.8694,kept,train,"6.87s in [5.0, 30.0]"
4295,./audio/4295.wav,./audio/ref_voice/alienkevin.wav,喺中環嘅I.T買衫真係一種享受，啲clothes好有style，啲salesperson又會幫你選擇最適合你嘅款式。,12.4374,kept,train,"12.44s in [5.0, 30.0]"
4296,./audio/4296.wav,./audio/ref_voice/alienkevin.wav,我上星期喺Mongkok嘅street market買咗啲fresh fruits，價格實惠又好新鮮，好滿意呢次購物經驗。,11.2214,kept,train,"11.22s in [5.0, 30.0]"
4297,./audio/4297.wav,./audio/ref_voice/alienkevin.wav,書本冇咩野教到你，real life嘅experience最重要。,5.4187,kept,train,"5.42s in [5.0, 30.0]"
4298,./audio/4298.wav,./audio/ref_voice/alienkevin.wav,不停學嘅mindset，先可以跟得上這個fast-changing嘅world。,5.184,kept,train,"5.18s in [5.0, 30.0]"
4299,./audio/4299.wav,./audio/ref_voice/alienkevin.wav,學得唔記都係白搭，所以remember to review。,5.9094,kept,train,"5.91s in [5.0, 30.0]"
4300,./audio/4300.wav,./audio/ref_voice/alienkevin.wav,學習就係一個step by step嘅過程，唔會有shortcut。,4.6294,too_short,n/a,4.63s < 5.0
4301,./audio/4301.wav,./audio/ref_voice/alienkevin.wav,係犯錯之後學會get up，你先係真正的學習者。,5.76,kept,train,"5.76s in [5.0, 30.0]"
4302,./audio/4302.wav,./audio/ref_voice/alienkevin.wav,唔好只係學書本上嘅knowledge，去學一啲soft skills都好好。,5.9947,kept,train,"5.99s in [5.0, 30.0]"
4303,./audio/4303.wav,./audio/ref_voice/alienkevin.wav,成功唔會係overnight嘅事，持續嘅學習同努力才係關鍵。,5.655,kept,train,"5.65s in [5.0, 30.0]"
4304,./audio/4304.wav,./audio/ref_voice/alienkevin.wav,嘗試學習一啲你feel comfortable嘅事，你會發現學習變得enjoyable。,6.1867,kept,train,"6.19s in [5.0, 30.0]"
4305,./audio/4305.wav,./audio/ref_voice/alienkevin.wav,學習可以boost我哋嘅confidence，同時為我哋嘅生活增添色彩。,7.296,kept,train,"7.30s in [5.0, 30.0]"
4306,./audio/4306.wav,./audio/ref_voice/alienkevin.wav,Continuous learning係現今社會嘅must-have，如果唔想被淘汰嘅話。,6.5067,kept,train,"6.51s in [5.0, 30.0]"
4307,./audio/4307.wav,./audio/ref_voice/alienkevin.wav,"Efficiency, 高效率，时间就是金钱，不要拖拉。",5.1414,kept,train,"5.14s in [5.0, 30.0]"
4308,./audio/4308.wav,./audio/ref_voice/alienkevin.wav,"Creativity, 创新思维，想要成功，就要得出色。"" ",5.4614,kept,train,"5.46s in [5.0, 30.0]"
4309,./audio/4309.wav,./audio/ref_voice/alienkevin.wav,"Dedication, 敬业精神，一份付出，一份收获。",5.655,kept,train,"5.65s in [5.0, 30.0]"
4310,./audio/4310.wav,./audio/ref_voice/alienkevin.wav,"Problem solving, 解决问题，面对难题，勇于接战。"" ",5.4187,kept,eval,"5.42s in [5.0, 30.0]"
4311,./audio/4311.wav,./audio/ref_voice/alienkevin.wav,"Communication skills, 沟通能力，懂得表达，易人所解。",5.2907,kept,train,"5.29s in [5.0, 30.0]"
4312,./audio/4312.wav,./audio/ref_voice/alienkevin.wav,"Positive attitude, 积极态度，笑口常开，工作更愉快。"" ",5.3547,kept,train,"5.35s in [5.0, 30.0]"
4313,./audio/4313.wav,./audio/ref_voice/alienkevin.wav,"Time Management, 时间管理，规划好每一秒，生活才不会混乱。",4.672,too_short,n/a,4.67s < 5.0
4314,./audio/4314.wav,./audio/ref_voice/alienkevin.wav,"Leadership, 领导才能，带领团队，共赢未来。"" ",3.9894,too_short,n/a,3.99s < 5.0
4315,./audio/4315.wav,./audio/ref_voice/alienkevin.wav,"Self-motivated, 自我激励，成就自己，挑战极限。",4.3307,too_short,n/a,4.33s < 5.0
4316,./audio/4316.wav,./audio/ref_voice/alienkevin.wav,"Adaptability, 赶快适应，换个角度，世界又不同。"" ",5.2907,kept,train,"5.29s in [5.0, 30.0]"
4317,./audio/4317.wav,./audio/ref_voice/alienkevin.wav,"Interpersonal skills, 人际交往，顺畅人缘，工作半功倍。",6.528,kept,train,"6.53s in [5.0, 30.0]"
4318,./audio/4318.wav,./audio/ref_voice/alienkevin.wav,"Customer service, 客户服务，真心待人，客户满意。"" ",4.5227,too_short,n/a,4.52s < 5.0
4319,./audio/4319.wav,./audio/ref_voice/alienkevin.wav,天气forecast話嗰個周末會有雨，唔理喇，一齊去hiking喎。,5.9094,kept,train,"5.91s in [5.0, 30.0]"
4320,./audio/4320.wav,./audio/ref_voice/alienkevin.wav,嗰陣時嘅sunset真系無得輸，簡直係拍photo必定大賣一場。,6.3787,kept,eval,"6.38s in [5.0, 30.0]"
4321,./audio/4321.wav,./audio/ref_voice/alienkevin.wav,Rainy day咪順便係crib度看movie喇，重可以drinking熱chocolate呀。,8.6614,kept,train,"8.66s in [5.0, 30.0]"
4322,./audio/4322.wav,./audio/ref_voice/alienkevin.wav,Shirt好濕呀，早前漏咗check天气app，唔知咗哩度佢下rain喎。,8.9387,kept,train,"8.94s in [5.0, 30.0]"
4323,./audio/4323.wav,./audio/ref_voice/alienkevin.wav,Wind咁大，突然好想去海邊玩kite飛浪呀。,4.9067,too_short,n/a,4.91s < 5.0
4324,./audio/4324.wav,./audio/ref_voice/alienkevin.wav,今朝嘅sun真係太beautiful喇，看到佢都開工嘅心情好d呀。,5.9734,kept,train,"5.97s in [5.0, 30.0]"
4325,./audio/4325.wav,./audio/ref_voice/alienkevin.wav,熱浪真係太熱辣喇，無奈地要開strong air-conditioner喇。,6.72,kept,train,"6.72s in [5.0, 30.0]"
4326,./audio/4326.wav,./audio/ref_voice/alienkevin.wav,果陣出門冇bring傘，咩ja，滯咗嗰條rain咁大咁濕喇。,10.3254,kept,train,"10.33s in [5.0, 30.0]"
4327,./audio/4327.wav,./audio/ref_voice/alienkevin.wav,路過pearl river，見到嗰d reflection太美喇，real可以sailing喎。,9.216,kept,eval,"9.22s in [5.0, 30.0]"
4328,./audio/4328.wav,./audio/ref_voice/alienkevin.wav,喺嗰陣風嘅吹襲下，感覺得到winter將至喇。,5.6107,kept,train,"5.61s in [5.0, 30.0]"
4329,./audio/4329.wav,./audio/ref_voice/alienkevin.wav,燒賣同蝦餃絕對係dim sum必點items，都好tasty！,5.312,kept,train,"5.31s in [5.0, 30.0]"
4330,./audio/4330.wav,./audio/ref_voice/alienkevin.wav,HK style french toast真係very delicious呀，吃得我好happy！,6.0587,kept,train,"6.06s in [5.0, 30.0]"
4331,./audio/4331.wav,./audio/ref_voice/alienkevin.wav,煎堆not only crispy but also sweet，太適合tea time啦！,4.5227,too_short,n/a,4.52s < 5.0
4332,./audio/4332.wav,./audio/ref_voice/alienkevin.wav,烏冬麵就係要加啲tempura，炸蝦炸蔬菜，好significant嘅flavour！,8.384,kept,train,"8.38s in [5.0, 30.0]"
4333,./audio/4333.wav,./audio/ref_voice/alienkevin.wav,乜都唔食都要食個egg tart，那個custardy goodness就係heaven！,8.0214,kept,train,"8.02s in [5.0, 30.0]"
4334,./audio/4334.wav,./audio/ref_voice/alienkevin.wav,唔試下我哋的milk tea就等於未去過Hong Kong，它的smooth和rich taste真的無人能企及！,10.368,kept,train,"10.37s in [5.0, 30.0]"
4335,./audio/4335.wav,./audio/ref_voice/alienkevin.wav,薑蔥炒蟹真係好satisfying，tender crab meat配上spicy and aromatic ginger and spring onions，…,14.4427,kept,train,"14.44s in [5.0, 30.0]"
4336,./audio/4336.wav,./audio/ref_voice/alienkevin.wav,"牛肉麵好香啲beefy aroma，加上springy noodles, 飽到好滿足!",7.5734,kept,train,"7.57s in [5.0, 30.0]"
4337,./audio/4337.wav,./audio/ref_voice/alienkevin.wav,"冬瓜盅大暑天飲得好clearing and refreshing，效果好surprising喎！"" ",6.528,kept,train,"6.53s in [5.0, 30.0]"
4338,./audio/4338.wav,./audio/ref_voice/alienkevin.wav,"广东烧味，roast duck, cha siu, soy chicken，一試難忘ga！",6.3787,kept,train,"6.38s in [5.0, 30.0]"
4339,./audio/4339.wav,./audio/ref_voice/alienkevin.wav,"呢個steamed fish好清新，用啲soy sauce, scallions,和ginger，感覺healthy and delicious",11.0507,kept,train,"11.05s in [5.0, 30.0]"
4340,./audio/4340.wav,./audio/ref_voice/alienkevin.wav,"魚蛋即係street food嘅代表，Add curry sauce，美味指數immediately up!"" ",6.784,kept,train,"6.78s in [5.0, 30.0]"
4341,./audio/4341.wav,./audio/ref_voice/alienkevin.wav,八寶飯sweet and yummy，連我都satisfying to the max！,6.8907,kept,train,"6.89s in [5.0, 30.0]"
4342,./audio/4342.wav,./audio/ref_voice/alienkevin.wav,小籠包嘅soup好rich，一咬就burst out，really amazing啊！,5.547,kept,train,"5.55s in [5.0, 30.0]"
4343,./audio/4343.wav,./audio/ref_voice/alienkevin.wav,"我喺Japan嘅Cherry Blossom Festival玩得好開心, 嗰個scenery真係captivating至極!",10.624,kept,train,"10.62s in [5.0, 30.0]"
4344,./audio/4344.wav,./audio/ref_voice/alienkevin.wav,我下次一定要去瀏覽下Australia嘅Great Barrier Reef，聽講個海洋ecosystem比人預期中仲要stunning喎！,10.6027,kept,train,"10.60s in [5.0, 30.0]"
4345,./audio/4345.wav,./audio/ref_voice/alienkevin.wav,"去做過Europe嘅Interrail, 真係一個unforgettable嘅經驗。",8.192,kept,train,"8.19s in [5.0, 30.0]"
4346,./audio/4346.wav,./audio/ref_voice/alienkevin.wav,打算下一次去US做road trip，一定要驗證下Route 66有幾 legendary.,9.9414,kept,train,"9.94s in [5.0, 30.0]"
4347,./audio/4347.wav,./audio/ref_voice/alienkevin.wav,如果你愛wildlife，一定要去下Africa嘅Safari trip，你會見到well-protected嘅動物，整個經驗非常thrilling.,13.056,kept,train,"13.06s in [5.0, 30.0]"
4348,./audio/4348.wav,./audio/ref_voice/alienkevin.wav,我喺Italy見到嘅architecture，是我見過最impressive嘅，特別係Rome.,6.123,kept,train,"6.12s in [5.0, 30.0]"
4349,./audio/4349.wav,./audio/ref_voice/alienkevin.wav,我喺Maldives度假，坐喺clear blue water嘅上面，真係感到有好多serenity.,12.288,kept,train,"12.29s in [5.0, 30.0]"
4350,./audio/4350.wav,./audio/ref_voice/alienkevin.wav,Paris嘅Eiffel Tower，深夜嘅lights show值得你睇，感覺非常romantic.,7.872,kept,train,"7.87s in [5.0, 30.0]"
4351,./audio/4351.wav,./audio/ref_voice/alienkevin.wav,去過Thailand嘅Full Moon Party，music同party vibes真喺awesome.,6.5494,kept,train,"6.55s in [5.0, 30.0]"
4352,./audio/4352.wav,./audio/ref_voice/alienkevin.wav,我會推介你去Turkey熱气球飛行，你會見到最breathtaking嘅風景。,6.5494,kept,train,"6.55s in [5.0, 30.0]"
4353,./audio/4353.wav,./audio/ref_voice/alienkevin.wav,去唱K好舒服，特別係當我唱翻我最鍾意嘅pop song時，感覺真係好爽!,7.3387,kept,train,"7.34s in [5.0, 30.0]"
4354,./audio/4354.wav,./audio/ref_voice/alienkevin.wav,上個禮拜去咗一間搞smash room嘅地方，真係太好玩，放鬆咗好多，我想下次我再去我會揀電視機嚟smash.,10.9867,kept,eval,"10.99s in [5.0, 30.0]"
4355,./audio/4355.wav,./audio/ref_voice/alienkevin.wav,我對Netflix真係有啲情有獨鍾，嗰度有咁多我鐘意嘅drama and movie，每晚都陪住我度過.,8.5547,kept,train,"8.55s in [5.0, 30.0]"
4356,./audio/4356.wav,./audio/ref_voice/alienkevin.wav,"最近迷上咗玩video game，特別係The Last of Us,個story真係好吸引.",5.9094,kept,train,"5.91s in [5.0, 30.0]"
4357,./audio/4357.wav,./audio/ref_voice/alienkevin.wav,今年嘅concert因為pandemic取消咗，我真係好掛住現場嘅氣氛和live music.,7.1894,kept,train,"7.19s in [5.0, 30.0]"
4358,./audio/4358.wav,./audio/ref_voice/alienkevin.wav,睇K-drama真係最放鬆唔過，我最愛嘅係那部'Crash Landing on You'，真係好感人.,9.6214,kept,train,"9.62s in [5.0, 30.0]"
4359,./audio/4359.wav,./audio/ref_voice/alienkevin.wav,週末我同朋友去跳舞嘅時候，DJ放咗一首我最愛嘅EDM，我們party到天亮.,9.408,kept,train,"9.41s in [5.0, 30.0]"
4360,./audio/4360.wav,./audio/ref_voice/alienkevin.wav,最近我開始學習hip hop dance，每一個move都需要好多practice，但我覺得好有成就感.,9.5574,kept,train,"9.56s in [5.0, 30.0]"
4361,./audio/4361.wav,./audio/ref_voice/alienkevin.wav,"我兄弟最近叫我玩一個叫做'Among Us'嘅game，我發現好似我比我兄弟更加搞掂咋!"" ",10.4747,kept,train,"10.47s in [5.0, 30.0]"
4362,./audio/4362.wav,./audio/ref_voice/alienkevin.wav,有時我會幻想自己係一個rock star，喺萬眾矚目嘅燈光之下，吉他嘅音樂盡情揮灑.,10.6667,kept,train,"10.67s in [5.0, 30.0]"
4363,./audio/4363.wav,./audio/ref_voice/alienkevin.wav,足球team要想贏泥就要喺offense同defense兩方面都控制得好，一個小小的mistake都可能改變整個比賽嘅結果。,13.3334,kept,train,"13.33s in [5.0, 30.0]"
4364,./audio/4364.wav,./audio/ref_voice/alienkevin.wav,泳隊training嘅時候，大家唔單止要專注提高速度，還要持續improve自己喺水裡嘅stamina。,9.92,kept,train,"9.92s in [5.0, 30.0]"
4365,./audio/4365.wav,./audio/ref_voice/alienkevin.wav,羽毛球player要立足於比賽中，喺攻守轉換之間必須充分利用speed同agility。,9.8774,kept,train,"9.88s in [5.0, 30.0]"
4366,./audio/4366.wav,./audio/ref_voice/alienkevin.wav,爬山除咗會improve心肺功能外，仲減少了sitting呢種sedentary lifestyle帶來嘅negative impact。,11.776,kept,eval,"11.78s in [5.0, 30.0]"
4367,./audio/4367.wav,./audio/ref_voice/alienkevin.wav,做瑜伽keep fit唔止對body好，仲可以boost你嘅mood同埋減低壓力嘅level。,8.7254,kept,train,"8.73s in [5.0, 30.0]"
4368,./audio/4368.wav,./audio/ref_voice/alienkevin.wav,喺練習爵士舞之前，我哋建議先做一啲warm up嘅exercise，咁就可以防止muscle injury。”,7.851,kept,train,"7.85s in [5.0, 30.0]"
4369,./audio/4369.wav,./audio/ref_voice/alienkevin.wav,慢跑喺一種低intensity嘅cardio運動，對於想keep fit嘅朋友都喺一個好選擇。,12.0107,kept,train,"12.01s in [5.0, 30.0]"
4370,./audio/4370.wav,./audio/ref_voice/alienkevin.wav,喺籃球比賽中，teamwork同communication喺決定勝負嘅重要factor之一。,5.9094,kept,train,"5.91s in [5.0, 30.0]"
4371,./audio/4371.wav,./audio/ref_voice/alienkevin.wav,訓練足球技術嘅時候，唔好忽視左策略性嘅training，例如了解對手，理解比賽嘅tactic等。,10.5174,kept,train,"10.52s in [5.0, 30.0]"
4372,./audio/4372.wav,./audio/ref_voice/alienkevin.wav,乒乓球player要想贏泥就要improve自己voiely球嘅技術，而且還要有一個強度大同速度快嘅serve。,16.8534,kept,train,"16.85s in [5.0, 30.0]"
4373,./audio/4373.wav,./audio/ref_voice/alienkevin.wav,香港嘅air pollution問題日益嚴重，我哋需要更有綠色嘅lifestyle，例如多d使用public transport同recycle廢物。,11.1787,kept,train,"11.18s in [5.0, 30.0]"
4374,./audio/4374.wav,./audio/ref_voice/alienkevin.wav,最近嘅中學DSE考試好多壓力，政府應該enforce mental health education啦，幫助學生deal with stress，唔好淨係foc…,13.8667,kept,train,"13.87s in [5.0, 30.0]"
4375,./audio/4375.wav,./audio/ref_voice/alienkevin.wav,香港嘅housing issue已經實在太嚴重，政府需要take action，例如建立更多affordable housing，幫助度低收入嘅市民。,13.611,kept,train,"13.61s in [5.0, 30.0]"
4376,./audio/4376.wav,./audio/ref_voice/alienkevin.wav,唔少香港市民對政府嘅transparency有疑問，相信政府需要increase transparency同accountability來重獲公眾信任。,11.307,kept,train,"11.31s in [5.0, 30.0]"
4377,./audio/4377.wav,./audio/ref_voice/alienkevin.wav,本地嘅tax system已經需要改革，我哋需要透過implement progressive tax，令富有嘅人士pay more taxes，減低貧富差距。,11.1787,kept,train,"11.18s in [5.0, 30.0]"
4378,./audio/4378.wav,./audio/ref_voice/alienkevin.wav,新型冠状病毒疫情令香港嘅economic situation雪上加霜，政府需要provide financial support，例如派錢或提供低息貸款，幫助市…,16.192,kept,train,"16.19s in [5.0, 30.0]"
4379,./audio/4379.wav,./audio/ref_voice/alienkevin.wav,香港嘅未來需要靠technology驅動，政府需要continue to invest in technology嘅education，裝備下一代迎戰digit…,13.9947,kept,train,"13.99s in [5.0, 30.0]"
4380,./audio/4380.wav,./audio/ref_voice/alienkevin.wav,我哋嘅civil rights受到威脅，政府應該take steps to protect嘅freedom of speech同human rights，保障香…,16.6187,kept,train,"16.62s in [5.0, 30.0]"
4381,./audio/4381.wav,./audio/ref_voice/alienkevin.wav,香港人口老化問題係一項大挑戰，我哋需要加強建設elderly homes同提高retirement benefits，關注長者福利。,12.416,kept,train,"12.42s in [5.0, 30.0]"
4382,./audio/4382.wav,./audio/ref_voice/alienkevin.wav,環保問題已經係全球焦點，香港需要implement sustainable practices，例如減少塑膠垃圾同增加renewable energy嘅使用。,15.7227,kept,train,"15.72s in [5.0, 30.0]"
4383,./audio/4383.wav,./audio/ref_voice/alienkevin.wav,我通常都會去Causeway Bay嘅department store找衫，個度嘅品牌好多元化，總會揾到心頭好。,12.8,kept,train,"12.80s in [5.0, 30.0]"
4384,./audio/4384.wav,./audio/ref_voice/alienkevin.wav,我成日去Ladies' Market買咗啲vintage accessories，真係unique到無得再unique。,7.851,kept,train,"7.85s in [5.0, 30.0]"
4385,./audio/4385.wav,./audio/ref_voice/alienkevin.wav,喺Admiralty嘅Pacific Place shopping，感覺好高級，好enjoy個购物环境。,5.8454,kept,train,"5.85s in [5.0, 30.0]"
4386,./audio/4386.wav,./audio/ref_voice/alienkevin.wav,我返工之前會去荔枝角嘅outlet買下午茶，好方便又便宜。,6.336,kept,train,"6.34s in [5.0, 30.0]"
4387,./audio/4387.wav,./audio/ref_voice/alienkevin.wav,I.T喺我最愛嘅fashion brand，每季都有新品，仲有好多designer collection可以揀。,8.384,kept,train,"8.38s in [5.0, 30.0]"
4388,./audio/4388.wav,./audio/ref_voice/alienkevin.wav,我鍾意喺Tsim Sha Tsui嘅mall度買cosmetics，個度嘅選擇好多，又有好多新品試。,10.304,kept,train,"10.30s in [5.0, 30.0]"
4389,./audio/4389.wav,./audio/ref_voice/alienkevin.wav,去元朗嘅Plaza睇下有咩新嘅handbag出，每次都有驚喜發現。,7.8934,kept,train,"7.89s in [5.0, 30.0]"
4390,./audio/4390.wav,./audio/ref_voice/alienkevin.wav,我每個月都會去Jordan嘅supermarket買groceries，佢哋嘅fresh food選擇好豐富。,9.152,kept,train,"9.15s in [5.0, 30.0]"
4391,./audio/4391.wav,./audio/ref_voice/alienkevin.wav,我星期六會去Tsuen Wan嘅bookshop買新書，一個好relax嘅weekend activity。,7.808,kept,train,"7.81s in [5.0, 30.0]"
4392,./audio/4392.wav,./audio/ref_voice/alienkevin.wav,我下次會去Kwai Chung嘅factory outlet買運動裝備，個優惠好吸引。,6.6134,kept,train,"6.61s in [5.0, 30.0]"
4393,./audio/4393.wav,./audio/ref_voice/alienkevin.wav,如果你有passion去學習，咁你就會發現learning process變得好輕鬆。,5.8454,kept,train,"5.85s in [5.0, 30.0]"
4394,./audio/4394.wav,./audio/ref_voice/alienkevin.wav,唔好因為failure就give up，反而要從中學習，下次do it better。,5.2267,kept,train,"5.23s in [5.0, 30.0]"
4395,./audio/4395.wav,./audio/ref_voice/alienkevin.wav,我哋應該embrace當下，好好utilize時間去學習。,4.416,too_short,n/a,4.42s < 5.0
4396,./audio/4396.wav,./audio/ref_voice/alienkevin.wav,永遠唔要underestimate自己嘅learning potential，只要你去嘗試，你會驚嘆於你自己能做到嘅事。,9.8987,kept,train,"9.90s in [5.0, 30.0]"
4397,./audio/4397.wav,./audio/ref_voice/alienkevin.wav,學習新嘢冇shortcut，要通過不斷嘅practice和consistency。,5.6107,kept,train,"5.61s in [5.0, 30.0]"
4398,./audio/4398.wav,./audio/ref_voice/alienkevin.wav,唔係所有嘅學習都需要在classroom中完成，real-life experience同樣可以帶嚟很多insights。,8.5974,kept,train,"8.60s in [5.0, 30.0]"
4399,./audio/4399.wav,./audio/ref_voice/alienkevin.wav,學習就像係一條journey，係過程中，你會學到多過目的地嘅知識。,10.9227,kept,train,"10.92s in [5.0, 30.0]"
4400,./audio/4400.wav,./audio/ref_voice/alienkevin.wav,運用你所學到嘅知識去impact你嘅生活，make a difference等於你真正吸收咗學習嘅東西。,9.728,kept,eval,"9.73s in [5.0, 30.0]"
4401,./audio/4401.wav,./audio/ref_voice/alienkevin.wav,學習同try new things都好重要，永遠保持好奇心，咁就冇咩會阻礙到你嘅學習。,9.152,kept,train,"9.15s in [5.0, 30.0]"
4402,./audio/4402.wav,./audio/ref_voice/alienkevin.wav,學習係一個continuous process，唔應該因為畢業就停止學習。不論幾大年紀，我哋都應keep learning。,9.687,kept,eval,"9.69s in [5.0, 30.0]"
4403,./audio/4403.wav,./audio/ref_voice/alienkevin.wav,"Problem Solving, 解决问题，遇挫不退，才能步步向前。",4.2027,too_short,n/a,4.20s < 5.0
4404,./audio/4404.wav,./audio/ref_voice/alienkevin.wav,"Creativity, 创新思维，有革新，业绩才飘红。",3.243,too_short,n/a,3.24s < 5.0
4405,./audio/4405.wav,./audio/ref_voice/alienkevin.wav,"Multitasking, 多任务处理，一心多用，事半功倍。",3.7974,too_short,n/a,3.80s < 5.0
4406,./audio/4406.wav,./audio/ref_voice/alienkevin.wav,"Teamwork, 团队协作，众人拾柴火焰高。",4.6934,too_short,n/a,4.69s < 5.0
4407,./audio/4407.wav,./audio/ref_voice/alienkevin.wav,"Leadership, 领导能力，引领队伍，走向胜利之路。",4.2027,too_short,n/a,4.20s < 5.0
4408,./audio/4408.wav,./audio/ref_voice/alienkevin.wav,"Communication, 交流能力，互传信息，事情才不会歧路。",4.5654,too_short,n/a,4.57s < 5.0
4409,./audio/4409.wav,./audio/ref_voice/alienkevin.wav,"Flexibility, 灵活变通，适应变化，前路才会宽广。",4.395,too_short,n/a,4.39s < 5.0
4410,./audio/4410.wav,./audio/ref_voice/alienkevin.wav,"Technical Skills, 技术能力，科技前沿，开拓新格局。",5.0347,kept,train,"5.03s in [5.0, 30.0]"
4411,./audio/4411.wav,./audio/ref_voice/alienkevin.wav,"Dedication, 敬业奉献，心无旁骛，步步为赢。",5.8454,kept,train,"5.85s in [5.0, 30.0]"
4412,./audio/4412.wav,./audio/ref_voice/alienkevin.wav,"Attention to Detail, 对细节的关注，重视细小，成就大事。",4.16,too_short,n/a,4.16s < 5.0
4413,./audio/4413.wav,./audio/ref_voice/alienkevin.wav,"Reliability, 可靠稳定，言出必行，建立信任。",4.8854,too_short,n/a,4.89s < 5.0
4414,./audio/4414.wav,./audio/ref_voice/alienkevin.wav,feel到今日嘅sunshine挺warm，真係very comfortable。,4.4374,too_short,n/a,4.44s < 5.0
4415,./audio/4415.wav,./audio/ref_voice/alienkevin.wav,呢陣rain瞓得好大聲，like a thunderstorm咁。,3.52,too_short,n/a,3.52s < 5.0
4416,./audio/4416.wav,./audio/ref_voice/alienkevin.wav,門外嚟咗個big wind，好似typhoon將至咁。,3.5627,too_short,n/a,3.56s < 5.0
4417,./audio/4417.wav,./audio/ref_voice/alienkevin.wav,今日weather好好，整日都係sunny咁。,2.432,too_short,n/a,2.43s < 5.0
4418,./audio/4418.wav,./audio/ref_voice/alienkevin.wav,今日hazy天，空氣quality有d差，feel到好stuffiness。,3.1574,too_short,n/a,3.16s < 5.0
4419,./audio/4419.wav,./audio/ref_voice/alienkevin.wav,昨晚moonlight好明亮，好似full moon咁。,2.752,too_short,n/a,2.75s < 5.0
4420,./audio/4420.wav,./audio/ref_voice/alienkevin.wav,好興奮嚟緊weekend嘅weather forecast話會snow。,2.4747,too_short,n/a,2.47s < 5.0
4421,./audio/4421.wav,./audio/ref_voice/alienkevin.wav,今日d天好blue，well spent day喎。,2.667,too_short,n/a,2.67s < 5.0
4422,./audio/4422.wav,./audio/ref_voice/alienkevin.wav,今日d雲就like candy floss咁，好潔白。,2.56,too_short,n/a,2.56s < 5.0
4423,./audio/4423.wav,./audio/ref_voice/alienkevin.wav,聽日嘅weather準備下雨，我的umbrella都準備好喇。,3.6694,too_short,n/a,3.67s < 5.0
4424,./audio/4424.wav,./audio/ref_voice/alienkevin.wav,臘腸糯米飯裡面嘅meaty and savoury sausage，配上sticky rice簡直係perfect match喎！,5.0987,kept,eval,"5.10s in [5.0, 30.0]"
4425,./audio/4425.wav,./audio/ref_voice/alienkevin.wav,豆腐花嘅silky smooth texture吃落去真係好comforting，加上點糖蜜，甜度just right!,5.3334,kept,train,"5.33s in [5.0, 30.0]"
4426,./audio/4426.wav,./audio/ref_voice/alienkevin.wav,燒賣皮薄肉優，嗰個juicy pork and shrimp filling真係吃落去好有satisfaction!,4.608,too_short,n/a,4.61s < 5.0
4427,./audio/4427.wav,./audio/ref_voice/alienkevin.wav,烤鴨肉juicy同crisp skin，配上hoisin sauce，係一種lingering delight喎！,5.0347,kept,train,"5.03s in [5.0, 30.0]"
4428,./audio/4428.wav,./audio/ref_voice/alienkevin.wav,龍蝦意面嘅succulent lobster和al dente noodles，唔怪得大家都love it!,4.5227,too_short,n/a,4.52s < 5.0
4429,./audio/4429.wav,./audio/ref_voice/alienkevin.wav,脆皮烤豬一咬落去，crunchy skin 同 tender meat 真係好addictive嘅搭配!,4.6507,too_short,n/a,4.65s < 5.0
4430,./audio/4430.wav,./audio/ref_voice/alienkevin.wav,燒腩片嘅crispy fat layer加上嗰股juicy meat，配上fragrant rice，真係好滿足!,5.6747,kept,train,"5.67s in [5.0, 30.0]"
4431,./audio/4431.wav,./audio/ref_voice/alienkevin.wav,廣式糖水每一種味道都好unique，每一口都有嗰種sweet and refreshing嘅感覺!,4.672,too_short,n/a,4.67s < 5.0
4432,./audio/4432.wav,./audio/ref_voice/alienkevin.wav,"菠蘿包嘅soft and fluffy texture，配上嗰layer of crunchy topping，真係好satisfying!"" ",4.7147,too_short,n/a,4.71s < 5.0
4433,./audio/4433.wav,./audio/ref_voice/alienkevin.wav,芒果布甸嘅creamy and fruity taste，夏天食簡直係cool down喎!,4.224,too_short,n/a,4.22s < 5.0
4434,./audio/4434.wav,./audio/ref_voice/alienkevin.wav,一齊去Greece嘅Santorini，到咗晚上可以仲可以係Roof top 睇最美嘅sunset.,4.7787,too_short,n/a,4.78s < 5.0
4435,./audio/4435.wav,./audio/ref_voice/alienkevin.wav,要去Australia，記得一定要去Great Barrier Reef做潛水，那當然係non-negotiable的啦.,6.5067,kept,train,"6.51s in [5.0, 30.0]"
4436,./audio/4436.wav,./audio/ref_voice/alienkevin.wav,如果係秋天去日本，去Kyoto睇紅葉真係must do嘅活動.,4.0107,too_short,n/a,4.01s < 5.0
4437,./audio/4437.wav,./audio/ref_voice/alienkevin.wav,我好中意New York，個city真係never sleeps，咩都有得玩，你想嘅到佢都有.,4.864,too_short,n/a,4.86s < 5.0
4438,./audio/4438.wav,./audio/ref_voice/alienkevin.wav,喺Italy，我最愛嘅就係Venice，坐gondola穿梭喺narrow canals，感覺好像係童話裏面.,6.8907,kept,eval,"6.89s in [5.0, 30.0]"
4439,./audio/4439.wav,./audio/ref_voice/alienkevin.wav,點可以唔去Egypt朝聖下Great Pyramids? 那簡直係wonder of the world.,6.144,kept,train,"6.14s in [5.0, 30.0]"
4440,./audio/4440.wav,./audio/ref_voice/alienkevin.wav,如果你鐘意hiking，去US的Grand Canyon肯定會讓你大开眼界.,4.1387,too_short,n/a,4.14s < 5.0
4441,./audio/4441.wav,./audio/ref_voice/alienkevin.wav,係紐西蘭，去Hobbiton參觀下Middle Earth，對Lord of the Rings嘅fans就完全係一種treat.,6.5707,kept,train,"6.57s in [5.0, 30.0]"
4442,./audio/4442.wav,./audio/ref_voice/alienkevin.wav,你去過Thailand嘅Bangkok咩? 那個night market簡直係shopping paradise.,4.9067,too_short,n/a,4.91s < 5.0
4443,./audio/4443.wav,./audio/ref_voice/alienkevin.wav,係南極，睇下Penguins正正就係lifetime experience.,4.224,too_short,n/a,4.22s < 5.0
4444,./audio/4444.wav,./audio/ref_voice/alienkevin.wav,我最近開始上yoga class，真係太好玩了，教練都好professional，每次做完我都感到好relaxed.,7.9787,kept,train,"7.98s in [5.0, 30.0]"
4445,./audio/4445.wav,./audio/ref_voice/alienkevin.wav,今日同朋友一齊去睇咗最新果部Marvel movie，嗰啲特效真係太cool了，絕對係今年最佳嘅電影.,6.4214,kept,train,"6.42s in [5.0, 30.0]"
4446,./audio/4446.wav,./audio/ref_voice/alienkevin.wav,我朋友邀請我去一個live music concert，第一次聽咁嘅local band表演，真係好impressive.,5.9307,kept,train,"5.93s in [5.0, 30.0]"
4447,./audio/4447.wav,./audio/ref_voice/alienkevin.wav,我睇完K-drama '愛的迫降'之後，就迷上咗韓劇，就算有時唔識得幾多嘅韓語，都可以look forward to subtitles.,6.464,kept,train,"6.46s in [5.0, 30.0]"
4448,./audio/4448.wav,./audio/ref_voice/alienkevin.wav,去weekend trip嘅時候，我去咗海洋公園，我們喺度玩咗好多roller coaster，個experience真係太exciting!,6.976,kept,train,"6.98s in [5.0, 30.0]"
4449,./audio/4449.wav,./audio/ref_voice/alienkevin.wav,我買咗個VR headset，而家玩game就好似真係咁喺嗰個世界度，簡直係一個game changer.,5.3974,kept,train,"5.40s in [5.0, 30.0]"
4450,./audio/4450.wav,./audio/ref_voice/alienkevin.wav,我同朋友一齊嘅karaoke night就係最好嘅stress relief，我最喜歡唱Taylor Swift嘅歌曲，每次唱都好happy.,7.2107,kept,train,"7.21s in [5.0, 30.0]"
4451,./audio/4451.wav,./audio/ref_voice/alienkevin.wav,雖然依 crib好細，但自從裝咗個home theater，之後每晚都可以enjoy high-quality嘅movie night.,7.6587,kept,train,"7.66s in [5.0, 30.0]"
4452,./audio/4452.wav,./audio/ref_voice/alienkevin.wav,我上網買咗一部新嘅guitar，雖然學得唔係好快，但我仍然enjoy learning，希望一日可以成為大家嘅music star.,6.5067,kept,train,"6.51s in [5.0, 30.0]"
4453,./audio/4453.wav,./audio/ref_voice/alienkevin.wav,我真係好鐘意玩Fortnite，時常我都會online和朋友一齊進行multiplayer，完全可以experience彼此嘅teamwork.,7.5094,kept,train,"7.51s in [5.0, 30.0]"
4454,./audio/4454.wav,./audio/ref_voice/alienkevin.wav,踢足球嘅時候，每個player需要學識怎樣去control佢嘅球同定位佢嘅pass。,6.8267,kept,train,"6.83s in [5.0, 30.0]"
4455,./audio/4455.wav,./audio/ref_voice/alienkevin.wav,"游水運動員要提高佢哋嘅endurance, 同時練習佢哋嘅swim stroke嘅形態，使水阻變小，速度加快。",7.232,kept,train,"7.23s in [5.0, 30.0]"
4456,./audio/4456.wav,./audio/ref_voice/alienkevin.wav,跑步運動員需要保持佢哋嘅stamina，同埋必須improve佢哋嘅speed同time。,5.0987,kept,train,"5.10s in [5.0, 30.0]"
4457,./audio/4457.wav,./audio/ref_voice/alienkevin.wav,"做yoga唔只需要focus喺佢嘅flexibility, 同埋需要去control佢嘅呼吸，幫助達到更大嘅relaxation效果。",5.8027,kept,eval,"5.80s in [5.0, 30.0]"
4458,./audio/4458.wav,./audio/ref_voice/alienkevin.wav,啲網球player要學識 balance佢哋嘅力量同精準，去提高佢哋嘅serve嘅效果。,4.992,too_short,n/a,4.99s < 5.0
4459,./audio/4459.wav,./audio/ref_voice/alienkevin.wav,偏重力量嘅運動，例如舉重，需要重點improve嘅係你嘅technique同power，同埋保持你肌肉嘅flexibility。,6.656,kept,train,"6.66s in [5.0, 30.0]"
4460,./audio/4460.wav,./audio/ref_voice/alienkevin.wav,"籃球player需要提升佢哋嘅dribbling技巧, shooting同防守等各種技能嚟提升佢哋嘅遊戲表現。",5.2907,kept,train,"5.29s in [5.0, 30.0]"
4461,./audio/4461.wav,./audio/ref_voice/alienkevin.wav,如果你想玩好高爾夫球，你需要專注埋力量、準確性，同埋你嘅swing技巧。,3.968,too_short,n/a,3.97s < 5.0
4462,./audio/4462.wav,./audio/ref_voice/alienkevin.wav,做gymnastics嘅時候，flexibility、strength同balance一樣咁重要，但最重要嘅係維持佢嘅consistency。,6.0587,kept,train,"6.06s in [5.0, 30.0]"
4463,./audio/4463.wav,./audio/ref_voice/alienkevin.wav,打桌球需要注意球拍嘅angle同你嘅timing，先可以打到一個好嘅shot。,4.1387,too_short,n/a,4.14s < 5.0
4464,./audio/4464.wav,./audio/ref_voice/alienkevin.wav,政府應該加強推動sustainable development，選擇用renewable energy，減少對環境嘅impact。,6.9974,kept,train,"7.00s in [5.0, 30.0]"
4465,./audio/4465.wav,./audio/ref_voice/alienkevin.wav,香港嘅housing problem持續惡化，政府需要speed up住屋供應，同時改善public housing嘅living conditions。,6.528,kept,train,"6.53s in [5.0, 30.0]"
4466,./audio/4466.wav,./audio/ref_voice/alienkevin.wav,我哋需要質疑嘅係，政府嘅education system究竟能否nurture出真正符合21世紀需求嘅人才呢？,7.04,kept,train,"7.04s in [5.0, 30.0]"
4467,./audio/4467.wav,./audio/ref_voice/alienkevin.wav,香港嘅healthcare system面臨巨大壓力，基層市民對affordable healthcare嘅需求愈來愈大。,4.971,too_short,n/a,4.97s < 5.0
4468,./audio/4468.wav,./audio/ref_voice/alienkevin.wav,政府倚賴land sales嘅revenue，但呢種短視嘅financial strategy深化咗香港嘅wealth gap。,5.7174,kept,train,"5.72s in [5.0, 30.0]"
4469,./audio/4469.wav,./audio/ref_voice/alienkevin.wav,政府需要提供更多support給予本地中小型企業，體現support local揾人工嘅價值。,6.4854,kept,train,"6.49s in [5.0, 30.0]"
4470,./audio/4470.wav,./audio/ref_voice/alienkevin.wav,面對低收入家庭嘅需求，政府應該增加welfare payment，以alleviate poverty。,7.04,kept,train,"7.04s in [5.0, 30.0]"
4471,./audio/4471.wav,./audio/ref_voice/alienkevin.wav,香港需要有independent judiciary，確保保護公眾嘅rights and freedoms唔會被侵犯。,6.231,kept,train,"6.23s in [5.0, 30.0]"
4472,./audio/4472.wav,./audio/ref_voice/alienkevin.wav,將廣東話唯一嘅official language換成普通話，並唔符合香港嘅linguistic diversity同社區嘅needs.,5.6107,kept,train,"5.61s in [5.0, 30.0]"
4473,./audio/4473.wav,./audio/ref_voice/alienkevin.wav,警方應當保護市民嘅protest rights，唔應該用excessive force去對待示威者。,5.312,kept,train,"5.31s in [5.0, 30.0]"
4474,./audio/4474.wav,./audio/ref_voice/alienkevin.wav,今日去Tsim Sha Tsui嘅Harbour City，買咗一個最新款嘅sneakers，好满意呀。,4.0107,too_short,n/a,4.01s < 5.0
4475,./audio/4475.wav,./audio/ref_voice/alienkevin.wav,我鍾意去Causeway Bay嘅Fashion Walk攞sweater，好舒服又保暖。,4.032,too_short,n/a,4.03s < 5.0
4476,./audio/4476.wav,./audio/ref_voice/alienkevin.wav,去灣仔嘅電腦商場買咗部最新款嘅iPhone，好靚，功能都好強大。,3.4347,too_short,n/a,3.43s < 5.0
4477,./audio/4477.wav,./audio/ref_voice/alienkevin.wav,每次去旺角嘅Langham Place都會逛下Zara，時裝款式更新得好快，好過癮。,6.592,kept,train,"6.59s in [5.0, 30.0]"
4478,./audio/4478.wav,./audio/ref_voice/alienkevin.wav,Stanley Market喺我買souvenirs嘅首選地點，好多特色商店可以揀。,4.5654,too_short,n/a,4.57s < 5.0
4479,./audio/4479.wav,./audio/ref_voice/alienkevin.wav,Mong Kok嘅花園街係我買運動裝備嘅好去處，款式多又有平。,4.0534,too_short,n/a,4.05s < 5.0
4480,./audio/4480.wav,./audio/ref_voice/alienkevin.wav,我鍾意去中环嘅IFC Mall，裡邊嘅店舖好high end，好多時有特價優惠。,5.655,kept,train,"5.65s in [5.0, 30.0]"
4481,./audio/4481.wav,./audio/ref_voice/alienkevin.wav,去尖沙咀嘅美麗華商場，總會買到我鍾意嘅makeup品牌。,4.48,too_short,n/a,4.48s < 5.0
4482,./audio/4482.wav,./audio/ref_voice/alienkevin.wav,我成日去銅鑼灣嘅SOGO Department Store，而家佢哋有新season嘅商品上架，好吸引!,6.656,kept,train,"6.66s in [5.0, 30.0]"
4483,./audio/4483.wav,./audio/ref_voice/alienkevin.wav,長沙灣嘅荔枝角公園購物中心係我買平價furniture嘅好地方，物美價廉。,5.079,kept,train,"5.08s in [5.0, 30.0]"
4484,./audio/4484.wav,./audio/ref_voice/alienkevin.wav,唔好只是focus喺result，最緊要嘅係enjoy學習嘅process。,5.184,kept,train,"5.18s in [5.0, 30.0]"
4485,./audio/4485.wav,./audio/ref_voice/alienkevin.wav,唔需要比較，每個人嘅learning pace都唔同。,2.24,too_short,n/a,2.24s < 5.0
4486,./audio/4486.wav,./audio/ref_voice/alienkevin.wav,無論遇到咩困難，都要keep going，唔好放棄。,2.2187,too_short,n/a,2.22s < 5.0
4487,./audio/4487.wav,./audio/ref_voice/alienkevin.wav,學習嘅過程可能會challenging，但唔怕，因為咁你就會grow up。,3.351,too_short,n/a,3.35s < 5.0
4488,./audio/4488.wav,./audio/ref_voice/alienkevin.wav,唔好覺得學習係負擔，其實佢係一種investment for your future。,4.3307,too_short,n/a,4.33s < 5.0
4489,./audio/4489.wav,./audio/ref_voice/alienkevin.wav,Believe in yourself，你都可以handle好所有學習嘅challenge。,3.2,too_short,n/a,3.20s < 5.0
4490,./audio/4490.wav,./audio/ref_voice/alienkevin.wav,唔好總係stick喺comfort zone，要勇於explore新知識。,3.1574,too_short,n/a,3.16s < 5.0
4491,./audio/4491.wav,./audio/ref_voice/alienkevin.wav,學習嘅過程，唔只係吸收knowledge，更重要嘅係學識critical thinking。,4.032,too_short,n/a,4.03s < 5.0
4492,./audio/4492.wav,./audio/ref_voice/alienkevin.wav,學習唔會一早成功，需要time and patience。,2.5387,too_short,n/a,2.54s < 5.0
4493,./audio/4493.wav,./audio/ref_voice/alienkevin.wav,唔好怕make mistake，因為努力嘅人最終都會得到reward。,3.904,too_short,n/a,3.90s < 5.0
4494,./audio/4494.wav,./audio/ref_voice/alienkevin.wav,"Time management, 时间管理，珍惜分秒，效率飞迈。",3.6267,too_short,n/a,3.63s < 5.0
4495,./audio/4495.wav,./audio/ref_voice/alienkevin.wav,"Teamwork, 团队合作，齐心协力，共创辉煌。",3.0934,too_short,n/a,3.09s < 5.0
4496,./audio/4496.wav,./audio/ref_voice/alienkevin.wav,"Project management, 项目管理，有条不紊，事半功倍。",5.2694,kept,train,"5.27s in [5.0, 30.0]"
4497,./audio/4497.wav,./audio/ref_voice/alienkevin.wav,"Customer Service, 客户服务，以客为尊，服务至上。",3.904,too_short,n/a,3.90s < 5.0
4498,./audio/4498.wav,./audio/ref_voice/alienkevin.wav,"Self-motivation, 自我激励，自力更生，永不言败。",3.328,too_short,n/a,3.33s < 5.0
4499,./audio/4499.wav,./audio/ref_voice/alienkevin.wav,"Leadership, 领导力，带领团队，一往无前。",2.816,too_short,n/a,2.82s < 5.0
4500,./audio/4500.wav,./audio/ref_voice/alienkevin.wav,"Critical Thinking, 批判性思考，洞察瞬间，触动心弦。",4.224,too_short,n/a,4.22s < 5.0
4501,./audio/4501.wav,./audio/ref_voice/alienkevin.wav,"Decision making, 决策制定，审慎决定，方能长久。",6.336,kept,train,"6.34s in [5.0, 30.0]"
4502,./audio/4502.wav,./audio/ref_voice/alienkevin.wav,"Negotiating, 商务谈判，以诚相待，达成共识。",4.0534,too_short,n/a,4.05s < 5.0
4503,./audio/4503.wav,./audio/ref_voice/alienkevin.wav,"Communication skills, 沟通技巧，娓娓而谈，洞悉人心。",3.84,too_short,n/a,3.84s < 5.0
4504,./audio/4504.wav,./audio/ref_voice/alienkevin.wav,呢場rain shower真係太refreshing，整個air都clear晒。,5.12,kept,train,"5.12s in [5.0, 30.0]"
4505,./audio/4505.wav,./audio/ref_voice/alienkevin.wav,今朝d sunrise就係好sharp嘅orange，好似杯cocktail咁。,4.928,too_short,n/a,4.93s < 5.0
4506,./audio/4506.wav,./audio/ref_voice/alienkevin.wav,唔好講，今日d温度真係drop到好freezing!,4.4374,too_short,n/a,4.44s < 5.0
4507,./audio/4507.wav,./audio/ref_voice/alienkevin.wav,好熱呀，好似sauna room咁，冇風blow又無air-con，真係熱sweat喇。,6.1867,kept,train,"6.19s in [5.0, 30.0]"
4508,./audio/4508.wav,./audio/ref_voice/alienkevin.wav,果陣見到d rainbow就已經知道雨足stop嘅，天氣真係unpredictable。,5.952,kept,train,"5.95s in [5.0, 30.0]"
4509,./audio/4509.wav,./audio/ref_voice/alienkevin.wav,涼風有時吹，天空all clear，真係好靚嘅autumn weather。,6.016,kept,train,"6.02s in [5.0, 30.0]"
4510,./audio/4510.wav,./audio/ref_voice/alienkevin.wav,望吓天氣app話話今晚會有meteor shower，仲有chance睇到shooting star呢!,5.8667,kept,train,"5.87s in [5.0, 30.0]"
4511,./audio/4511.wav,./audio/ref_voice/alienkevin.wav,冇晒sunlight，整個天黑晒，呢種overcast天氣真係好depressing。,5.5894,kept,train,"5.59s in [5.0, 30.0]"
4512,./audio/4512.wav,./audio/ref_voice/alienkevin.wav,今晚moon好圓好white，就like一個大餅咁懸係空中。,5.632,kept,train,"5.63s in [5.0, 30.0]"
4513,./audio/4513.wav,./audio/ref_voice/alienkevin.wav,demo天氣孤又hot又humid，我喺度好似溶咗咁。,4.9494,too_short,n/a,4.95s < 5.0
4514,./audio/4514.wav,./audio/ref_voice/alienkevin.wav,叉燒嘅savoury味道加上嗰股sweet honey glaze，配上白飯，真係令人忍不住想多嚟幾碟呀！,8.4694,kept,train,"8.47s in [5.0, 30.0]"
4515,./audio/4515.wav,./audio/ref_voice/alienkevin.wav,脆皮豬肉嘅crunchy skin同juicy meat，捧住個物件係hand真係好enjoy喎！,7.04,kept,train,"7.04s in [5.0, 30.0]"
4516,./audio/4516.wav,./audio/ref_voice/alienkevin.wav,手握壽司嘅fresh sashimi加上sticky rice，係一種cultural experience喎！,7.2107,kept,train,"7.21s in [5.0, 30.0]"
4517,./audio/4517.wav,./audio/ref_voice/alienkevin.wav,鹽焗雞嘅fragrant spices同嗰股tender meat，真係好tantalizing呀！,6.4214,kept,train,"6.42s in [5.0, 30.0]"
4518,./audio/4518.wav,./audio/ref_voice/alienkevin.wav,湯米粉嘅rich broth同滑嘅noodles，真係comfort food to the max呀！,6.2507,kept,train,"6.25s in [5.0, 30.0]"
4519,./audio/4519.wav,./audio/ref_voice/alienkevin.wav,麵包布甸嘅creamy texture同嗰股vanilla note，好似a trip to heaven喎！,6.1867,kept,train,"6.19s in [5.0, 30.0]"
4520,./audio/4520.wav,./audio/ref_voice/alienkevin.wav,芝士球嘅oozing cheese並且hot from the fryer，真係一個mouthwatering treat呀！,6.5067,kept,train,"6.51s in [5.0, 30.0]"
4521,./audio/4521.wav,./audio/ref_voice/alienkevin.wav,煎魚柳嘅golden crust加上嗰股flaky white meat，配上一杯cold beer，真係chilled to the max喎！,8.2987,kept,train,"8.30s in [5.0, 30.0]"
4522,./audio/4522.wav,./audio/ref_voice/alienkevin.wav,龍蝦炒年糕嘅luxurious lobster配上sticky rice cake，一試成主意喎！,6.8907,kept,train,"6.89s in [5.0, 30.0]"
4523,./audio/4523.wav,./audio/ref_voice/alienkevin.wav,涼粉嘅cool texture同上面嗰點sweet syrup，真係一個refreshing delight呀！,6.656,kept,train,"6.66s in [5.0, 30.0]"
4524,./audio/4524.wav,./audio/ref_voice/alienkevin.wav,如果你愛沙灘，Hawaii一定係你首選，個traditional luau会令你難以忘懷.,8.192,kept,train,"8.19s in [5.0, 30.0]"
4525,./audio/4525.wav,./audio/ref_voice/alienkevin.wav,下次你去Paris，一定要試下去river Seine度嗮個boat trip，night time個view一流.,7.4454,kept,train,"7.45s in [5.0, 30.0]"
4526,./audio/4526.wav,./audio/ref_voice/alienkevin.wav,Miami嘅night life真係吸引，clubs同bars就冇得輸，中意party嘅話你一定鍾意呢度.,7.68,kept,train,"7.68s in [5.0, 30.0]"
4527,./audio/4527.wav,./audio/ref_voice/alienkevin.wav,個shopping loving的話，Tokyo會俾你一個完全唔同嘅體驗，買到你手軟.,7.3174,kept,eval,"7.32s in [5.0, 30.0]"
4528,./audio/4528.wav,./audio/ref_voice/alienkevin.wav,Florida嘅Disney World真係一個every child嘅paradise，你可以transform回去童年嗰種happy and free嘅感覺…,8.9387,kept,train,"8.94s in [5.0, 30.0]"
4529,./audio/4529.wav,./audio/ref_voice/alienkevin.wav,如果你對歷史有興趣，那塊去Egypt看下Pyramids，世界七大奇蹟之一，你絕對唔會失望.,8.704,kept,train,"8.70s in [5.0, 30.0]"
4530,./audio/4530.wav,./audio/ref_voice/alienkevin.wav,你去過Venice未呢？個scenic gondola ride令你感覺自己好似身處一部romantic movie中.,7.5947,kept,train,"7.59s in [5.0, 30.0]"
4531,./audio/4531.wav,./audio/ref_voice/alienkevin.wav,Australia嘅Great Barrier Reef，個breathtaking underwater world將喺你眼前unfold，一生人點都要去一次…,8.2774,kept,train,"8.28s in [5.0, 30.0]"
4532,./audio/4532.wav,./audio/ref_voice/alienkevin.wav,Zurich，個city bose風情同modernity，特別係重有美食，係foodies嘅paradise.,8.384,kept,train,"8.38s in [5.0, 30.0]"
4533,./audio/4533.wav,./audio/ref_voice/alienkevin.wav,如果你鍾意art，next stop應該去Italy 嘅Florence，無盡嘅masterpieces等緊你發掘.,7.4027,kept,train,"7.40s in [5.0, 30.0]"
4534,./audio/4534.wav,./audio/ref_voice/alienkevin.wav,這一個Sunday我地去嘅amusement park 好fun，每個rides都玩到好exciting，一個大平嘅。,8.0427,kept,train,"8.04s in [5.0, 30.0]"
4535,./audio/4535.wav,./audio/ref_voice/alienkevin.wav,昨晚我去了一個reggae 海灘派對，好滿足我嘅party animal精神，音樂同酒精都流入我嘅血液之中。,9.536,kept,train,"9.54s in [5.0, 30.0]"
4536,./audio/4536.wav,./audio/ref_voice/alienkevin.wav,上個weekend我去睇咗一齣Broadway show，個演員嘅演技真係top notch，我好enjoy每一個scenes。,8.2987,kept,train,"8.30s in [5.0, 30.0]"
4537,./audio/4537.wav,./audio/ref_voice/alienkevin.wav,我去咗啲night markets買咗好多新嘅video games，我一定會做個marathon session去完完成。,6.8907,kept,train,"6.89s in [5.0, 30.0]"
4538,./audio/4538.wav,./audio/ref_voice/alienkevin.wav,昨晚的电影夜是一個blast，我同我嘅朋友睇咗三套horror片，全部人都嚇到跳出seat。,8.704,kept,train,"8.70s in [5.0, 30.0]"
4539,./audio/4539.wav,./audio/ref_voice/alienkevin.wav,我地喺度做一個cooking competition，每個人都好競爭，但食物真係yummy。,6.336,kept,train,"6.34s in [5.0, 30.0]"
4540,./audio/4540.wav,./audio/ref_voice/alienkevin.wav,去星期六我地喺青衣舉行咗一個大型嘅barbecue party，烤肉真係好delicious。,6.8907,kept,train,"6.89s in [5.0, 30.0]"
4541,./audio/4541.wav,./audio/ref_voice/alienkevin.wav,我嘅朋友喺度開一個yoga class，我第一次試，但結果真係很relaxing.,5.547,kept,train,"5.55s in [5.0, 30.0]"
4542,./audio/4542.wav,./audio/ref_voice/alienkevin.wav,我同我嘅朋友係weekend去咗camping trip，同nature一齊真係放鬆及recharging身心。,8.32,kept,train,"8.32s in [5.0, 30.0]"
4543,./audio/4543.wav,./audio/ref_voice/alienkevin.wav,我今晚會去一個live jazz gig，我好期待聽啲cool嘅improvisations。,6.336,kept,train,"6.34s in [5.0, 30.0]"
4544,./audio/4544.wav,./audio/ref_voice/alienkevin.wav,running長跑時記住要慢慢嘅调整你嘅breathing，咁樣可以保持更好嘅stamina。,7.68,kept,train,"7.68s in [5.0, 30.0]"
4545,./audio/4545.wav,./audio/ref_voice/alienkevin.wav,做gym時要注意你嘅form，唔正確嘅姿勢可能會導致injury。,5.8667,kept,train,"5.87s in [5.0, 30.0]"
4546,./audio/4546.wav,./audio/ref_voice/alienkevin.wav,去泳池游泳嘅時候，你需要控制住你嘅breath同埋維持一個好嘅pace。,7.0614,kept,train,"7.06s in [5.0, 30.0]"
4547,./audio/4547.wav,./audio/ref_voice/alienkevin.wav,足球match中，你需要預測ball嘅trajectory，先可以準確嘅pass或者shot。,7.4027,kept,train,"7.40s in [5.0, 30.0]"
4548,./audio/4548.wav,./audio/ref_voice/alienkevin.wav,in boxing，你需要快速嘅reaction同埋強壯嘅power一齊攻擊對手。,7.5307,kept,train,"7.53s in [5.0, 30.0]"
4549,./audio/4549.wav,./audio/ref_voice/alienkevin.wav,badminton喺Hong Kong好受歡迎，你需要返練揸緊拍嘅grip同緊跟住shuttlecock嘅speed。,9.3014,kept,train,"9.30s in [5.0, 30.0]"
4550,./audio/4550.wav,./audio/ref_voice/alienkevin.wav,打golf嘅時候務必keep住你嘅eye on the ball，並且保持咗穩定嘅stance。,7.5094,kept,train,"7.51s in [5.0, 30.0]"
4551,./audio/4551.wav,./audio/ref_voice/alienkevin.wav,練瑜伽時，你需要專注咗你嘅breathing，同時保持position嘅balance。,6.9334,kept,train,"6.93s in [5.0, 30.0]"
4552,./audio/4552.wav,./audio/ref_voice/alienkevin.wav,在籃球game中，切記要維持teamwork與communication，咁先可以打一個好嘅game。,8.427,kept,train,"8.43s in [5.0, 30.0]"
4553,./audio/4553.wav,./audio/ref_voice/alienkevin.wav,喺tennis比賽中，你需要掌握好嘅footwork同埋精準嘅timing，先可以有效地return the ball。,9.1307,kept,train,"9.13s in [5.0, 30.0]"
4554,./audio/4554.wav,./audio/ref_voice/alienkevin.wav,特區政府一定要resolve嘅question，就系房屋問題，如果唔address，會導致更深嘅社會分化。,8.9814,kept,train,"8.98s in [5.0, 30.0]"
4555,./audio/4555.wav,./audio/ref_voice/alienkevin.wav,教育嘅equity一直都係香港嘅大問題，窮苦學生要圖存教育嘅opportunity，可惜教育資源嘅分配唔平等。,10.839,kept,train,"10.84s in [5.0, 30.0]"
4556,./audio/4556.wav,./audio/ref_voice/alienkevin.wav,政府應該在公共交通嘅subsidy傾注更多嘅資源，提供自負盈虧嘅公司營運保障。,9.152,kept,train,"9.15s in [5.0, 30.0]"
4557,./audio/4557.wav,./audio/ref_voice/alienkevin.wav,打擊illegal parking賺咗大量嘅penalty fee，但都未能解決交通擠塞嘅問題。,7.3174,kept,train,"7.32s in [5.0, 30.0]"
4558,./audio/4558.wav,./audio/ref_voice/alienkevin.wav,政府嘅affordable housing project並未能實質解決市民嘅housing needs。,6.336,kept,train,"6.34s in [5.0, 30.0]"
4559,./audio/4559.wav,./audio/ref_voice/alienkevin.wav,我哋今日嘅economic prosperity，唔可以建基於明日嘅environmental degradation。,7.5307,kept,train,"7.53s in [5.0, 30.0]"
4560,./audio/4560.wav,./audio/ref_voice/alienkevin.wav,新嘅行人隧道真係太expensive，係唔係waste of public money咧？,5.547,kept,train,"5.55s in [5.0, 30.0]"
4561,./audio/4561.wav,./audio/ref_voice/alienkevin.wav,香港財政嘅surplus令人印象深刻，但係老人家呢？佢哋嘅retirement life究竟安唔安樂？,8.2987,kept,train,"8.30s in [5.0, 30.0]"
4562,./audio/4562.wav,./audio/ref_voice/alienkevin.wav,喺breeding innovation方面，香港仲遠遠未夠，我地應該多投資於research and development。,8.2987,kept,train,"8.30s in [5.0, 30.0]"
4563,./audio/4563.wav,./audio/ref_voice/alienkevin.wav,政府要face up to個事件，否則population ageing嘅問題一日會迫爆呢條港。,8.0,kept,train,"8.00s in [5.0, 30.0]"
4564,./audio/4564.wav,./audio/ref_voice/alienkevin.wav,我係Tsim Sha Tsui嗰度嘅Harbour City買咗一對新款sneakers，好酷又方便！,6.9334,kept,train,"6.93s in [5.0, 30.0]"
4565,./audio/4565.wav,./audio/ref_voice/alienkevin.wav,話說我鐘意喺上環嘅PMQ買手作jewelry喎，每樣都獨一無二。,7.2107,kept,train,"7.21s in [5.0, 30.0]"
4566,./audio/4566.wav,./audio/ref_voice/alienkevin.wav,太古城Centre嘅food court好rich choices，食完野再去shopping就最正！,7.552,kept,train,"7.55s in [5.0, 30.0]"
4567,./audio/4567.wav,./audio/ref_voice/alienkevin.wav,周末我好鐘意去尖沙咀嘅K11 Art Mall，大部分時候都喺度買Designer brands嘅货。,9.1734,kept,train,"9.17s in [5.0, 30.0]"
4568,./audio/4568.wav,./audio/ref_voice/alienkevin.wav,我成日會去元朗嘅Yoho Mall揀cute嘅stationery，仲有好多錦囊可以選擇！,6.6134,kept,train,"6.61s in [5.0, 30.0]"
4569,./audio/4569.wav,./audio/ref_voice/alienkevin.wav,元朗嘅Yoho Mall有一間新開嘅pet shop，買咗d新玩具俾我隻狗！,6.336,kept,train,"6.34s in [5.0, 30.0]"
4570,./audio/4570.wav,./audio/ref_voice/alienkevin.wav,Mong Kok嘅Ladies Market啲衫款式時尚而且價錢公道，好適合我買clothes！,8.0427,kept,train,"8.04s in [5.0, 30.0]"
4571,./audio/4571.wav,./audio/ref_voice/alienkevin.wav,最近喺旺角嘅Langham Place買咗部新嘅smartphone，technology更新快，好實用！,7.9147,kept,train,"7.91s in [5.0, 30.0]"
4572,./audio/4572.wav,./audio/ref_voice/alienkevin.wav,我鐘意喺銅鑼灣嘅Time Square買luxury brands嘅products，款式新潮又高貴！,7.6374,kept,train,"7.64s in [5.0, 30.0]"
4573,./audio/4573.wav,./audio/ref_voice/alienkevin.wav,我次次去淘大都會去個IKEA揀home decor，can find all what I need呀！,6.9974,kept,train,"7.00s in [5.0, 30.0]"
4574,./audio/4574.wav,./audio/ref_voice/alienkevin.wav,學習嘅時候，焦點唔應該只係在於get grades，而係應該注重理解概念。,8.1067,kept,eval,"8.11s in [5.0, 30.0]"
4575,./audio/4575.wav,./audio/ref_voice/alienkevin.wav,未必每樣嘢都可以從書本中learn，有時生活經驗同樣重要。,7.2107,kept,train,"7.21s in [5.0, 30.0]"
4576,./audio/4576.wav,./audio/ref_voice/alienkevin.wav,學識管理時間，會令你嘅學習更加effective。,5.504,kept,train,"5.50s in [5.0, 30.0]"
4577,./audio/4577.wav,./audio/ref_voice/alienkevin.wav,論文唔只係寫咗就算，你仲要學埋點樣去proofread同edit。,6.4214,kept,train,"6.42s in [5.0, 30.0]"
4578,./audio/4578.wav,./audio/ref_voice/alienkevin.wav,唔好驚failure，有時侯一次失敗比一百次成功更加能學到lessons。,7.4454,kept,train,"7.45s in [5.0, 30.0]"
4579,./audio/4579.wav,./audio/ref_voice/alienkevin.wav,學習就好似爬山一樣，快慢唔重要，最主要嘅係唔好停止。,6.72,kept,train,"6.72s in [5.0, 30.0]"
4580,./audio/4580.wav,./audio/ref_voice/alienkevin.wav,自學能力係生活中非常重要嘅一項skill，可以應付各種unexpected challenges。,8.6187,kept,train,"8.62s in [5.0, 30.0]"
4581,./audio/4581.wav,./audio/ref_voice/alienkevin.wav,總有一日你會appreciate呢啲你以為你學唔到嘅東西。,4.6934,too_short,n/a,4.69s < 5.0
4582,./audio/4582.wav,./audio/ref_voice/alienkevin.wav,"學識放手，可能係你需要學習嘅最艱難嘅lesson。"" ",5.9094,kept,train,"5.91s in [5.0, 30.0]"
4583,./audio/4583.wav,./audio/ref_voice/alienkevin.wav,學習嘅路上，有時候你需要學識去adapt new environment。,6.144,kept,train,"6.14s in [5.0, 30.0]"
4584,./audio/4584.wav,./audio/ref_voice/alienkevin.wav,"Email communication, 电邮沟通，简洁明了，信息无误。",7.3174,kept,train,"7.32s in [5.0, 30.0]"
4585,./audio/4585.wav,./audio/ref_voice/alienkevin.wav,"Time management, 时间管理，一丝不苟，功夫在此。",5.8667,kept,train,"5.87s in [5.0, 30.0]"
4586,./audio/4586.wav,./audio/ref_voice/alienkevin.wav,"Strategic planning, 战略计划，着眼长远，稳步前进。",7.0827,kept,eval,"7.08s in [5.0, 30.0]"
4587,./audio/4587.wav,./audio/ref_voice/alienkevin.wav,"Conflict resolution, 解决冲突，冷静分析，求同存异。",6.72,kept,train,"6.72s in [5.0, 30.0]"
4588,./audio/4588.wav,./audio/ref_voice/alienkevin.wav,"Team building, 团队建设，和而不同，团结向前。",5.12,kept,train,"5.12s in [5.0, 30.0]"
4589,./audio/4589.wav,./audio/ref_voice/alienkevin.wav,"Performance assessment, 表现评估，据实反馈，明晰期望。",6.8907,kept,train,"6.89s in [5.0, 30.0]"
4590,./audio/4590.wav,./audio/ref_voice/alienkevin.wav,"Leadership, 领导才能，潜移默化，以身作则。",6.3787,kept,train,"6.38s in [5.0, 30.0]"
4591,./audio/4591.wav,./audio/ref_voice/alienkevin.wav,"Staff training, 员工培训，严于律己，桃李满天下。",7.168,kept,train,"7.17s in [5.0, 30.0]"
4592,./audio/4592.wav,./audio/ref_voice/alienkevin.wav,"Quality assurance, 品质保证，小心翼翼，精益求精。",6.784,kept,train,"6.78s in [5.0, 30.0]"
4593,./audio/4593.wav,./audio/ref_voice/alienkevin.wav,"Customer service, 客户服务，提供便利，满意为上。",6.464,kept,train,"6.46s in [5.0, 30.0]"
4594,./audio/4594.wav,./audio/ref_voice/alienkevin.wav,今日sunshine好大，咁骄阳，我都游咗去beach啦。,5.3974,kept,train,"5.40s in [5.0, 30.0]"
4595,./audio/4595.wav,./audio/ref_voice/alienkevin.wav,一出门我都immediately知road hot得嚟，我都需要carry雨伞做sunshade。,6.976,kept,train,"6.98s in [5.0, 30.0]"
4596,./audio/4596.wav,./audio/ref_voice/alienkevin.wav,呢一秒又開始rain咗，穿咗我件raincoat，本來要go out變咗要stay喺屋企。,8.4054,kept,train,"8.41s in [5.0, 30.0]"
4597,./audio/4597.wav,./audio/ref_voice/alienkevin.wav,air又咁thick，我喺香港已經唔係第一次感受到呢種smog啦。,6.1014,kept,train,"6.10s in [5.0, 30.0]"
4598,./audio/4598.wav,./audio/ref_voice/alienkevin.wav,今朝起身未開燈都已知daybreak咗，sunrise真係好美麗。,6.2934,kept,train,"6.29s in [5.0, 30.0]"
4599,./audio/4599.wav,./audio/ref_voice/alienkevin.wav,天氣預報又話tropical storm會來襲，我已經prepare好torch同emergency kit喇。,6.8907,kept,train,"6.89s in [5.0, 30.0]"
4600,./audio/4600.wav,./audio/ref_voice/alienkevin.wav,天黑咗，月亮又full moon，好似可以touch到咁。,5.184,kept,train,"5.18s in [5.0, 30.0]"
4601,./audio/4601.wav,./audio/ref_voice/alienkevin.wav,暴風雨忽然間就hit左香港，我都急咗去封窗。,6.016,kept,train,"6.02s in [5.0, 30.0]"
4602,./audio/4602.wav,./audio/ref_voice/alienkevin.wav,"外面凍到我shake，回到屋企要先on返暖爐接続散熱去warm up。"" ",7.168,kept,train,"7.17s in [5.0, 30.0]"
4603,./audio/4603.wav,./audio/ref_voice/alienkevin.wav,"突然間一陣wind blow過黎，咁涼快，我都覺得autumn黎咗呀。"" ",5.4614,kept,train,"5.46s in [5.0, 30.0]"
4604,./audio/4604.wav,./audio/ref_voice/alienkevin.wav,"今日雲shape又好得意，就好似cotton candy咁。"" ",4.544,too_short,n/a,4.54s < 5.0
4605,./audio/4605.wav,./audio/ref_voice/alienkevin.wav,"聽日會snow，我都期待可以build個snowman出嚟。"" ",5.2694,kept,train,"5.27s in [5.0, 30.0]"
4606,./audio/4606.wav,./audio/ref_voice/alienkevin.wav,"熱浪又黎咗，今日temperature一直都係keep喺摄氏三十度以上。"" ",5.9947,kept,eval,"5.99s in [5.0, 30.0]"
4607,./audio/4607.wav,./audio/ref_voice/alienkevin.wav,"最近humidity太高，我都無精神做嘢，只想搵个air conditioned嘅地方chill下。"" ",7.872,kept,train,"7.87s in [5.0, 30.0]"
4608,./audio/4608.wav,./audio/ref_voice/alienkevin.wav,椰香雞嘅aromatic味道，配上嗰個coconut milk，真係美味無比喎！,7.1254,kept,train,"7.13s in [5.0, 30.0]"
4609,./audio/4609.wav,./audio/ref_voice/alienkevin.wav,我地嘅traditional dim sum，含savoury 嘅燒賣到sweet 嘅蛋塔，都係一試成主意呀！,9.2587,kept,train,"9.26s in [5.0, 30.0]"
4610,./audio/4610.wav,./audio/ref_voice/alienkevin.wav,香港嘅egg waffle，soft 又crispy，一次過滿足所有嘅taste bud喎！,7.104,kept,train,"7.10s in [5.0, 30.0]"
4611,./audio/4611.wav,./audio/ref_voice/alienkevin.wav,千層糕嘅每一層都充滿creamy嘅味道，配埋個sweet syrup，簡直係dessert heaven呀！,8.2347,kept,train,"8.23s in [5.0, 30.0]"
4612,./audio/4612.wav,./audio/ref_voice/alienkevin.wav,湯圓嘅filling非常sweet，配上嗰個silky soup，喺寒冷嘅冬天令人warm一整個身心喎！,9.7707,kept,train,"9.77s in [5.0, 30.0]"
4613,./audio/4613.wav,./audio/ref_voice/alienkevin.wav,"豉油雞嘅flavourful taste 令人忍不住想多嚟幾碟，加上一個bowl of rice, 實在係太satisfying 喇！",9.8134,kept,train,"9.81s in [5.0, 30.0]"
4614,./audio/4614.wav,./audio/ref_voice/alienkevin.wav,來試下我地嘅煎餃，皮crispy而內裡juicy，食咗係完全忍不住想再一試呀！,8.1707,kept,train,"8.17s in [5.0, 30.0]"
4615,./audio/4615.wav,./audio/ref_voice/alienkevin.wav,豉椒炒鮮魷嘅spicy味道，配上dat freshness，一試成主意喎！,6.656,kept,train,"6.66s in [5.0, 30.0]"
4616,./audio/4616.wav,./audio/ref_voice/alienkevin.wav,飲杯嘅Hong Kong style milk tea，smooth 又creamy，令人頓時feel好咁多喎！,8.9387,kept,train,"8.94s in [5.0, 30.0]"
4617,./audio/4617.wav,./audio/ref_voice/alienkevin.wav,芝士飽嘅cheesy goodness，配埋個crusty bread，真係perfect comfort food呀！,7.232,kept,train,"7.23s in [5.0, 30.0]"
4618,./audio/4618.wav,./audio/ref_voice/alienkevin.wav,Paris嘅Eiffel Tower照射下嘅dinner，一定會俾你feel到好romantic，至於那啲stylish嘅boutiques更加唔可以miss。,9.472,kept,train,"9.47s in [5.0, 30.0]"
4619,./audio/4619.wav,./audio/ref_voice/alienkevin.wav,Rome嘅Colosseum，view係unforgettable，而個城裡面藏係一片深厚嘅history同culture。,8.9174,kept,train,"8.92s in [5.0, 30.0]"
4620,./audio/4620.wav,./audio/ref_voice/alienkevin.wav,Japan嘅Tokyo Tower，個night view真係令人overwhelming，城市嘅pulse可以loop你哋喺那瞬间。,8.2347,kept,train,"8.23s in [5.0, 30.0]"
4621,./audio/4621.wav,./audio/ref_voice/alienkevin.wav,New York，個city that never sleeps，其中Times Square嘅neon lights晚晚都會讓你震懾。,7.744,kept,train,"7.74s in [5.0, 30.0]"
4622,./audio/4622.wav,./audio/ref_voice/alienkevin.wav,Bora Bora嘅crystal clear water同coral reef，就係個perfect getaway，特别適合honeymooner。,8.32,kept,train,"8.32s in [5.0, 30.0]"
4623,./audio/4623.wav,./audio/ref_voice/alienkevin.wav,London嘅Big Ben，走過咗橋你會看見城市嘅iconic landmark，風景真係似Monet嘅painting咁美。,8.8107,kept,train,"8.81s in [5.0, 30.0]"
4624,./audio/4624.wav,./audio/ref_voice/alienkevin.wav,Egypt嘅Great Pyramid，每個角度都咁magnificent，個puzzle遊走喺history同mystery之間。,8.6827,kept,train,"8.68s in [5.0, 30.0]"
4625,./audio/4625.wav,./audio/ref_voice/alienkevin.wav,Marrakech嘅Jardin Majorelle，個vibrant colors配合上各種exotic plants，真係幾mystical嘅feeling…,9.024,kept,train,"9.02s in [5.0, 30.0]"
4626,./audio/4626.wav,./audio/ref_voice/alienkevin.wav,"New Zealand嘅Hobbiton，個greenery hills令人feel like being in 'Lord of the Rings', 真係…",9.728,kept,eval,"9.73s in [5.0, 30.0]"
4627,./audio/4627.wav,./audio/ref_voice/alienkevin.wav,Sydney嘅Opera House，咁unique嘅architecture，one can't help but admire，就算唔係enjoy oper…,10.304,kept,eval,"10.30s in [5.0, 30.0]"
4628,./audio/4628.wav,./audio/ref_voice/alienkevin.wav,我剛睇完一本super engaging嘅novel，係個plot真係keep我on my toes。,7.3174,kept,train,"7.32s in [5.0, 30.0]"
4629,./audio/4629.wav,./audio/ref_voice/alienkevin.wav,今晚我喺netflix度翻了一個新嘅comedy show，好夠搞笑，我笑到肚痛。,6.9334,kept,train,"6.93s in [5.0, 30.0]"
4630,./audio/4630.wav,./audio/ref_voice/alienkevin.wav,我就喺我house party識咗一個DJ，佢mix嘅音樂真係超級好聽。,6.912,kept,train,"6.91s in [5.0, 30.0]"
4631,./audio/4631.wav,./audio/ref_voice/alienkevin.wav,我岩岩入咗個movie theater睇咗一套好感人嘅film，我喺度cry一蚊都唔容易。,8.5547,kept,eval,"8.55s in [5.0, 30.0]"
4632,./audio/4632.wav,./audio/ref_voice/alienkevin.wav,我即刻喺ig post咗一張concert嘅照片，我對佢嘅performance好滿意。,6.784,kept,train,"6.78s in [5.0, 30.0]"
4633,./audio/4633.wav,./audio/ref_voice/alienkevin.wav,明晚我會去參加一個fashion show，我已經好期待可以見到啲新嘅trends。,6.464,kept,train,"6.46s in [5.0, 30.0]"
4634,./audio/4634.wav,./audio/ref_voice/alienkevin.wav,我今晚去了一個新嘅craft beer bar，佢地啲drinks嘅選擇真的很impressive。,8.256,kept,train,"8.26s in [5.0, 30.0]"
4635,./audio/4635.wav,./audio/ref_voice/alienkevin.wav,我班friend剛才FT我，佢地喺度玩嗰款VR game，感覺真係超realistic。,8.5547,kept,train,"8.55s in [5.0, 30.0]"
4636,./audio/4636.wav,./audio/ref_voice/alienkevin.wav,我最近好迷上咗hip hop dance，每次上堂都好excited，感覺全身都有energy。,8.8534,kept,train,"8.85s in [5.0, 30.0]"
4637,./audio/4637.wav,./audio/ref_voice/alienkevin.wav,我同我老公每週都會去做瑜伽，好relaxing又可以keep fit，真係一舉兩得。,7.4027,kept,train,"7.40s in [5.0, 30.0]"
4638,./audio/4638.wav,./audio/ref_voice/alienkevin.wav,玩basketball嗰陣記得要愛惜你個knee，投球嘅angle都有可能會影響你嘅performance。,7.9787,kept,train,"7.98s in [5.0, 30.0]"
4639,./audio/4639.wav,./audio/ref_voice/alienkevin.wav,做yoga可以提升你嘅flexibility，同時培養靜態嘅balance。,6.656,kept,train,"6.66s in [5.0, 30.0]"
4640,./audio/4640.wav,./audio/ref_voice/alienkevin.wav,跑marathon需要好重嘅endurance，每日訓練嘅consistency都好緊要。,6.1867,kept,train,"6.19s in [5.0, 30.0]"
4641,./audio/4641.wav,./audio/ref_voice/alienkevin.wav,喺足球場上，effective communication同瞭解對手嘅strategy都好重要。,6.9974,kept,train,"7.00s in [5.0, 30.0]"
4642,./audio/4642.wav,./audio/ref_voice/alienkevin.wav,喺泳池裡面，你需要master嘅唔係速度，而係breathing technique同埋stroke efficiency。,8.512,kept,train,"8.51s in [5.0, 30.0]"
4643,./audio/4643.wav,./audio/ref_voice/alienkevin.wav,玩tennis時要留意你手握拍嘅grip，唔然可能造成手嘅injury。,7.5947,kept,train,"7.59s in [5.0, 30.0]"
4644,./audio/4644.wav,./audio/ref_voice/alienkevin.wav,做golf既時候，你嘅swing technique同patience都好緊要。,5.9734,kept,train,"5.97s in [5.0, 30.0]"
4645,./audio/4645.wav,./audio/ref_voice/alienkevin.wav,Skiing需要balance同coordination，唔好急於追求speed。,5.312,kept,eval,"5.31s in [5.0, 30.0]"
4646,./audio/4646.wav,./audio/ref_voice/alienkevin.wav,做volleyball時要小心手部嘅position，錯誤嘅hitting motion可能會影響你嘅wrist。,8.448,kept,train,"8.45s in [5.0, 30.0]"
4647,./audio/4647.wav,./audio/ref_voice/alienkevin.wav,跳舞嘅時候，除左要有好嘅rhythm，你都要注意保護你嘅ankle。,6.72,kept,eval,"6.72s in [5.0, 30.0]"
4648,./audio/4648.wav,./audio/ref_voice/alienkevin.wav,最近疫情繼續反撲，好多餐廳同小店都難以survive，政府需要提供更多financial support去幫助佢哋。,10.5387,kept,train,"10.54s in [5.0, 30.0]"
4649,./audio/4649.wav,./audio/ref_voice/alienkevin.wav,地產霸權成為香港社會嘅big issue，住房問題嚴重影響到基層市民嘅生活quality。,10.2187,kept,train,"10.22s in [5.0, 30.0]"
4650,./audio/4650.wav,./audio/ref_voice/alienkevin.wav,香港雖然big city，但大自然資源都非常豐富，政府更需要注重environmental protection，確保我哋嘅green space唔會被破壞。,12.352,kept,train,"12.35s in [5.0, 30.0]"
4651,./audio/4651.wav,./audio/ref_voice/alienkevin.wav,香港嘅overwork culture受到不少批評，員工需要balanced life，而非只係工作上嘅achievement。,9.8987,kept,train,"9.90s in [5.0, 30.0]"
4652,./audio/4652.wav,./audio/ref_voice/alienkevin.wav,每年公共醫療嘅resources都好緊張，政府要提供更多嘅funds去解決長期問題。,8.9814,kept,train,"8.98s in [5.0, 30.0]"
4653,./audio/4653.wav,./audio/ref_voice/alienkevin.wav,香港政府要講求transparency和accountability，好多市民都係關心呢一點。,8.4694,kept,train,"8.47s in [5.0, 30.0]"
4654,./audio/4654.wav,./audio/ref_voice/alienkevin.wav,老人福利嚴重不足係香港社會嘅big problem，政府需要嚴肅對待，提供更全面嘅pension scheme同醫療服務。,11.392,kept,train,"11.39s in [5.0, 30.0]"
4655,./audio/4655.wav,./audio/ref_voice/alienkevin.wav,疫情期間，香港嘅unemployment率已經上升，政府需要提供更多嘅job opportunities同培訓課程去幫助失業者。,10.432,kept,train,"10.43s in [5.0, 30.0]"
4656,./audio/4656.wav,./audio/ref_voice/alienkevin.wav,吸煙問題已經成為香港公共健康嘅重要挑戰，需要更嚴厲嘅legislation去規管。,9.3654,kept,train,"9.37s in [5.0, 30.0]"
4657,./audio/4657.wav,./audio/ref_voice/alienkevin.wav,香港嘅income gap增加，造成social problems，政府需要透過progressive taxes去解決。,9.003,kept,train,"9.00s in [5.0, 30.0]"
4658,./audio/4658.wav,./audio/ref_voice/alienkevin.wav,我喺中環IFC Mall買咗個最新嘅gadget，真係超cool！,5.888,kept,train,"5.89s in [5.0, 30.0]"
4659,./audio/4659.wav,./audio/ref_voice/alienkevin.wav,我最鐘意喺尖沙咀Harbour City嘅boutiques逛，貨品種類多，一定可以揾到岩心水嘅items！,10.0267,kept,train,"10.03s in [5.0, 30.0]"
4660,./audio/4660.wav,./audio/ref_voice/alienkevin.wav,上星期喺Causeway Bay嘅SOGO撈咗條designer brand嘅裙，打折門口都無！,7.7654,kept,train,"7.77s in [5.0, 30.0]"
4661,./audio/4661.wav,./audio/ref_voice/alienkevin.wav,"每次入Mong Kok嘅New Town Mall都會買set韓國嘅skincare product, 好好用而且價錢合理！",8.4907,kept,eval,"8.49s in [5.0, 30.0]"
4662,./audio/4662.wav,./audio/ref_voice/alienkevin.wav,最近Revolution嘅makeup product 好紅，下次去兆康買晒佢家嘅新品試下。”,8.0214,kept,train,"8.02s in [5.0, 30.0]"
4663,./audio/4663.wav,./audio/ref_voice/alienkevin.wav,"去年喺Festival Walk開咗間新嘅糖紙店，好cute, 我買咗好多糖紙送朋友。”",9.2374,kept,train,"9.24s in [5.0, 30.0]"
4664,./audio/4664.wav,./audio/ref_voice/alienkevin.wav,元朗廣場嘅food court好多選擇，可以一邊購物一邊食嘢，好方便！,7.1254,kept,train,"7.13s in [5.0, 30.0]"
4665,./audio/4665.wav,./audio/ref_voice/alienkevin.wav,鑽石山嘅Plaza Hollywood商場有好多我最愛嘅服裝店，每次去都會買到滿滿一袋！,9.728,kept,train,"9.73s in [5.0, 30.0]"
4666,./audio/4666.wav,./audio/ref_voice/alienkevin.wav,喺長沙灣Fashion Walk買咗對新嘅running shoes，質素好又舒服！,8.1067,kept,train,"8.11s in [5.0, 30.0]"
4667,./audio/4667.wav,./audio/ref_voice/alienkevin.wav,我鐘意喺尖沙咀iSquare嘅電子商店買tech gadgets，佢地有最新嘅model同埋造型新穎嘅designs！,10.0694,kept,train,"10.07s in [5.0, 30.0]"
4668,./audio/4668.wav,./audio/ref_voice/alienkevin.wav,你學唇吖，有時候fail係一個好嘅start point。,5.2694,kept,train,"5.27s in [5.0, 30.0]"
4669,./audio/4669.wav,./audio/ref_voice/alienkevin.wav,唔好怕make mistakes，我哋係透過失敗黎學習嘅。,5.4187,kept,train,"5.42s in [5.0, 30.0]"
4670,./audio/4670.wav,./audio/ref_voice/alienkevin.wav,Never stop learning， 因為生活唔會停止教學你嘢。,5.824,kept,train,"5.82s in [5.0, 30.0]"
4671,./audio/4671.wav,./audio/ref_voice/alienkevin.wav,要嘅就係一個open mind去學習新知識。,4.48,too_short,n/a,4.48s < 5.0
4672,./audio/4672.wav,./audio/ref_voice/alienkevin.wav,問題唔怕多，keep asking就會接近真相。,4.288,too_short,n/a,4.29s < 5.0
4673,./audio/4673.wav,./audio/ref_voice/alienkevin.wav,學習就係要實際咁do it yourself，咪怕挫折。,5.184,kept,train,"5.18s in [5.0, 30.0]"
4674,./audio/4674.wav,./audio/ref_voice/alienkevin.wav,學識appreciate自己嘅進步，無論大小。,5.312,kept,train,"5.31s in [5.0, 30.0]"
4675,./audio/4675.wav,./audio/ref_voice/alienkevin.wav,time management可能係你學習路上需要嘅最重要嘅技能。,6.4214,kept,train,"6.42s in [5.0, 30.0]"
4676,./audio/4676.wav,./audio/ref_voice/alienkevin.wav,學識接受change，就已經係一種進步。,4.672,too_short,n/a,4.67s < 5.0
4677,./audio/4677.wav,./audio/ref_voice/alienkevin.wav,持續學習同不斷嘅improve自己，就係人生嘅重要任務。,6.807,kept,train,"6.81s in [5.0, 30.0]"
4678,./audio/4678.wav,./audio/ref_voice/alienkevin.wav,"Manpower planning, 人力资源规划，挖掘潜力，步步为营。",7.68,kept,train,"7.68s in [5.0, 30.0]"
4679,./audio/4679.wav,./audio/ref_voice/alienkevin.wav,"Project management, 项目管理，明察秋毫，步步为赢。",6.08,kept,train,"6.08s in [5.0, 30.0]"
4680,./audio/4680.wav,./audio/ref_voice/alienkevin.wav,"Business strategy, 商业战略，机智过人，攻无不克。",7.424,kept,train,"7.42s in [5.0, 30.0]"
4681,./audio/4681.wav,./audio/ref_voice/alienkevin.wav,"Risk assessment, 风险评估，盲人摸象，精打细算。",6.6134,kept,train,"6.61s in [5.0, 30.0]"
4682,./audio/4682.wav,./audio/ref_voice/alienkevin.wav,"Teamwork, 团队合作，志同道合，无坚不摧。",5.76,kept,train,"5.76s in [5.0, 30.0]"
4683,./audio/4683.wav,./audio/ref_voice/alienkevin.wav,"Customer service, 客户服务，视为己出，殷勤惨淡。",6.6134,kept,train,"6.61s in [5.0, 30.0]"
4684,./audio/4684.wav,./audio/ref_voice/alienkevin.wav,"Sales and marketing, 销售和市场营销，惠而不费，利润丰厚。",7.6374,kept,train,"7.64s in [5.0, 30.0]"
4685,./audio/4685.wav,./audio/ref_voice/alienkevin.wav,"Meeting deadlines, 按期完成，一丝不苟，争分夺秒。",6.231,kept,train,"6.23s in [5.0, 30.0]"
4686,./audio/4686.wav,./audio/ref_voice/alienkevin.wav,"Job rotation, 工作轮换，利在其中，举棋不定。",6.848,kept,train,"6.85s in [5.0, 30.0]"
4687,./audio/4687.wav,./audio/ref_voice/alienkevin.wav,"Negotiation skills, 谈判技巧，交锋不乱，无所畏惧。",7.552,kept,train,"7.55s in [5.0, 30.0]"
4688,./audio/4688.wav,./audio/ref_voice/alienkevin.wav,"Performance management, 绩效管理，贵在行动，锲而不舍。",7.296,kept,train,"7.30s in [5.0, 30.0]"
4689,./audio/4689.wav,./audio/ref_voice/alienkevin.wav,"Career development, 职业发展，一鸣惊人，孜孜以求。",6.6774,kept,train,"6.68s in [5.0, 30.0]"
4690,./audio/4690.wav,./audio/ref_voice/alienkevin.wav,冇料到今日weatherso極端，今朝sunrise，依家又start raining。,6.656,kept,train,"6.66s in [5.0, 30.0]"
4691,./audio/4691.wav,./audio/ref_voice/alienkevin.wav,我睇落天空有d cloudscoming in，好似會bian成storm噃。,6.0587,kept,train,"6.06s in [5.0, 30.0]"
4692,./audio/4692.wav,./audio/ref_voice/alienkevin.wav,雖然我越來越seriously受唔住呢度嘅humidity，但至少唔使worried about雪storm。,8.4694,kept,train,"8.47s in [5.0, 30.0]"
4693,./audio/4693.wav,./audio/ref_voice/alienkevin.wav,"就算暑熱嘅summerday,飲一杯冰凍嘅lemonade就所有煩惱都會cool down。",6.8694,kept,train,"6.87s in [5.0, 30.0]"
4694,./audio/4694.wav,./audio/ref_voice/alienkevin.wav,香港winter全年度我最like，冇咗summer嗰種sweaty feeling。,5.655,kept,train,"5.65s in [5.0, 30.0]"
4695,./audio/4695.wav,./audio/ref_voice/alienkevin.wav,呢個weekend天氣冇預期中咁sunny，只好放棄我嘅beach plan啦。,7.0827,kept,train,"7.08s in [5.0, 30.0]"
4696,./audio/4696.wav,./audio/ref_voice/alienkevin.wav,Nightfall嗰時候天氣start cool down，微微風blow，感覺真係唔錯。,7.808,kept,train,"7.81s in [5.0, 30.0]"
4697,./audio/4697.wav,./audio/ref_voice/alienkevin.wav,我新買嘅raincoat都未嚟得及wear，就又再sunny day。,6.016,kept,train,"6.02s in [5.0, 30.0]"
4698,./audio/4698.wav,./audio/ref_voice/alienkevin.wav,今晚我哋試下count星，希望clear sky，唔會有clouds block 我哋嘅sight。,7.5734,kept,train,"7.57s in [5.0, 30.0]"
4699,./audio/4699.wav,./audio/ref_voice/alienkevin.wav,天氣forecast話今日will be sunny，我喺想話係咪去hiking好啲呢？,7.168,kept,train,"7.17s in [5.0, 30.0]"
4700,./audio/4700.wav,./audio/ref_voice/alienkevin.wav,今日lunch嚟咗個steak，煎到golden brown，味道真係太fantastic喇！,6.8907,kept,train,"6.89s in [5.0, 30.0]"
4701,./audio/4701.wav,./audio/ref_voice/alienkevin.wav,"一碟嘅泡菜豬肉鍋, spicy but also refreshing, 簡直係太perfect！",7.488,kept,eval,"7.49s in [5.0, 30.0]"
4702,./audio/4702.wav,./audio/ref_voice/alienkevin.wav,我最love嘅甜品係雪糕，冷凍過後更加smooth，每次食完都想say goodbye to diet喇！,9.8774,kept,train,"9.88s in [5.0, 30.0]"
4703,./audio/4703.wav,./audio/ref_voice/alienkevin.wav,"我地新出嘅鹹蛋黃海鮮鍋, 味道salty but creamy, 點都要試吓喇！",7.6587,kept,train,"7.66s in [5.0, 30.0]"
4704,./audio/4704.wav,./audio/ref_voice/alienkevin.wav,周末嘅brunch選咗Avocado toast，taste非常healthy又滋味，真係為週末加分喇！,9.687,kept,train,"9.69s in [5.0, 30.0]"
4705,./audio/4705.wav,./audio/ref_voice/alienkevin.wav,今晚特別想嚟啲comfort food，決定食豬腳薑，食落去warm and hearty，完全係winter must-have喇！,10.3254,kept,train,"10.33s in [5.0, 30.0]"
4706,./audio/4706.wav,./audio/ref_voice/alienkevin.wav,昨日party嗰陣點咗啲finger food，其中嘅炸雞wing超級crunchy，大家都玩得very happy喇！,10.5814,kept,train,"10.58s in [5.0, 30.0]"
4707,./audio/4707.wav,./audio/ref_voice/alienkevin.wav,"這個pumpkin soup 嘅色澤bright, 味道又甜又creamy，飲完後完全係full of energy!",9.5574,kept,train,"9.56s in [5.0, 30.0]"
4708,./audio/4708.wav,./audio/ref_voice/alienkevin.wav,"去咗間sushi店，食左個soft shell crab roll，crab meat 又多又sweet, 配上醬汁食，簡直係delicious 極了！",10.7734,kept,train,"10.77s in [5.0, 30.0]"
4709,./audio/4709.wav,./audio/ref_voice/alienkevin.wav,今晚想念咗巴黎嘅生蠔，鹹鹹地帶有sea breeze，食完後令我完全relax 哎一下，實在太refreshing！,9.5574,kept,train,"9.56s in [5.0, 30.0]"
4710,./audio/4710.wav,./audio/ref_voice/alienkevin.wav,美國嘅Grand Canyon，視野真係impressive，nature嘅power同繁榮就係喺你眼前。,7.7867,kept,train,"7.79s in [5.0, 30.0]"
4711,./audio/4711.wav,./audio/ref_voice/alienkevin.wav,Italy嘅Venice，每條canal都有獨特嘅story，唔同嘅architecture用不同嘅language述說佢哋嘅history。,10.9227,kept,train,"10.92s in [5.0, 30.0]"
4712,./audio/4712.wav,./audio/ref_voice/alienkevin.wav,France嘅Eiffel Tower，個night scene真係breathtaking，充滿romantic嘅氛圍總會capture你嘅heart。,9.2587,kept,train,"9.26s in [5.0, 30.0]"
4713,./audio/4713.wav,./audio/ref_voice/alienkevin.wav,Australia嘅Great Barrier Reef，個underwater world真係fascinating，diversity of marine …,10.9227,kept,train,"10.92s in [5.0, 30.0]"
4714,./audio/4714.wav,./audio/ref_voice/alienkevin.wav,India嘅Taj Mahal，嗰種精緻嘅design同perfect symmetry真係令人astonishing，reflect出個country嘅cul…,12.0107,kept,train,"12.01s in [5.0, 30.0]"
4715,./audio/4715.wav,./audio/ref_voice/alienkevin.wav,Brazil嘅Amazon Rainforest，個biodiversity係唔可思議，expedition係一次unforgettable嘅journey。,9.9627,kept,train,"9.96s in [5.0, 30.0]"
4716,./audio/4716.wav,./audio/ref_voice/alienkevin.wav,中国的Great Wall，长城嘅endurance同resilience真係impressive，充分展示咗中國人嘅wisdom同勇气。,10.112,kept,train,"10.11s in [5.0, 30.0]"
4717,./audio/4717.wav,./audio/ref_voice/alienkevin.wav,Netherlands嘅Keukenhof，花海嘅beauty足以make you speechless，colorful tulips就像一幅painting…,10.1974,kept,train,"10.20s in [5.0, 30.0]"
4718,./audio/4718.wav,./audio/ref_voice/alienkevin.wav,非洲嘅Serengeti，個wildlife safari真係thrilling，俾人一個close encounter with nature嘅機會。,10.6454,kept,train,"10.65s in [5.0, 30.0]"
4719,./audio/4719.wav,./audio/ref_voice/alienkevin.wav,俄羅斯嘅Red Square，嗰種grandeur同historic significance都令人impressed，反映出強大嘅文化遺產。,10.731,kept,train,"10.73s in [5.0, 30.0]"
4720,./audio/4720.wav,./audio/ref_voice/alienkevin.wav,我昨晚去咗一間新開嘅club，果度嘅music真係讓我whole night都high唔停。,6.9547,kept,train,"6.95s in [5.0, 30.0]"
4721,./audio/4721.wav,./audio/ref_voice/alienkevin.wav,我睇咗一條最新嘅movie trailer，感覺佢嘅visual effects會好震撼。,6.464,kept,train,"6.46s in [5.0, 30.0]"
4722,./audio/4722.wav,./audio/ref_voice/alienkevin.wav,這個weekend我會去attend一場音樂節，聽說有好多我鍾意嘅artist會表演。,7.7014,kept,train,"7.70s in [5.0, 30.0]"
4723,./audio/4723.wav,./audio/ref_voice/alienkevin.wav,我正在follow一部好吸引嘅TV series，每個episode都充滿unexpected twists.,7.6374,kept,train,"7.64s in [5.0, 30.0]"
4724,./audio/4724.wav,./audio/ref_voice/alienkevin.wav,我最鍾意閱讀嘅comic book又出新集了，話說個主角嘅storyline越來越compelling。,8.4054,kept,train,"8.41s in [5.0, 30.0]"
4725,./audio/4725.wav,./audio/ref_voice/alienkevin.wav,我啱啱喺YouTube上面發現一個funny嘅vlogger，佢嘅content對我嚟講係real entertainment。,8.3414,kept,train,"8.34s in [5.0, 30.0]"
4726,./audio/4726.wav,./audio/ref_voice/alienkevin.wav,我最近好迷reality show，特別係個competition嘅部分，好exciting！,7.104,kept,train,"7.10s in [5.0, 30.0]"
4727,./audio/4727.wav,./audio/ref_voice/alienkevin.wav,我對佢嚟緊嘅album release好期待，上次嘅album我聽left on repeat幾個月都唔會厭。,9.111,kept,train,"9.11s in [5.0, 30.0]"
4728,./audio/4728.wav,./audio/ref_voice/alienkevin.wav,我上個月去咗一個art exhibition，個售賣嘅artworks都好unique，無言喺空間裡面嘅feeling好特別。,11.0934,kept,train,"11.09s in [5.0, 30.0]"
4729,./audio/4729.wav,./audio/ref_voice/alienkevin.wav,我最近買咗一隻結他，要學下新的song covers，希望我可以趕得及放喺我下次嘅party上表演。,9.8347,kept,eval,"9.83s in [5.0, 30.0]"
4730,./audio/4730.wav,./audio/ref_voice/alienkevin.wav,籃球需要good team work，你需要識得pass同防守。,4.9067,too_short,n/a,4.91s < 5.0
4731,./audio/4731.wav,./audio/ref_voice/alienkevin.wav,做gymnastics可以提升你嘅strength同flexibility，但係需要注意safety啊。,6.592,kept,train,"6.59s in [5.0, 30.0]"
4732,./audio/4732.wav,./audio/ref_voice/alienkevin.wav,跑marathon唔只係耐力，還需要strategy丫。,5.4187,kept,train,"5.42s in [5.0, 30.0]"
4733,./audio/4733.wav,./audio/ref_voice/alienkevin.wav,Swimming可以train你嘅cardiovascular system，加強心肺功能。,6.592,kept,train,"6.59s in [5.0, 30.0]"
4734,./audio/4734.wav,./audio/ref_voice/alienkevin.wav,玩badminton可以train你嘅coordination同reaction time，好有挑戰性丫。,7.1254,kept,train,"7.13s in [5.0, 30.0]"
4735,./audio/4735.wav,./audio/ref_voice/alienkevin.wav,做pilates可以增强你嘅core strength，幫助你保持我哋日常需要嘅posture。,7.0614,kept,train,"7.06s in [5.0, 30.0]"
4736,./audio/4736.wav,./audio/ref_voice/alienkevin.wav,玩tennis需要focus同endurance，挺physically demanding既。,7.424,kept,train,"7.42s in [5.0, 30.0]"
4737,./audio/4737.wav,./audio/ref_voice/alienkevin.wav,Cycling唔只係運動，都係一種好嘅recreation方法。,6.144,kept,train,"6.14s in [5.0, 30.0]"
4738,./audio/4738.wav,./audio/ref_voice/alienkevin.wav,Hiking可以享受大自然同時提升你嘅cardiovascular 健康。,7.5947,kept,train,"7.59s in [5.0, 30.0]"
4739,./audio/4739.wav,./audio/ref_voice/alienkevin.wav,Kickboxing唔止可以增强肌肉，都可以預防更多嘅injury。,6.6774,kept,train,"6.68s in [5.0, 30.0]"
4740,./audio/4740.wav,./audio/ref_voice/alienkevin.wav,做aerobics可以burn calories同improve metabolism，又好玩又好健康。,8.6614,kept,train,"8.66s in [5.0, 30.0]"
4741,./audio/4741.wav,./audio/ref_voice/alienkevin.wav,新一代嘅youngsters需要更多opportunity去學習coding同STEM subjects，咁可以為未來嘅job market製造更多嘅human…,11.415,kept,train,"11.41s in [5.0, 30.0]"
4742,./audio/4742.wav,./audio/ref_voice/alienkevin.wav,香港嘅housing problem成為老生常談，政府需要積極構建公營房屋去解決grass root嘅困廣。,10.24,kept,train,"10.24s in [5.0, 30.0]"
4743,./audio/4743.wav,./audio/ref_voice/alienkevin.wav,政府建議導入national security law，但係最重要係要保護市民嘅freedom of speech，唔可以令人覺得生活喺一個surveillan…,13.719,kept,train,"13.72s in [5.0, 30.0]"
4744,./audio/4744.wav,./audio/ref_voice/alienkevin.wav,疫情嘅impact下，好多small business都遇到困難，政府需要提供financial aid去支持佢哋度過難關。,10.0907,kept,train,"10.09s in [5.0, 30.0]"
4745,./audio/4745.wav,./audio/ref_voice/alienkevin.wav,香港嘅教育系統需要reform，減少youngsters嘅學業壓力，提供更加均衡嘅learning environment。,10.3467,kept,train,"10.35s in [5.0, 30.0]"
4746,./audio/4746.wav,./audio/ref_voice/alienkevin.wav,香港嘅air pollution問題仍然嚴重，我哋需要更多嘅sustainable practices同green technology去對抗climate c…,10.9227,kept,train,"10.92s in [5.0, 30.0]"
4747,./audio/4747.wav,./audio/ref_voice/alienkevin.wav,由於COVID-19疫情，好多人都work from home，政府需要確保所有人都有access to reliable internet，確保informa…,13.0134,kept,train,"13.01s in [5.0, 30.0]"
4748,./audio/4748.wav,./audio/ref_voice/alienkevin.wav,香港既tourism industry受到疫情嘅打擊，係時候政府要考慮如何提升local tourism，幫助業界recover from the crisis…,12.2454,kept,eval,"12.25s in [5.0, 30.0]"
4749,./audio/4749.wav,./audio/ref_voice/alienkevin.wav,我鐘意喺Citygate Outlets 買designer brands嘅衣服，折扣嘅價格比原價平好多！,8.96,kept,train,"8.96s in [5.0, 30.0]"
4750,./audio/4750.wav,./audio/ref_voice/alienkevin.wav,今日喺Mong Kok嘅Sneaker Street購入咗對新嘅running shoes，質量好好，我好滿意！,7.851,kept,train,"7.85s in [5.0, 30.0]"
4751,./audio/4751.wav,./audio/ref_voice/alienkevin.wav,我喜歡喺Ladies Street 行街買小飾品，好多choices好好玩！,6.464,kept,train,"6.46s in [5.0, 30.0]"
4752,./audio/4752.wav,./audio/ref_voice/alienkevin.wav,Langham Place嘅book store最近入咗好多新書，我準備去揀幾本睇。,6.807,kept,train,"6.81s in [5.0, 30.0]"
4753,./audio/4753.wav,./audio/ref_voice/alienkevin.wav,"Stanley Market新開咗間vintage store, 唔單止衫褲，燈飾家居裝飾都有，我買咗個檯燈俾屋企。",11.883,kept,train,"11.88s in [5.0, 30.0]"
4754,./audio/4754.wav,./audio/ref_voice/alienkevin.wav,我通常會喺IFC Mall 嘅supermarket 買餸水，食物非常fresh 而且variety 夾晒咁多！,9.152,kept,train,"9.15s in [5.0, 30.0]"
4755,./audio/4755.wav,./audio/ref_voice/alienkevin.wav,我最近喺Festival Walk嘅toy store 買咗好多lego俾我小朋友，豐富咗佢嘅玩具collection.,9.3654,kept,train,"9.37s in [5.0, 30.0]"
4756,./audio/4756.wav,./audio/ref_voice/alienkevin.wav,"我鍾意喺Causeway Bay嘅uniqlo 店估緊件新嘅down jacket, winter快黎我需要暖和d。”",9.408,kept,train,"9.41s in [5.0, 30.0]"
4757,./audio/4757.wav,./audio/ref_voice/alienkevin.wav,Tsim Sha Tsui嘅K11 都有好多好多嘅art shop ，我買咗幾幅畫裝飾屋企。,8.3627,kept,train,"8.36s in [5.0, 30.0]"
4758,./audio/4758.wav,./audio/ref_voice/alienkevin.wav,Soho區嘅boutiques 有好多飾品同手袋我喜歡，雖然平唔係好平但style好mix&match.,9.111,kept,train,"9.11s in [5.0, 30.0]"
4759,./audio/4759.wav,./audio/ref_voice/alienkevin.wav,勤奮嘅學習並唔一定要burn the midnight oil，更要懂得work smart。,6.9974,kept,eval,"7.00s in [5.0, 30.0]"
4760,./audio/4760.wav,./audio/ref_voice/alienkevin.wav,你唔需要一直hit the books，有時外面嘅世界都係一個好大嘅課堂。,7.2107,kept,train,"7.21s in [5.0, 30.0]"
4761,./audio/4761.wav,./audio/ref_voice/alienkevin.wav,學習嘅journey唔一定要崎嶇難行，你只需要keep going and never look back！,7.8934,kept,train,"7.89s in [5.0, 30.0]"
4762,./audio/4762.wav,./audio/ref_voice/alienkevin.wav,每當你覺得學習變得太hard，記住冇難度嘅事情唔會令你grow。,7.296,kept,train,"7.30s in [5.0, 30.0]"
4763,./audio/4763.wav,./audio/ref_voice/alienkevin.wav,唔好因為怕fail而放棄學習，因為failures are stepping stones to success。,7.959,kept,train,"7.96s in [5.0, 30.0]"
4764,./audio/4764.wav,./audio/ref_voice/alienkevin.wav,學新嘢唔一定要by the book，應該follow your heart and follow your passion。,7.7227,kept,train,"7.72s in [5.0, 30.0]"
4765,./audio/4765.wav,./audio/ref_voice/alienkevin.wav,學習唔係累積knowledge嘅過程，同時都係self-discovery嘅旅程。,7.04,kept,train,"7.04s in [5.0, 30.0]"
4766,./audio/4766.wav,./audio/ref_voice/alienkevin.wav,唔好因為pressure而覺得學習繁重，反而要turn pressure into motivation。,7.959,kept,train,"7.96s in [5.0, 30.0]"
4767,./audio/4767.wav,./audio/ref_voice/alienkevin.wav,務必保持curiosity，因為curiosity係drive學習嘅engine。,6.6347,kept,train,"6.63s in [5.0, 30.0]"
4768,./audio/4768.wav,./audio/ref_voice/alienkevin.wav,唔好只係copy and paste，要知道how to think not what to think。,6.8694,kept,train,"6.87s in [5.0, 30.0]"
4769,./audio/4769.wav,./audio/ref_voice/alienkevin.wav,"Career development, 事业发展，逐鹿上山，才子佳人。",7.1467,kept,eval,"7.15s in [5.0, 30.0]"
4770,./audio/4770.wav,./audio/ref_voice/alienkevin.wav,"Work-life balance, 工作生活平衡，安身立命，快乐工作。",7.7014,kept,train,"7.70s in [5.0, 30.0]"
4771,./audio/4771.wav,./audio/ref_voice/alienkevin.wav,"Job satisfaction, 工作满意度，吾将上下，求索不解。",7.168,kept,train,"7.17s in [5.0, 30.0]"
4772,./audio/4772.wav,./audio/ref_voice/alienkevin.wav,"Employee benefits, 员工福利，悠游自在，一生一世。",6.336,kept,train,"6.34s in [5.0, 30.0]"
4773,./audio/4773.wav,./audio/ref_voice/alienkevin.wav,"Team building, 团队建设，独木难支，众志成城。",7.3387,kept,train,"7.34s in [5.0, 30.0]"
4774,./audio/4774.wav,./audio/ref_voice/alienkevin.wav,"Corporate culture, 企业文化，养兵千日，用兵一时。",6.528,kept,train,"6.53s in [5.0, 30.0]"
4775,./audio/4775.wav,./audio/ref_voice/alienkevin.wav,"Performance appraisal, 绩效评估，自我超越，皆大欢喜。",6.5707,kept,train,"6.57s in [5.0, 30.0]"
4776,./audio/4776.wav,./audio/ref_voice/alienkevin.wav,"Work from Home, 在家工作，安居乐业，居家之乐。",6.528,kept,train,"6.53s in [5.0, 30.0]"
4777,./audio/4777.wav,./audio/ref_voice/alienkevin.wav,"Leadership Skills, 领导技能，悬梁刺股，春风化雨。"" ",6.807,kept,train,"6.81s in [5.0, 30.0]"
4778,./audio/4778.wav,./audio/ref_voice/alienkevin.wav,"Professional Networking, 专业联络，人瑞来往，广阔天地。"" ",7.744,kept,train,"7.74s in [5.0, 30.0]"
4779,./audio/4779.wav,./audio/ref_voice/alienkevin.wav,"Promotion Opportunities, 升职机会，矢志不渝、飞黄腾达。"" ",7.9787,kept,train,"7.98s in [5.0, 30.0]"
4780,./audio/4780.wav,./audio/ref_voice/alienkevin.wav,"Flexible Working Hours, 灵活工作时间，得心应手，不骄不躁。"" ",7.7867,kept,train,"7.79s in [5.0, 30.0]"
4781,./audio/4781.wav,./audio/ref_voice/alienkevin.wav,"Workplace Diversity, 工作场所多元化，海纳百川，无拘无束。"" ",8.384,kept,train,"8.38s in [5.0, 30.0]"
4782,./audio/4782.wav,./audio/ref_voice/alienkevin.wav,"Job Security, 工作保障，稳定可靠，无忧无虑。",6.5707,kept,train,"6.57s in [5.0, 30.0]"
4783,./audio/4783.wav,./audio/ref_voice/alienkevin.wav,"Employee Wellbeing, 员工福祉，身心健康，快乐无忧。",7.4027,kept,train,"7.40s in [5.0, 30.0]"
4784,./audio/4784.wav,./audio/ref_voice/alienkevin.wav,今天係一個good day，sunshine係好bright，我諗好適合出去walk一walk。,7.9147,kept,train,"7.91s in [5.0, 30.0]"
4785,./audio/4785.wav,./audio/ref_voice/alienkevin.wav,上網check一下weather report，話聽日有heavy rain，我哋better帶把umbrella。,7.68,kept,train,"7.68s in [5.0, 30.0]"
4786,./audio/4786.wav,./audio/ref_voice/alienkevin.wav,"適當嘅sunshine係good for health,但係咁high嘅Ultraviolet index會hurt皮膚，記得攞sunscreen。",7.616,kept,train,"7.62s in [5.0, 30.0]"
4787,./audio/4787.wav,./audio/ref_voice/alienkevin.wav,低temperature令我freeze，我鍾意夏天嘅時候較hot嘅天氣。,8.832,kept,train,"8.83s in [5.0, 30.0]"
4788,./audio/4788.wav,./audio/ref_voice/alienkevin.wav,我哋area forecast tomorrow會有大雾，會影響visibility，所以駕車嘅人要extra careful。,5.76,kept,train,"5.76s in [5.0, 30.0]"
4789,./audio/4789.wav,./audio/ref_voice/alienkevin.wav,"A bit雲cloudy，但唔阻止我哋有一個happy outing day！"" ",8.7467,kept,train,"8.75s in [5.0, 30.0]"
4790,./audio/4790.wav,./audio/ref_voice/alienkevin.wav,I love夜晚，moonshine係柔和，平靜嘅night我哋可以見到beautiful star。,6.5067,kept,train,"6.51s in [5.0, 30.0]"
4791,./audio/4791.wav,./audio/ref_voice/alienkevin.wav,如果天氣turn bad，我哋將需要cancel嘅戶外plan。,8.0214,kept,train,"8.02s in [5.0, 30.0]"
4792,./audio/4792.wav,./audio/ref_voice/alienkevin.wav,"Humidity係太高，我感覺a bit濕濕哋，好像係走入tropical雨林一樣。"" ",6.464,kept,train,"6.46s in [5.0, 30.0]"
4793,./audio/4793.wav,./audio/ref_voice/alienkevin.wav,"風暴forecast呢個weekend，better stay indoor唔好出去。"" ",5.6747,kept,train,"5.67s in [5.0, 30.0]"
4794,./audio/4794.wav,./audio/ref_voice/alienkevin.wav,看見beautiful rainbow哋時刻，我咁鍾意佢漸變嘅color，天氣turn好之後真係一個blessing。,8.9814,kept,train,"8.98s in [5.0, 30.0]"
4795,./audio/4795.wav,./audio/ref_voice/alienkevin.wav,"今晚dinner食左碗熱辣辣嘅tom yum soup, 真係一試難忘，超級好食！",7.808,kept,train,"7.81s in [5.0, 30.0]"
4796,./audio/4796.wav,./audio/ref_voice/alienkevin.wav,我order左一個pizza，加左好多cheese，每一口都好satisfying！,5.655,kept,eval,"5.65s in [5.0, 30.0]"
4797,./audio/4797.wav,./audio/ref_voice/alienkevin.wav,"今日breakfast食嘅係傳統港式蛋撻, rich and creamy, 簡直係一級棒！",7.0827,kept,train,"7.08s in [5.0, 30.0]"
4798,./audio/4798.wav,./audio/ref_voice/alienkevin.wav,我鍾意食sushi，每一片都fresh and delicious，根本stop不到口！,7.8294,kept,train,"7.83s in [5.0, 30.0]"
4799,./audio/4799.wav,./audio/ref_voice/alienkevin.wav,剛剛試食咗個new cafe嘅blueberry muffin，外皮crispy，內裡soft，真係非常lecker！,8.768,kept,train,"8.77s in [5.0, 30.0]"
4800,./audio/4800.wav,./audio/ref_voice/alienkevin.wav,每次去日本都一定會食ramen，湯底flavourful，麵條springy，實在係太完美！,7.8934,kept,train,"7.89s in [5.0, 30.0]"
4801,./audio/4801.wav,./audio/ref_voice/alienkevin.wav,食完嗰個chocolate cake，我整個人都happy起嚟，真係太good taste！,6.9974,kept,train,"7.00s in [5.0, 30.0]"
4802,./audio/4802.wav,./audio/ref_voice/alienkevin.wav,個pancake stack配咗埋maple syrup，係放工後最好嘅treat!,5.888,kept,train,"5.89s in [5.0, 30.0]"
4803,./audio/4803.wav,./audio/ref_voice/alienkevin.wav,"食煎魚夾埋馬鈴薯嘅fish and chips, 脆口之餘又juicy，實在好過癮！",8.4694,kept,train,"8.47s in [5.0, 30.0]"
4804,./audio/4804.wav,./audio/ref_voice/alienkevin.wav,我媽媽煮嘅燒鴨，meat tender，皮爽口，食過之後仲想再食！,7.5734,kept,train,"7.57s in [5.0, 30.0]"
4805,./audio/4805.wav,./audio/ref_voice/alienkevin.wav,日本嘅Kyoto，嗰度嘅ancient temples同美麗嘅gardens真係一個peaceful retreat，反映咗個city嘅historical h…,12.096,kept,train,"12.10s in [5.0, 30.0]"
4806,./audio/4806.wav,./audio/ref_voice/alienkevin.wav,巴西嘅Rio de Janeiro，個iconic嘅Christ the Redeemer真係breathtaking，俾到人一個bird's eye view…,9.536,kept,train,"9.54s in [5.0, 30.0]"
4807,./audio/4807.wav,./audio/ref_voice/alienkevin.wav,Australia嘅Great Barrier Reef，個diving experience真係unforgettable，可以直觀嘅見到海底嘅wildlif…,10.5387,kept,train,"10.54s in [5.0, 30.0]"
4808,./audio/4808.wav,./audio/ref_voice/alienkevin.wav,Italy嘅Rome，個等待望住Colosseum嘅sunset，真係一個romantic同unforgettable moment，完全reflect出咗古羅…,12.3947,kept,train,"12.39s in [5.0, 30.0]"
4809,./audio/4809.wav,./audio/ref_voice/alienkevin.wav,倫敦嘅British Museum真係一個enlightening trip，裡面嘅collection係全世界嘅history原來可以咁直觀。,9.664,kept,eval,"9.66s in [5.0, 30.0]"
4810,./audio/4810.wav,./audio/ref_voice/alienkevin.wav,美國大峽谷嘅panoramic view，真係incomparable，係全球嘅natural wonder之一，令人心靈得以relaxation。,11.072,kept,train,"11.07s in [5.0, 30.0]"
4811,./audio/4811.wav,./audio/ref_voice/alienkevin.wav,"印度尼西亚嘅Bali，個crystal clear海水同white sand beaches真係重疊我對paradise嘅想像，完美結合sun, sea同san…",10.7734,kept,train,"10.77s in [5.0, 30.0]"
4812,./audio/4812.wav,./audio/ref_voice/alienkevin.wav,法國嘅Eiffel Tower，嗰種intricate嘅metalwork同燈光show真係一個記憶中嘅landmark，就係Paris romantic cu…,11.456,kept,train,"11.46s in [5.0, 30.0]"
4813,./audio/4813.wav,./audio/ref_voice/alienkevin.wav,黎蘇格蘭嘅Edinburgh，嗰度嘅medieval streets孖埋邊邊嘅mountain landscape，真係一個unique同inspiring e…,13.8027,kept,eval,"13.80s in [5.0, 30.0]"
4814,./audio/4814.wav,./audio/ref_voice/alienkevin.wav,昨晚我去咗個party，所有嘅DJ都好有型。,4.1174,too_short,n/a,4.12s < 5.0
4815,./audio/4815.wav,./audio/ref_voice/alienkevin.wav,我嗰晚去睇咗一場live concert，嗰個氣氛好嘅high。,5.184,kept,train,"5.18s in [5.0, 30.0]"
4816,./audio/4816.wav,./audio/ref_voice/alienkevin.wav,我就鐘意翻閱一本好書，讓我去experience另一個世界嘅adventures。,6.6347,kept,train,"6.63s in [5.0, 30.0]"
4817,./audio/4817.wav,./audio/ref_voice/alienkevin.wav,我買咗最新嘅videogame，好喜歡嗰個gameplay和storyline。,5.2907,kept,train,"5.29s in [5.0, 30.0]"
4818,./audio/4818.wav,./audio/ref_voice/alienkevin.wav,話說我聽緊一個podcast，佢討論嘅topic都好吸引。,4.736,too_short,n/a,4.74s < 5.0
4819,./audio/4819.wav,./audio/ref_voice/alienkevin.wav,下個月有個comedy show，我聽話那個comedian好搞笑。,5.504,kept,train,"5.50s in [5.0, 30.0]"
4820,./audio/4820.wav,./audio/ref_voice/alienkevin.wav,今個weekend我打算watch Netflix，有咩推介嘅series?,5.1414,kept,train,"5.14s in [5.0, 30.0]"
4821,./audio/4821.wav,./audio/ref_voice/alienkevin.wav,我喜歡chill在家睇一部classic movie，好享受嗰種moment。,5.7387,kept,train,"5.74s in [5.0, 30.0]"
4822,./audio/4822.wav,./audio/ref_voice/alienkevin.wav,我鍾意去gym做運動，一邊workout一邊聽音樂，好relaxing。,5.888,kept,train,"5.89s in [5.0, 30.0]"
4823,./audio/4823.wav,./audio/ref_voice/alienkevin.wav,最近我追緊一套爛番茄高分嘅TV show，每集都好精彩。,6.016,kept,train,"6.02s in [5.0, 30.0]"
4824,./audio/4824.wav,./audio/ref_voice/alienkevin.wav,Football唔单止係體育活動，亦都係一種teamwork嘅展現。,5.3547,kept,train,"5.35s in [5.0, 30.0]"
4825,./audio/4825.wav,./audio/ref_voice/alienkevin.wav,Running可以加強cardiovascular health，仲可以減輕stress。,5.9734,kept,train,"5.97s in [5.0, 30.0]"
4826,./audio/4826.wav,./audio/ref_voice/alienkevin.wav,Yoga可以提升flexibility，讓你嘅身體變得更加健康。,5.6747,kept,train,"5.67s in [5.0, 30.0]"
4827,./audio/4827.wav,./audio/ref_voice/alienkevin.wav,Swimming除咗可以improve stamina，都可以強化lung capacity。,5.568,kept,eval,"5.57s in [5.0, 30.0]"
4828,./audio/4828.wav,./audio/ref_voice/alienkevin.wav,Basketball唔單止係about scoring，亦都係關於defense and teamwork。,6.848,kept,train,"6.85s in [5.0, 30.0]"
4829,./audio/4829.wav,./audio/ref_voice/alienkevin.wav,乒乓球唔只係table game，佢提供咗反應速度同eye-hand coordination嘅訓練。,7.4454,kept,train,"7.45s in [5.0, 30.0]"
4830,./audio/4830.wav,./audio/ref_voice/alienkevin.wav,Gym workout可以加強muscle strength，之 餘仲可以提升metabolism。,7.2107,kept,train,"7.21s in [5.0, 30.0]"
4831,./audio/4831.wav,./audio/ref_voice/alienkevin.wav,Hiking唔止可以appreciate nature，同時都可以提升你嘅endurance。,6.016,kept,train,"6.02s in [5.0, 30.0]"
4832,./audio/4832.wav,./audio/ref_voice/alienkevin.wav,武術唔單止增強身體，更可以cultivate discipline同自尊。,6.9547,kept,train,"6.95s in [5.0, 30.0]"
4833,./audio/4833.wav,./audio/ref_voice/alienkevin.wav,Dancing係個融合創造力同physical fitness嘅藝術。,5.7387,kept,train,"5.74s in [5.0, 30.0]"
4834,./audio/4834.wav,./audio/ref_voice/alienkevin.wav,Rugby係項需要strategy同team spirit嘅運動。,5.376,kept,train,"5.38s in [5.0, 30.0]"
4835,./audio/4835.wav,./audio/ref_voice/alienkevin.wav,Aerobics除咗係一種工作，仲可以幫助improve mood，尤其當你感到down嗰陣。,8.6614,kept,train,"8.66s in [5.0, 30.0]"
4836,./audio/4836.wav,./audio/ref_voice/alienkevin.wav,Tennis除咗可以improve agility同hand-eye coordination，仲可以幫助improve decision-making ski…,8.704,kept,train,"8.70s in [5.0, 30.0]"
4837,./audio/4837.wav,./audio/ref_voice/alienkevin.wav,Badminton唔單止係速度嘅遊戲，同時更係戰略嘅遊戲。,5.7387,kept,eval,"5.74s in [5.0, 30.0]"
4838,./audio/4838.wav,./audio/ref_voice/alienkevin.wav,呢一個financial year，政府公布咗新嘅budget，有增加咗公共醫療嘅funding，但係對於教育方面投放嘅資源就相對比較少。,12.5867,kept,train,"12.59s in [5.0, 30.0]"
4839,./audio/4839.wav,./audio/ref_voice/alienkevin.wav,香港嘅youth unemployment rate一直都喺高位，我哋需要更好嘅vocational training programmes去幫助年青人揾工。,10.155,kept,train,"10.15s in [5.0, 30.0]"
4840,./audio/4840.wav,./audio/ref_voice/alienkevin.wav,由於近期嘅political unrest，香港嘅international image受到嚴重影響，我哋需要透過公開dialogue去重塑大家對香港嘅信任。,12.7574,kept,train,"12.76s in [5.0, 30.0]"
4841,./audio/4841.wav,./audio/ref_voice/alienkevin.wav,Citizens都擔心政府導入嘅新security measures會侵犯到佢地嘅privacy rights，我哋必須確保所有新法律都符合human righ…,12.416,kept,train,"12.42s in [5.0, 30.0]"
4842,./audio/4842.wav,./audio/ref_voice/alienkevin.wav,由於climate change嘅威脅，政府提出咗新嘅sustainable development plan，包括增加renewable energy嘅使用以…,12.608,kept,train,"12.61s in [5.0, 30.0]"
4843,./audio/4843.wav,./audio/ref_voice/alienkevin.wav,Last year嘅traffic congestion問題越來越嚴重，政府提議導入congestion charge去嘗試解決呢個問題，但係有市民擔心呢個政策…,12.9494,kept,train,"12.95s in [5.0, 30.0]"
4844,./audio/4844.wav,./audio/ref_voice/alienkevin.wav,新嘅housing policy發表之後，好多人都質疑佢嘅feasibility，而且亦有市民質疑呢個plan是否能夠真係解決香港嘅housing crisis…,12.608,kept,train,"12.61s in [5.0, 30.0]"
4845,./audio/4845.wav,./audio/ref_voice/alienkevin.wav,政府嘅new immigration policy引起咗一片controversy，有些人認為呢個會限制佢哋嘅freedom to travel，但係政府則認為…,13.504,kept,train,"13.50s in [5.0, 30.0]"
4846,./audio/4846.wav,./audio/ref_voice/alienkevin.wav,隨著technology嘅發展，cybersecurity開始變得越來越重要，政府需要投放更多資源去預防potential cyber attacks。,11.008,kept,train,"11.01s in [5.0, 30.0]"
4847,./audio/4847.wav,./audio/ref_voice/alienkevin.wav,在保護環境方面，政府提議建立一個green city，包括提高energy efficiency，減少waste production同埋保護biodivers…,10.9654,kept,train,"10.97s in [5.0, 30.0]"
4848,./audio/4848.wav,./audio/ref_voice/alienkevin.wav,細路時我特別喜歡喺Grand Plaza嘅bookstore 揾書，好多知識吸收，簡直係knowledge的heaven！,9.024,kept,train,"9.02s in [5.0, 30.0]"
4849,./audio/4849.wav,./audio/ref_voice/alienkevin.wav,我今日喺Cityplaza嘅fashion shop買咗一條新skinny jeans，真係好fit我，我好like！,8.0,kept,train,"8.00s in [5.0, 30.0]"
4850,./audio/4850.wav,./audio/ref_voice/alienkevin.wav,Tsim Sha Tsui嘅local markets 真係好有味道，好多精緻嘅handmade商品，就如art works一樣。,8.0214,kept,train,"8.02s in [5.0, 30.0]"
4851,./audio/4851.wav,./audio/ref_voice/alienkevin.wav,老公上星期帶我去Pacific Place嘅jewelry store 俾我揀條anniversary necklace，我整個好excited！,10.0907,kept,train,"10.09s in [5.0, 30.0]"
4852,./audio/4852.wav,./audio/ref_voice/alienkevin.wav,Mong Kok嘅Sneaker Street 我最愛，有好多brands可以選擇，真係sneaker lover的paradise！,7.7654,kept,train,"7.77s in [5.0, 30.0]"
4853,./audio/4853.wav,./audio/ref_voice/alienkevin.wav,我前幾日喺Lee Gardens 嘅cosmetics shop買咗一個新嘅makeup set，我已經好期待試佢喇！,8.256,kept,train,"8.26s in [5.0, 30.0]"
4854,./audio/4854.wav,./audio/ref_voice/alienkevin.wav,"我今日喺Prince Edward嘅flower market買花，我好enjoy嗰個pleasant的atmosphere！"" ",8.1707,kept,eval,"8.17s in [5.0, 30.0]"
4855,./audio/4855.wav,./audio/ref_voice/alienkevin.wav,"我同朋友喺Elements嘅café 喝咖啡休息嘅時間，亦都喺我shopping trip部份，因為逼我讚好呢個lifestyle。""  ",10.6027,kept,train,"10.60s in [5.0, 30.0]"
4856,./audio/4856.wav,./audio/ref_voice/alienkevin.wav,我下星期打算去尖沙咀嘅luxury brand店門挑選一條新嘅handbag，我已經好期待！,8.0214,kept,eval,"8.02s in [5.0, 30.0]"
4857,./audio/4857.wav,./audio/ref_voice/alienkevin.wav,我絕對愛Harbour City嘅cosmetic shops，真係有份good shopping experience！,6.2507,kept,train,"6.25s in [5.0, 30.0]"
4858,./audio/4858.wav,./audio/ref_voice/alienkevin.wav,將挑戰變成opportunity，咁樣你就能constant進步。,6.1867,kept,train,"6.19s in [5.0, 30.0]"
4859,./audio/4859.wav,./audio/ref_voice/alienkevin.wav,記住failure唔係結束，而係step towards success。,5.547,kept,train,"5.55s in [5.0, 30.0]"
4860,./audio/4860.wav,./audio/ref_voice/alienkevin.wav,無論有幾多doubt，都要keep learning，唔好停下來。,4.971,too_short,n/a,4.97s < 5.0
4861,./audio/4861.wav,./audio/ref_voice/alienkevin.wav,每日都要keep up the momentum，即使你有doubts嘅時候都唔好低頭。,5.9307,kept,eval,"5.93s in [5.0, 30.0]"
4862,./audio/4862.wav,./audio/ref_voice/alienkevin.wav,"享受學習嘅journey, 唔好只係focus喺嘅ending嘅outcome。",5.44,kept,train,"5.44s in [5.0, 30.0]"
4863,./audio/4863.wav,./audio/ref_voice/alienkevin.wav,工作要做既要efficient，又要effective，呢點對學習都係好重要嘅。,6.912,kept,train,"6.91s in [5.0, 30.0]"
4864,./audio/4864.wav,./audio/ref_voice/alienkevin.wav,學識嘅value比光識答對枝問題更加重要。,5.2054,kept,train,"5.21s in [5.0, 30.0]"
4865,./audio/4865.wav,./audio/ref_voice/alienkevin.wav,時時keep an open mind，唔好因為自己已經識嘅知識而阻止新知識入侵。,7.275,kept,train,"7.27s in [5.0, 30.0]"
4866,./audio/4866.wav,./audio/ref_voice/alienkevin.wav,記住，學識唔係一日嘅事情，你需要time and patience.,5.7387,kept,train,"5.74s in [5.0, 30.0]"
4867,./audio/4867.wav,./audio/ref_voice/alienkevin.wav,源頭學習，追本溯源，唔好只係盲目學習surface knowledge。,6.6347,kept,train,"6.63s in [5.0, 30.0]"
4868,./audio/4868.wav,./audio/ref_voice/alienkevin.wav,Creativity就係學習嘅key，唔好只係stick to the textbook。,5.888,kept,eval,"5.89s in [5.0, 30.0]"
4869,./audio/4869.wav,./audio/ref_voice/alienkevin.wav,"Teamwork, 团队协作，共同进退，和衷共济。",5.9947,kept,eval,"5.99s in [5.0, 30.0]"
4870,./audio/4870.wav,./audio/ref_voice/alienkevin.wav,"Work-Life Balance, 工作生活平衡，劳逸结合，灵活应对。",6.784,kept,train,"6.78s in [5.0, 30.0]"
4871,./audio/4871.wav,./audio/ref_voice/alienkevin.wav,"Career Development, 事业发展，打拼进取，前途无量。",6.08,kept,train,"6.08s in [5.0, 30.0]"
4872,./audio/4872.wav,./audio/ref_voice/alienkevin.wav,"Leadership Skills, 领导技能，带队指挥，分秒必争。",6.3147,kept,train,"6.31s in [5.0, 30.0]"
4873,./audio/4873.wav,./audio/ref_voice/alienkevin.wav,"Job Satisfaction, 工作满意度，尽心尽责，满载而归。",6.0374,kept,train,"6.04s in [5.0, 30.0]"
4874,./audio/4874.wav,./audio/ref_voice/alienkevin.wav,"Problem Solving, 解决问题，斩妖除魔，泰然自若。",6.3787,kept,train,"6.38s in [5.0, 30.0]"
4875,./audio/4875.wav,./audio/ref_voice/alienkevin.wav,"Negotiation Skills, 谈判技巧，妥协让步，生意来了。",6.5707,kept,train,"6.57s in [5.0, 30.0]"
4876,./audio/4876.wav,./audio/ref_voice/alienkevin.wav,"Project Management, 项目管理，周密计划，纵横驰骋。",6.2507,kept,train,"6.25s in [5.0, 30.0]"
4877,./audio/4877.wav,./audio/ref_voice/alienkevin.wav,"Remote Work, 远程工作，自由斡旋，任我行走。",6.336,kept,train,"6.34s in [5.0, 30.0]"
4878,./audio/4878.wav,./audio/ref_voice/alienkevin.wav,"Business Meetings, 商务会议，汇聚一堂，星罗棋布。",5.9307,kept,train,"5.93s in [5.0, 30.0]"
4879,./audio/4879.wav,./audio/ref_voice/alienkevin.wav,"Customer Service, 客户服务，呼之欲出，随时待命。",5.952,kept,eval,"5.95s in [5.0, 30.0]"
4880,./audio/4880.wav,./audio/ref_voice/alienkevin.wav,"Sales Performance, 销售业绩，求真务实，硕果累累。",6.528,kept,train,"6.53s in [5.0, 30.0]"
4881,./audio/4881.wav,./audio/ref_voice/alienkevin.wav,"Time Management, 时间管理，珍惜秒钟，功夫到家。",6.0374,kept,train,"6.04s in [5.0, 30.0]"
4882,./audio/4882.wav,./audio/ref_voice/alienkevin.wav,"Employee Rights, 员工权益，小心翼翼，保护利益。",5.8027,kept,train,"5.80s in [5.0, 30.0]"
4883,./audio/4883.wav,./audio/ref_voice/alienkevin.wav,"Office Politics, 办公室政治，潜规则，深谙世故。",6.5494,kept,train,"6.55s in [5.0, 30.0]"
4884,./audio/4884.wav,./audio/ref_voice/alienkevin.wav,今朝嘅weather真係好refreshing，開窗就可以feel到微微嘅breeze。,5.7387,kept,train,"5.74s in [5.0, 30.0]"
4885,./audio/4885.wav,./audio/ref_voice/alienkevin.wav,你望下外邊，藍藍嘅sky，白雲飄飄，真係好relaxing啊。,6.2507,kept,train,"6.25s in [5.0, 30.0]"
4886,./audio/4886.wav,./audio/ref_voice/alienkevin.wav,成日嘅rain真係太annoying喇，我希望可以快啲見到sunshine。,6.0374,kept,eval,"6.04s in [5.0, 30.0]"
4887,./audio/4887.wav,./audio/ref_voice/alienkevin.wav,按照meteorological department，預報tropical cyclone可能會造成flooding，準備好嘅話會more safe。,9.0454,kept,train,"9.05s in [5.0, 30.0]"
4888,./audio/4888.wav,./audio/ref_voice/alienkevin.wav,今晚嘅temperature好似會drop到一個新低，大家記得keep warm啊。,5.4827,kept,train,"5.48s in [5.0, 30.0]"
4889,./audio/4889.wav,./audio/ref_voice/alienkevin.wav,Humidity真係太high喇，我個body好uncomfortable感覺到well sticky。,6.3574,kept,train,"6.36s in [5.0, 30.0]"
4890,./audio/4890.wav,./audio/ref_voice/alienkevin.wav,天氣forecast話tomorrow會有heavy rain，帶把umbrella就好，唔好get wet。,6.5707,kept,eval,"6.57s in [5.0, 30.0]"
4891,./audio/4891.wav,./audio/ref_voice/alienkevin.wav,天空嘅cloudy看上去可能會下雨，可能會影響outdoor activities架。,6.9547,kept,train,"6.95s in [5.0, 30.0]"
4892,./audio/4892.wav,./audio/ref_voice/alienkevin.wav,今日嘅weather definite係sunny day，你可以出去enjoy吓sunbath。,5.7814,kept,train,"5.78s in [5.0, 30.0]"
4893,./audio/4893.wav,./audio/ref_voice/alienkevin.wav,據報告，呢度可能會有thunderstorm，記得關窗門，保護好自己嘅property。,6.848,kept,train,"6.85s in [5.0, 30.0]"
4894,./audio/4894.wav,./audio/ref_voice/alienkevin.wav,明日會有big chance of snowfall，準備好woolly hat同gloves同時記得wear layers保暖。,8.256,kept,train,"8.26s in [5.0, 30.0]"
4895,./audio/4895.wav,./audio/ref_voice/alienkevin.wav,我哋個temperature跌得好low，感覺到frozen，我喺暖爐前keep warm。,6.144,kept,train,"6.14s in [5.0, 30.0]"
4896,./audio/4896.wav,./audio/ref_voice/alienkevin.wav,我望天氣report話tomorrow會有些微windy，喺海邊嘅人可能需要stay alert。,7.936,kept,train,"7.94s in [5.0, 30.0]"
4897,./audio/4897.wav,./audio/ref_voice/alienkevin.wav,Temperature跌得好急，我感到bitter cold，可能要drink some hot honey water暖吓身body。,8.704,kept,train,"8.70s in [5.0, 30.0]"
4898,./audio/4898.wav,./audio/ref_voice/alienkevin.wav,Strong wind襲嚟，記得check窗戶同門，避免任何damage。,5.9947,kept,train,"5.99s in [5.0, 30.0]"
4899,./audio/4899.wav,./audio/ref_voice/alienkevin.wav,去茶餐廳食早餐，我平時order煎兩隻蛋同麵包，加杯咖啡，簡單嘅breakfast往往最親民最好食！,9.9627,kept,train,"9.96s in [5.0, 30.0]"
4900,./audio/4900.wav,./audio/ref_voice/alienkevin.wav,我老豆炒嘅臘肉炒飯，香味充滿整個room，一口咬落去，米飯fluffy而臘肉bite後肉汁四溢，即係我心目中嘅comfort food!,13.376,kept,train,"13.38s in [5.0, 30.0]"
4901,./audio/4901.wav,./audio/ref_voice/alienkevin.wav,選擇茄子做素菜，成碟鮮紫有口感，搭上black bean醬汁，食咗都唔會厭，又健康又好味！,10.2187,kept,train,"10.22s in [5.0, 30.0]"
4902,./audio/4902.wav,./audio/ref_voice/alienkevin.wav,我的ultimate dessert一定係糖不甩，嘅黏稠度配合花生粉既香味，甜而不膩，簡直係perfect efter-meal treat!,9.856,kept,train,"9.86s in [5.0, 30.0]"
4903,./audio/4903.wav,./audio/ref_voice/alienkevin.wav,冬天最愛食嘅就係豬骨煲湯，煲咗好多時間出嚟嘅broth清甜，配上蔬菜同粗麵，滋味佳，最適合暖和身心！,11.968,kept,train,"11.97s in [5.0, 30.0]"
4904,./audio/4904.wav,./audio/ref_voice/alienkevin.wav,我朋友推薦我食佢屋企做既蝦餃，蝦仔juicy，蓮蓉餅皮薄滑透亮，一試成主顧，好食過store bought嘅！,10.944,kept,train,"10.94s in [5.0, 30.0]"
4905,./audio/4905.wav,./audio/ref_voice/alienkevin.wav,最愛飲嘅就係豆漿，無論hot或者冷，甜甜地又rich in protein，再配配粿條或者油條，其實簡簡單單最開心！,11.1574,kept,train,"11.16s in [5.0, 30.0]"
4906,./audio/4906.wav,./audio/ref_voice/alienkevin.wav,去过Italy嘅Amalfi Coast一定要试下drive嗰条著名嘅Coastal Road，嗰度嘅panoramic sea views绝对唔容错过。,10.432,kept,train,"10.43s in [5.0, 30.0]"
4907,./audio/4907.wav,./audio/ref_voice/alienkevin.wav,New Zealand嘅Fiordland National Park，嗰度嘅Hiking trails同breathtaking scenery都真係好ama…,12.6507,kept,train,"12.65s in [5.0, 30.0]"
4908,./audio/4908.wav,./audio/ref_voice/alienkevin.wav,如果你频繁咁travel，那Hong Kong嘅AIA Carnival就一定要去，嗰度嘅rides同game stalls一定会带俾你一個full day o…,11.776,kept,train,"11.78s in [5.0, 30.0]"
4909,./audio/4909.wav,./audio/ref_voice/alienkevin.wav,Japan嘅Cherry Blossom season，可以企湾仔海旁，远眺对岸的Mt Fuji，相信我，呢个view你整life都唔会忘记。,11.4987,kept,train,"11.50s in [5.0, 30.0]"
4910,./audio/4910.wav,./audio/ref_voice/alienkevin.wav,去Australia嘅Sydney，你一定好想去tau嘅那个Surfing experience，借塲Bondi Beach，搏海嘅感觉实在too cool唔试…,13.0774,kept,train,"13.08s in [5.0, 30.0]"
4911,./audio/4911.wav,./audio/ref_voice/alienkevin.wav,"阿联酋嘅Dubai，同你想象中嘅modern metropolis完全唔同,沙漠之城嘅unique charm和skyline view真系叫人难以忘怀。",11.0507,kept,train,"11.05s in [5.0, 30.0]"
4912,./audio/4912.wav,./audio/ref_voice/alienkevin.wav,UK嘅Stonehenge，个嘅mystery同historical significance，真系令人深感震撼，而且英国乡间嘅rustic charm都值得a…,11.4774,kept,train,"11.48s in [5.0, 30.0]"
4913,./audio/4913.wav,./audio/ref_voice/alienkevin.wav,去法国嘅Paris，必然要参观下Eiffel Tower，晚上嗰盅灯光秀，绝对係unforgettable experience。,8.96,kept,train,"8.96s in [5.0, 30.0]"
4914,./audio/4914.wav,./audio/ref_voice/alienkevin.wav,位于India嘅Taj Mahal，它嘅magnificent architecture同唔可言喻嘅romantic legend会令你fall in love…,10.4107,kept,train,"10.41s in [5.0, 30.0]"
4915,./audio/4915.wav,./audio/ref_voice/alienkevin.wav,来到香港，你一定要试下嗰个world-renowned Star Ferry ride，渡海之间，你可以看到Victoria Harbour两岸嘅stunnin…,13.2267,kept,train,"13.23s in [5.0, 30.0]"
4916,./audio/4916.wav,./audio/ref_voice/alienkevin.wav,我最近真係好迷Netflix嘅新drama，成日都想睇下一集。,4.992,too_short,n/a,4.99s < 5.0
4917,./audio/4917.wav,./audio/ref_voice/alienkevin.wav,跟住我去咗個live concert，嗰個band嘅performance真係太震撼啦。,5.504,kept,train,"5.50s in [5.0, 30.0]"
4918,./audio/4918.wav,./audio/ref_voice/alienkevin.wav,我啱啱飲完一杯cocktail，感覺好似喺Hawaii咁鬆弛。,4.9067,too_short,n/a,4.91s < 5.0
4919,./audio/4919.wav,./audio/ref_voice/alienkevin.wav,進戲院之前要買爆谷，唔係咁會少咗嗰種movie night嘅感覺。,5.9734,kept,train,"5.97s in [5.0, 30.0]"
4920,./audio/4920.wav,./audio/ref_voice/alienkevin.wav,聽日我哋去唱karaoke，要挑幾首hit song唱下啦。,4.9067,too_short,n/a,4.91s < 5.0
4921,./audio/4921.wav,./audio/ref_voice/alienkevin.wav,我最鍾意個game就係它嘅graphics，真係超級realistic。,5.4187,kept,train,"5.42s in [5.0, 30.0]"
4922,./audio/4922.wav,./audio/ref_voice/alienkevin.wav,尋晚我睇咗個stand-up comedy show，笑到我都成晚冇法入睡。,5.4187,kept,train,"5.42s in [5.0, 30.0]"
4923,./audio/4923.wav,./audio/ref_voice/alienkevin.wav,我最近揾咗個新嘅fitness app幫手做運動，感覺真係好有效。,6.6347,kept,train,"6.63s in [5.0, 30.0]"
4924,./audio/4924.wav,./audio/ref_voice/alienkevin.wav,我真係好鍾意個singer嘅voice，每次聽都會有新嘅感受。,5.3547,kept,train,"5.35s in [5.0, 30.0]"
4925,./audio/4925.wav,./audio/ref_voice/alienkevin.wav,我真心推薦呢本comic book，劇情同圖畫風格都好吸引。,5.7174,kept,train,"5.72s in [5.0, 30.0]"
4926,./audio/4926.wav,./audio/ref_voice/alienkevin.wav,跑步唔單止可以build up stamina，仲可以提供time for reflection。,5.888,kept,train,"5.89s in [5.0, 30.0]"
4927,./audio/4927.wav,./audio/ref_voice/alienkevin.wav,游泳不但可以improve lung capacity同cardiovascular health，同時可以幫助relax mind。,7.7654,kept,train,"7.77s in [5.0, 30.0]"
4928,./audio/4928.wav,./audio/ref_voice/alienkevin.wav,乒乓球不單止喺一項improve reflexes嘅體育，仲可以promote strategic thinking。,7.959,kept,train,"7.96s in [5.0, 30.0]"
4929,./audio/4929.wav,./audio/ref_voice/alienkevin.wav,瑜伽除咗幫助improve flexibility，仲可以幫助promote peace of mind。,6.123,kept,train,"6.12s in [5.0, 30.0]"
4930,./audio/4930.wav,./audio/ref_voice/alienkevin.wav,做gym除咗可以幫助build muscles同improve strength，仲可以幫助release stress。,7.275,kept,train,"7.27s in [5.0, 30.0]"
4931,./audio/4931.wav,./audio/ref_voice/alienkevin.wav,跳舞唔單止可以improve coordination和balance，更可以cultivate sense of rhythm。,7.2107,kept,train,"7.21s in [5.0, 30.0]"
4932,./audio/4932.wav,./audio/ref_voice/alienkevin.wav,爬山唔單止可以boost cardiovascular fitness，同時有助relieve stress同refresh mind。,7.4667,kept,train,"7.47s in [5.0, 30.0]"
4933,./audio/4933.wav,./audio/ref_voice/alienkevin.wav,籃球除咗可以improve teamwork skills，同樣可以promote leadership skills。,6.6134,kept,train,"6.61s in [5.0, 30.0]"
4934,./audio/4934.wav,./audio/ref_voice/alienkevin.wav,足球不只可以增強endurance和agility，仲可以幫助improve team coordination。,9.1307,kept,train,"9.13s in [5.0, 30.0]"
4935,./audio/4935.wav,./audio/ref_voice/alienkevin.wav,棒球除咗可以improve hand-eye coordination，仲可以提高focus和concentration。,6.5707,kept,train,"6.57s in [5.0, 30.0]"
4936,./audio/4936.wav,./audio/ref_voice/alienkevin.wav,最近嘅COVID-19疫情再次係香港爆發，令香港人的生活再次准停，政府決定實行lockdown，企圖控制疫情嘅擴散。,11.0507,kept,train,"11.05s in [5.0, 30.0]"
4937,./audio/4937.wav,./audio/ref_voice/alienkevin.wav,由於Work from home嘅政策，多數人都傾向訂購food delivery，導致垃圾量大增，成為環保問題嘅新挑戰。,9.8347,kept,train,"9.83s in [5.0, 30.0]"
4938,./audio/4938.wav,./audio/ref_voice/alienkevin.wav,商業地產market面對重大壓力，店租下降影響到商業樓值，投資者開始考慮轉投其他asset class。,11.4347,kept,train,"11.43s in [5.0, 30.0]"
4939,./audio/4939.wav,./audio/ref_voice/alienkevin.wav,香港嘅unemployment rate繼續攀升，呢個情況引起市民對未來嘅economic outlook產生憂慮。,9.4294,kept,train,"9.43s in [5.0, 30.0]"
4940,./audio/4940.wav,./audio/ref_voice/alienkevin.wav,雖然政府推動online learning，但係一部分經濟狀況較差嘅家庭缺乏適當嘅technology support，加重咗他們嘅學習困難。,12.6507,kept,train,"12.65s in [5.0, 30.0]"
4941,./audio/4941.wav,./audio/ref_voice/alienkevin.wav,本年度嘅Legislative Council選舉被延期，引發社會上對'Democracy'嘅進一步爭議。,9.088,kept,train,"9.09s in [5.0, 30.0]"
4942,./audio/4942.wav,./audio/ref_voice/alienkevin.wav,政府推出嘅Stimulus Package，以支援疫情下嘅經濟，不過有人認為配給不均，單親媽媽等弱勢社群相對受嘅援助有限。,12.48,kept,train,"12.48s in [5.0, 30.0]"
4943,./audio/4943.wav,./audio/ref_voice/alienkevin.wav,香港嘅Air pollution問題一直嚴重，社會大眾呼籲政府應採取更有力嘅法規去降低車輛嘅座椅排放，從源頭改善空氣質量。,14.6774,kept,train,"14.68s in [5.0, 30.0]"
4944,./audio/4944.wav,./audio/ref_voice/alienkevin.wav,香港近年嘅housing crisis越來越嚴重，新一代年青人負擔不起高昂嘅物業價格，試問咱這‘world class city’还能怎么令他們有'home o…,12.8214,kept,train,"12.82s in [5.0, 30.0]"
4945,./audio/4945.wav,./audio/ref_voice/alienkevin.wav,政府推出嘅新版national security law在社會上引起廣範嘅爭議。一方面，政府認為呢係保護national sovereignty嘅必要措施；噉但…,21.5467,kept,train,"21.55s in [5.0, 30.0]"
4946,./audio/4946.wav,./audio/ref_voice/alienkevin.wav,朋友講話，K11 Musea嘅designer brands買嘢就算over budget都值得，順便仲有好多Instagrammable的place去影相，真…,13.8667,kept,train,"13.87s in [5.0, 30.0]"
4947,./audio/4947.wav,./audio/ref_voice/alienkevin.wav,唔知你去過沒，上環北角嘅街頭市場好amazing，找到好多bargain和vintage物品，真係one of a kind shopping experien…,11.648,kept,train,"11.65s in [5.0, 30.0]"
4948,./audio/4948.wav,./audio/ref_voice/alienkevin.wav,前日我去Tsim Sha Tsui嘅boutique買咗條Summer dress，佢地有好多unique design同時又comfortable，我簡直in…,10.3254,kept,train,"10.33s in [5.0, 30.0]"
4949,./audio/4949.wav,./audio/ref_voice/alienkevin.wav,我意想不到Mongkok嘅sneaker shops有咁多latest drops，每次去都覺得超excited，我已經add到吓wishlist上面去啦！,11.008,kept,train,"11.01s in [5.0, 30.0]"
4950,./audio/4950.wav,./audio/ref_voice/alienkevin.wav,每次我去IFC的luxury stores，我都好喜歡揀嘅時候將所有野try on首孚，我真係enjoy咗個shopping process！,10.9014,kept,train,"10.90s in [5.0, 30.0]"
4951,./audio/4951.wav,./audio/ref_voice/alienkevin.wav,我真係要推薦香港嘅department stores，尤其係Sogo，佢哋嘅staff都超nice而且special promotions仲一直都有，我每次去都…,12.608,kept,eval,"12.61s in [5.0, 30.0]"
4952,./audio/4952.wav,./audio/ref_voice/alienkevin.wav,Festival Walk嘅bookstores真係一個不錯的hideout，有時我會pick up部小說再去咖啡店chill下，極之relax嘅Sunday …,12.2454,kept,train,"12.25s in [5.0, 30.0]"
4953,./audio/4953.wav,./audio/ref_voice/alienkevin.wav,我覺得去Victoria peak souvenir shops真係good idea，你可以一邊享受到美景一邊shopping，feeling absolut…,10.9227,kept,train,"10.92s in [5.0, 30.0]"
4954,./audio/4954.wav,./audio/ref_voice/alienkevin.wav,Langham Place嘅cinema真係很nice，每次睇戲前我都會去佢地嘅candy store 選下糖果和popcorn，呢個pre-movie rit…,11.968,kept,train,"11.97s in [5.0, 30.0]"
4955,./audio/4955.wav,./audio/ref_voice/alienkevin.wav,去Cosco我個son被佢哋嘅toy section迷倒，我每次都會帶佢去揀一個新玩具home，呢一項mommy duty令我全程笑容滿面！,12.352,kept,train,"12.35s in [5.0, 30.0]"
4956,./audio/4956.wav,./audio/ref_voice/alienkevin.wav,學嘢要有passion，呢樣係最基本嘅motivation。,4.6294,too_short,n/a,4.63s < 5.0
4957,./audio/4957.wav,./audio/ref_voice/alienkevin.wav,充足rest，學習力先會increase。,3.6054,too_short,n/a,3.61s < 5.0
4958,./audio/4958.wav,./audio/ref_voice/alienkevin.wav,追求excellence，而唔係簡單嘅proficiency。,4.395,too_short,n/a,4.39s < 5.0
4959,./audio/4959.wav,./audio/ref_voice/alienkevin.wav,唔正視errors，點樣improve自己喺學習嘅journey入面呢?,5.312,kept,train,"5.31s in [5.0, 30.0]"
4960,./audio/4960.wav,./audio/ref_voice/alienkevin.wav,主動去seek knowledge，而唔係等資訊嚟投懷送抱。,5.376,kept,eval,"5.38s in [5.0, 30.0]"
4961,./audio/4961.wav,./audio/ref_voice/alienkevin.wav,唔該appreciate failure，佢令你更加了解學習嘅過程。,5.8027,kept,train,"5.80s in [5.0, 30.0]"
4962,./audio/4962.wav,./audio/ref_voice/alienkevin.wav,"Stand up even if you fall, 因為失敗同埋挑戰都係學習嘅一部分。",6.2507,kept,train,"6.25s in [5.0, 30.0]"
4963,./audio/4963.wav,./audio/ref_voice/alienkevin.wav,學習唔應該被成績同分數define，而應該係自己嘅personal growth。,6.72,kept,train,"6.72s in [5.0, 30.0]"
4964,./audio/4964.wav,./audio/ref_voice/alienkevin.wav,學識去adapt new situation，唔好一味堅持自己嘅comfort zone。,6.08,kept,eval,"6.08s in [5.0, 30.0]"
4965,./audio/4965.wav,./audio/ref_voice/alienkevin.wav,Identify你嘅弱點，攻佢為主，日後你就會更強。,5.44,kept,train,"5.44s in [5.0, 30.0]"
4966,./audio/4966.wav,./audio/ref_voice/alienkevin.wav,學習係lifelong嘅journey，你永遠唔會學完。,4.7574,too_short,n/a,4.76s < 5.0
4967,./audio/4967.wav,./audio/ref_voice/alienkevin.wav,Set realistic goals，然後盡力嘗試去reach佢。,4.608,too_short,n/a,4.61s < 5.0
4968,./audio/4968.wav,./audio/ref_voice/alienkevin.wav,問問題好重要，因嘅呢係你向理解同知識進發嘅bridge。,6.5707,kept,train,"6.57s in [5.0, 30.0]"
4969,./audio/4969.wav,./audio/ref_voice/alienkevin.wav,學習唔係racing，利用自己嘅pace去進步才能reach to the top。,6.336,kept,eval,"6.34s in [5.0, 30.0]"
4970,./audio/4970.wav,./audio/ref_voice/alienkevin.wav,"Work Ethics, 职业道德，守规矩，诚信为本。",5.8027,kept,train,"5.80s in [5.0, 30.0]"
4971,./audio/4971.wav,./audio/ref_voice/alienkevin.wav,"Productivity, 生产力，激发潜能，努力创新。",5.7814,kept,eval,"5.78s in [5.0, 30.0]"
4972,./audio/4972.wav,./audio/ref_voice/alienkevin.wav,"Career Development, 事业发展，步步高升，仕途无限。",6.3787,kept,train,"6.38s in [5.0, 30.0]"
4973,./audio/4973.wav,./audio/ref_voice/alienkevin.wav,"Work-Life Balance, 工作生活平衡，劳逸适度，养生之道。",6.912,kept,train,"6.91s in [5.0, 30.0]"
4974,./audio/4974.wav,./audio/ref_voice/alienkevin.wav,"Professional Growth, 职业成长，立足岗位，提升自我。",6.1654,kept,train,"6.17s in [5.0, 30.0]"
4975,./audio/4975.wav,./audio/ref_voice/alienkevin.wav,"Dedication, 奉献精神，尽职尽责，无私奉献。",6.4854,kept,train,"6.49s in [5.0, 30.0]"
4976,./audio/4976.wav,./audio/ref_voice/alienkevin.wav,"Job Performance, 工作表现，尽展实力，巧运筹帷。",6.3787,kept,train,"6.38s in [5.0, 30.0]"
4977,./audio/4977.wav,./audio/ref_voice/alienkevin.wav,"Leadership, 领导力，慧眼独具，独挡一面。",5.6747,kept,train,"5.67s in [5.0, 30.0]"
4978,./audio/4978.wav,./audio/ref_voice/alienkevin.wav,"Efficiency, 效率，懈怠不坐，追求极致。",6.016,kept,train,"6.02s in [5.0, 30.0]"
4979,./audio/4979.wav,./audio/ref_voice/alienkevin.wav,"Work Environment, 工作环境，和谐共处，舒适自在。",6.3787,kept,train,"6.38s in [5.0, 30.0]"
4980,./audio/4980.wav,./audio/ref_voice/alienkevin.wav,"Success, 成功，自强不息，登峰造极。",5.4827,kept,train,"5.48s in [5.0, 30.0]"
4981,./audio/4981.wav,./audio/ref_voice/alienkevin.wav,"Responsibility, 责任，尽力而为，无尽义务。",5.76,kept,train,"5.76s in [5.0, 30.0]"
4982,./audio/4982.wav,./audio/ref_voice/alienkevin.wav,"Challenge, 挑战，迎难而上，肆志勇猛。",5.312,kept,train,"5.31s in [5.0, 30.0]"
4983,./audio/4983.wav,./audio/ref_voice/alienkevin.wav,"Opportunities, 机遇，把握机会，奋勇向前。",5.7174,kept,train,"5.72s in [5.0, 30.0]"
4984,./audio/4984.wav,./audio/ref_voice/alienkevin.wav,"Innovation, 创新，敢为人先，开创未来。",5.376,kept,train,"5.38s in [5.0, 30.0]"
4985,./audio/4985.wav,./audio/ref_voice/alienkevin.wav,"Collaboration, 合作，同心协力，共赴难关。",5.9307,kept,train,"5.93s in [5.0, 30.0]"
4986,./audio/4986.wav,./audio/ref_voice/alienkevin.wav,"According to the weather forecast, 呢個weekend將會drop to冷，大家記得戴thick嘅衣服保暖喔。",5.952,kept,train,"5.95s in [5.0, 30.0]"
4987,./audio/4987.wav,./audio/ref_voice/alienkevin.wav,"Humidity level十足高，feeling like a sauna room, 大家記得要stay hydrated，多喝水。",6.4854,kept,train,"6.49s in [5.0, 30.0]"
4988,./audio/4988.wav,./audio/ref_voice/alienkevin.wav,呢度嘅UV index攞到9 out of 10，大家出門真係要wear sunscreen，避免sunburn。,7.04,kept,train,"7.04s in [5.0, 30.0]"
4989,./audio/4989.wav,./audio/ref_voice/alienkevin.wav,"今晚嘅moonlight好明亮，如果你enjoy stargazing, 呢個是perfect time去望望星星。",6.0374,kept,train,"6.04s in [5.0, 30.0]"
4990,./audio/4990.wav,./audio/ref_voice/alienkevin.wav,"Weather report warning咗有可能會有thunderstorm, 乘出門時可以bring a umbrella.",6.5707,kept,eval,"6.57s in [5.0, 30.0]"
4991,./audio/4991.wav,./audio/ref_voice/alienkevin.wav,"观察到systems forming de可能性有typhoon, 初期可能會notice wind picking up.",7.9787,kept,eval,"7.98s in [5.0, 30.0]"
4992,./audio/4992.wav,./audio/ref_voice/alienkevin.wav,"Sunrise time係at 6:30am, 如果喺早晨起身嘅話, 我哋可以enjoy一個beautiful start to the day.",8.704,kept,train,"8.70s in [5.0, 30.0]"
4993,./audio/4993.wav,./audio/ref_voice/alienkevin.wav,"明朝有chances of rain, 大家出門的话记得带上raincoat或者umbrella。",5.3334,kept,train,"5.33s in [5.0, 30.0]"
4994,./audio/4994.wav,./audio/ref_voice/alienkevin.wav,感觉温度急降，我嘅hands都感到icy cold，可能要drink一杯hot ginger tea暖暖身。,6.5707,kept,eval,"6.57s in [5.0, 30.0]"
4995,./audio/4995.wav,./audio/ref_voice/alienkevin.wav,呢度的air quality差到hard to breathe，想步行旅行嘅朋友可能要reconsider你的plans。,6.656,kept,train,"6.66s in [5.0, 30.0]"
4996,./audio/4996.wav,./audio/ref_voice/alienkevin.wav,我最喜歡的summer dessert，就係芒果布甸，清甜嘅果味，上頭再撒上一點micronuts，每一口都是享受！,9.92,kept,train,"9.92s in [5.0, 30.0]"
4997,./audio/4997.wav,./audio/ref_voice/alienkevin.wav,去壽司店最鍾意挑選的就係海鮮丼，一大碗full of fresh raw fish同飯，真係令人開胃！,9.1307,kept,train,"9.13s in [5.0, 30.0]"
4998,./audio/4998.wav,./audio/ref_voice/alienkevin.wav,冰淇淋做嘅dessert pizza真係太創新！脆脆嘅餅皮配上軟滑厚實嘅ice cream，我覺得每一個sweet tooth都應該試試！,10.3894,kept,train,"10.39s in [5.0, 30.0]"
4999,./audio/4999.wav,./audio/ref_voice/alienkevin.wav,撈麵就係我快速lunch的首選，一碗熱湯配上springy noodles同鮮味海鮮，簡單嘅食材都能煮出爽口嘅美味！,10.368,kept,train,"10.37s in [5.0, 30.0]"
